amount,merchant_category,customer_age,customer_location,device_type,previous_transactions,is_fraud,transaction_hour,transaction_day,transaction_month,transaction_day_of_week,is_weekend,is_night,customer_avg_amount,amount_deviation,amount_ratio
92.58,fashion,18,IL,desktop,3,0,20,19,1,3,0,0,97.749972,-5.169972000000001,0.9471102360304489
186.14,fashion,48,CA,mobile,5,0,16,14,8,2,0,0,97.749972,88.39002799999999,1.9042460502776812
171.87,electronics,57,FL,tablet,1,0,4,10,12,6,1,1,97.749972,74.120028,1.7582613552230855
198.54,grocery,57,FL,desktop,0,0,8,25,10,1,0,0,97.749972,100.79002799999999,2.0311003052655576
35.85,entertainment,50,FL,tablet,2,0,3,10,2,3,0,1,97.749972,-61.899972,0.3667520194609159
16.3,entertainment,59,IL,mobile,1,0,0,17,4,2,0,1,97.749972,-81.449972,0.16675196421793387
4.62,fashion,68,CA,tablet,4,0,5,25,5,2,0,1,97.749972,-93.129972,0.047263440164837696
32.14,fuel,59,IL,tablet,4,0,3,4,11,0,0,1,97.749972,-65.609972,0.32879804478309166
331.37,electronics,45,NY,tablet,2,0,5,3,2,3,0,1,97.749972,233.620028,3.3899753609139105
198.2,fashion,28,FL,desktop,0,0,17,1,3,4,0,0,97.749972,100.45002799999999,2.0276220434352448
94.26,entertainment,53,NY,tablet,3,0,21,23,9,5,1,0,97.749972,-3.4899719999999945,0.9642969415449354
35.32,entertainment,65,TX,mobile,3,0,14,9,2,2,0,0,97.749972,-62.429972,0.36133002307836953
345.23,electronics,23,IL,tablet,2,0,0,1,5,6,1,1,97.749972,247.480028,3.531765681408424
90.46,grocery,37,FL,mobile,4,0,10,26,11,1,0,0,97.749972,-7.289972000000006,0.9254222505002635
35.93,fashion,68,CA,tablet,3,0,13,9,10,2,0,0,97.749972,-61.819972,0.36757043400922473
10.9,fashion,27,NY,tablet,5,0,6,4,4,3,0,0,97.749972,-86.849972,0.1115089822070846
37.88,entertainment,27,FL,tablet,6,0,10,15,9,3,0,0,97.749972,-59.869972,0.38751928862425367
86.45,fuel,59,NY,mobile,4,0,10,18,12,0,0,0,97.749972,-11.299971999999997,0.8843992212662811
34.88,entertainment,50,CA,mobile,1,0,0,27,6,3,0,1,97.749972,-62.869972,0.35682874306267076
195.32,entertainment,54,FL,desktop,4,0,4,26,8,5,1,1,97.749972,97.570028,1.998159119696125
297.81,electronics,21,FL,mobile,6,0,10,27,1,4,0,0,97.749972,200.060028,3.046650457898336
6.39,electronics,55,IL,tablet,1,0,18,27,12,2,0,0,97.749972,-91.359972,0.06537086204617161
55.79,fuel,42,NY,tablet,1,0,5,11,1,3,0,1,97.749972,-41.959972,0.5707418456269037
88.67,electronics,67,TX,desktop,1,0,18,28,12,5,1,0,97.749972,-9.079971999999998,0.9071102249818525
57.57,entertainment,60,FL,tablet,1,0,13,31,7,6,1,0,97.749972,-40.179972,0.5889515693267762
11.66,entertainment,60,FL,desktop,3,0,7,12,2,5,1,0,97.749972,-86.089972,0.11928392041601894
19.66,grocery,61,CA,tablet,4,0,10,15,12,6,1,0,97.749972,-78.089972,0.2011253752469067
19.27,fuel,23,NY,mobile,4,0,3,17,10,0,0,1,97.749972,-78.479972,0.19713560432390095
46.16,grocery,27,CA,mobile,1,0,16,25,12,6,1,0,97.749972,-51.589972,0.47222519437422245
18.71,fashion,50,CA,desktop,3,0,5,28,12,3,0,1,97.749972,-79.039972,0.19140670248573882
71.9,fuel,38,IL,tablet,4,0,0,2,4,5,1,1,97.749972,-25.849971999999994,0.735550075292604
1.09,electronics,53,IL,tablet,1,0,12,18,7,3,0,0,97.749972,-96.659972,0.011150898220708461
5.73,fuel,36,CA,mobile,5,0,5,6,1,4,0,1,97.749972,-92.019972,0.058618942022623376
167.11,electronics,55,TX,tablet,4,0,3,23,1,1,0,1,97.749972,69.36002800000001,1.7095656895987072
37.51,fashion,19,TX,tablet,0,0,23,9,8,2,0,1,97.749972,-60.239972,0.3837341213383251
169.31,entertainment,60,FL,desktop,1,0,11,29,6,2,0,0,97.749972,71.560028,1.7320720896772013
90.02,entertainment,54,FL,desktop,5,0,23,5,2,5,1,1,97.749972,-7.729972000000004,0.9209209704845647
121.28,fuel,43,TX,desktop,2,0,13,4,6,6,1,0,97.749972,23.530028,1.2407164552362588
38.81,electronics,60,FL,mobile,5,0,14,17,10,0,0,0,97.749972,-58.939972,0.39703335774834436
161.91,electronics,25,FL,tablet,3,0,9,28,4,4,0,0,97.749972,64.160028,1.65636874395863
1.64,entertainment,48,TX,desktop,2,0,11,24,5,4,0,0,97.749972,-96.109972,0.016777498240331996
58.46,electronics,64,IL,desktop,7,0,22,20,9,2,0,1,97.749972,-39.289972,0.5980564311767125
62.86,grocery,39,TX,tablet,4,0,19,6,9,4,0,0,97.749972,-34.889972,0.6430692313337008
336.11,fashion,38,NY,mobile,1,0,5,28,7,6,1,1,97.749972,238.360028,3.438466422901212
52.77,electronics,52,NY,mobile,0,0,13,31,5,4,0,0,97.749972,-44.979972,0.5398466964282436
29.7,electronics,55,NY,mobile,4,0,21,20,3,0,0,0,97.749972,-68.049972,0.30383640105967086
140.03,fuel,63,NY,desktop,3,0,7,6,12,2,0,0,97.749972,42.280028,1.432532364996152
13.02,fashion,35,CA,tablet,3,0,3,20,5,5,1,1,97.749972,-84.729972,0.13319696773726986
5.93,electronics,41,FL,mobile,2,0,7,11,6,1,0,0,97.749972,-91.819972,0.06066497839339557
210.23,entertainment,34,TX,mobile,7,0,15,31,1,0,0,0,97.749972,112.48002799999999,2.1506911311371923
27.73,entertainment,55,TX,mobile,2,0,0,25,12,0,0,1,97.749972,-70.019972,0.2836829428075648
23.49,grocery,45,IL,tablet,2,0,16,11,12,0,0,0,97.749972,-74.259972,0.24030697174719423
25.15,grocery,21,NY,mobile,4,0,1,4,11,0,0,1,97.749972,-72.59997200000001,0.25728907362460346
23.66,entertainment,24,CA,mobile,2,0,5,16,1,1,0,1,97.749972,-74.089972,0.2420461026623506
111.09,fashion,57,NY,mobile,3,0,18,21,11,3,0,0,97.749972,13.340028000000004,1.1364709021454156
99.08,grocery,54,NY,desktop,3,0,13,19,7,2,0,0,97.749972,1.3300279999999987,1.013606418080545
54.26,electronics,19,IL,tablet,5,0,1,5,12,3,0,1,97.749972,-43.489972,0.5550896673904964
39.55,fuel,44,IL,tablet,4,0,2,31,1,0,0,1,97.749972,-58.199972,0.40460369232020144
86.03,grocery,52,IL,desktop,4,0,10,17,9,6,1,0,97.749972,-11.719971999999999,0.8801025448876595
24.02,fuel,23,IL,desktop,1,0,16,18,2,6,1,0,97.749972,-73.729972,0.24572896812974057
24.15,entertainment,21,FL,mobile,0,0,9,11,7,1,0,0,97.749972,-73.59997200000001,0.24705889177074247
36.11,fashion,62,IL,tablet,5,0,3,28,6,1,0,1,97.749972,-61.639972,0.3694118667429197
9.1,fuel,21,FL,mobile,6,0,13,9,3,5,1,0,97.749972,-88.649972,0.09309465487013485
169.71,grocery,50,CA,tablet,6,0,1,3,7,0,0,1,97.749972,71.96002800000001,1.7361641624187458
66.56,entertainment,41,TX,tablet,1,0,20,19,1,2,0,0,97.749972,-31.189971999999997,0.6809209041929863
103.83,grocery,28,NY,mobile,2,0,20,30,9,5,1,0,97.749972,6.080027999999999,1.0621997818863849
37.6,grocery,67,FL,mobile,3,0,19,26,3,6,1,0,97.749972,-60.149972,0.3846548377051726
265.08,electronics,36,CA,desktop,4,0,7,5,4,1,0,0,97.749972,167.33002799999997,2.7118166058214666
90.09,electronics,39,NY,desktop,1,0,5,21,1,5,1,1,97.749972,-7.659971999999996,0.921637083214335
98.57,grocery,61,IL,mobile,4,0,4,28,3,3,0,1,97.749972,0.8200279999999935,1.008389025335076
30.86,fuel,18,CA,desktop,4,0,6,20,8,5,1,0,97.749972,-66.889972,0.3157034120101496
6.26,electronics,24,NY,mobile,4,0,10,6,7,3,0,0,97.749972,-91.489972,0.06404093840516968
61.12,electronics,37,TX,desktop,1,0,5,9,12,0,0,1,97.749972,-36.629972,0.6252687149079826
46.41,grocery,67,IL,tablet,2,0,15,20,9,4,0,0,97.749972,-51.339972,0.4747827398376877
89.95,fashion,24,NY,tablet,3,0,8,15,4,5,1,0,97.749972,-7.799971999999997,0.9202048577547945
128.27,fashion,46,NY,desktop,7,0,17,31,8,2,0,0,97.749972,30.52002800000001,1.312225426394747
5.72,fashion,49,IL,tablet,2,0,12,30,8,2,0,0,97.749972,-92.029972,0.058516640204084765
8.51,entertainment,44,IL,mobile,3,0,20,20,11,0,0,0,97.749972,-89.239972,0.08705884757635687
46.28,grocery,37,NY,mobile,4,0,0,4,1,1,0,1,97.749972,-51.469972,0.47345281619668583
36.37,grocery,27,CA,mobile,2,0,18,20,11,6,1,0,97.749972,-61.379972,0.37207171402492356
52.92,fuel,65,IL,mobile,2,0,0,21,4,6,1,1,97.749972,-44.829972,0.5413812237063227
36.42,fashion,44,IL,tablet,2,0,16,23,11,3,0,0,97.749972,-61.329972,0.37258322311761666
41.21,entertainment,29,TX,tablet,5,0,5,3,9,6,1,1,97.749972,-56.539972,0.4215857941976107
275.14,fuel,47,IL,tablet,2,0,2,20,8,1,0,1,97.749972,177.39002799999997,2.814732235271308
111.59,electronics,59,IL,desktop,1,0,14,15,2,2,0,0,97.749972,13.840028000000004,1.141585993072346
317.18,entertainment,53,CA,desktop,1,0,20,6,2,0,0,0,97.749972,219.430028,3.2448090804076233
267.29,electronics,60,IL,desktop,2,0,2,1,4,5,1,1,97.749972,169.540028,2.7344253077184995
40.97,grocery,20,NY,desktop,4,0,5,17,2,4,0,1,97.749972,-56.779972,0.41913055055268406
5.04,fuel,43,IL,desktop,2,0,4,23,8,1,0,1,97.749972,-92.709972,0.0515601165434593
136.81,grocery,41,IL,desktop,2,0,6,24,11,6,1,0,97.749972,39.060028,1.3995911794267197
149.11,entertainment,47,FL,mobile,4,0,1,5,2,0,0,1,97.749972,51.360028000000014,1.5254224162292098
206.89,grocery,44,TX,tablet,4,0,2,22,4,0,0,1,97.749972,109.14002799999999,2.1165223237452966
198.61,entertainment,31,IL,desktop,0,0,22,1,12,4,0,1,97.749972,100.86002800000001,2.0318164179953278
44.1,grocery,26,NY,tablet,8,0,20,31,3,3,0,0,97.749972,-53.649972,0.4511510197552689
119.41,fashion,63,IL,mobile,5,0,6,8,5,0,0,0,97.749972,21.660027999999997,1.2215860151695388
78.71,electronics,55,FL,mobile,2,0,19,22,4,5,1,0,97.749972,-19.039972000000006,0.8052176137173971
55.26,grocery,26,TX,desktop,3,0,16,3,7,6,1,0,97.749972,-42.489972,0.5653198492443573
84.61,entertainment,31,NY,mobile,2,0,5,8,5,6,1,1,97.749972,-13.139972,0.8655756866551769
5.25,fashion,41,FL,mobile,2,0,19,7,11,0,0,0,97.749972,-92.499972,0.053708454732770104
29.39,grocery,58,IL,tablet,0,0,22,26,12,1,0,1,97.749972,-68.359972,0.300665044684974
122.75,fashion,23,FL,tablet,6,0,17,24,9,1,0,0,97.749972,25.000028,1.2557548225614343
38.08,fashion,52,IL,tablet,6,0,7,10,6,5,1,0,97.749972,-59.669972,0.38956532499502583
35.26,entertainment,36,IL,mobile,4,0,4,1,7,4,0,1,97.749972,-62.489972,0.3607162121671379
119.56,entertainment,52,FL,desktop,2,0,22,8,11,4,0,1,97.749972,21.810028000000003,1.223120542447618
31.9,fashion,49,TX,desktop,2,0,0,20,5,0,0,1,97.749972,-65.84997200000001,0.326342801138165
26.2,fuel,40,FL,tablet,3,0,1,3,5,4,0,1,97.749972,-71.549972,0.2680307645711575
66.2,grocery,50,NY,tablet,2,0,13,11,3,4,0,0,97.749972,-31.549971999999997,0.6772380387255964
97.38,fashion,33,NY,tablet,0,0,7,27,10,3,0,0,97.749972,-0.3699720000000042,0.9962151089289815
41.55,fashion,23,CA,desktop,3,0,10,12,11,5,1,0,97.749972,-56.199972,0.4250640560279234
171.74,fuel,45,FL,desktop,2,0,20,7,5,6,1,0,97.749972,73.99002800000001,1.7569314315820836
37.08,grocery,44,CA,tablet,3,0,22,30,8,2,0,1,97.749972,-60.669972,0.37933514314116484
108.25,fuel,40,NY,tablet,4,0,12,30,10,6,1,0,97.749972,10.500028,1.1074171856804502
50.45,grocery,62,TX,tablet,6,0,1,11,9,0,0,1,97.749972,-47.299972,0.5161126745272862
27.9,fuel,59,NY,tablet,3,0,11,4,4,0,0,0,97.749972,-69.84997200000001,0.2854220737227211
39.91,entertainment,38,TX,mobile,6,0,21,21,12,5,1,0,97.749972,-57.839972,0.4082865577875914
49.88,grocery,30,IL,tablet,7,0,18,11,5,3,0,0,97.749972,-47.869972,0.5102814708705854
120.76,electronics,32,NY,tablet,4,0,12,22,6,3,0,0,97.749972,23.010028000000005,1.2353967606722511
12.1,fashion,66,IL,tablet,1,0,17,7,11,0,0,0,97.749972,-85.649972,0.12378520043171777
157.43,electronics,27,IL,desktop,2,0,14,21,4,4,0,0,97.749972,59.68002800000001,1.610537529253333
52.94,electronics,38,FL,desktop,2,0,17,6,8,1,0,0,97.749972,-44.809972,0.5415858273433999
196.43,fuel,21,NY,tablet,4,0,1,8,9,3,0,1,97.749972,98.68002800000001,2.009514621553911
18.0,grocery,57,FL,desktop,3,0,21,15,4,5,1,0,97.749972,-79.749972,0.1841432733694975
90.65,electronics,47,CA,mobile,3,0,21,10,10,3,0,0,97.749972,-7.099971999999994,0.9273659850524972
18.18,fashion,41,NY,tablet,1,0,16,12,3,5,1,0,97.749972,-79.569972,0.18598470610319248
5.96,fashion,40,TX,mobile,5,0,14,16,3,5,1,0,97.749972,-91.789972,0.0609718838490114
440.0,electronics,37,FL,tablet,1,0,0,10,11,6,1,1,97.749972,342.250028,4.501280015698828
117.14,entertainment,57,FL,tablet,6,0,22,5,11,5,1,1,97.749972,19.390028,1.1983635023612744
10.37,fuel,63,CA,mobile,1,0,10,8,5,0,0,0,97.749972,-87.379972,0.10608698582453828
49.94,electronics,44,TX,tablet,1,0,2,16,3,5,1,1,97.749972,-47.809972,0.510895281781817
93.06,grocery,54,NY,tablet,6,0,19,22,12,6,1,0,97.749972,-4.689971999999997,0.9520207233203022
43.17,fashion,48,CA,tablet,8,0,10,7,12,2,0,0,97.749972,-54.579972,0.4416369506311782
86.07,entertainment,52,NY,desktop,2,0,21,15,5,6,1,0,97.749972,-11.679972000000006,0.8805117521618139
258.57,fashion,21,NY,tablet,2,0,9,13,8,1,0,0,97.749972,160.82002799999998,2.6452181219528317
275.77,electronics,30,TX,desktop,0,0,13,4,1,2,0,0,97.749972,178.02002799999997,2.8211772498392405
66.76,fuel,20,TX,desktop,2,0,20,18,3,4,0,0,97.749972,-30.989971999999995,0.6829669405637586
31.92,entertainment,34,TX,mobile,2,0,14,21,4,3,0,0,97.749972,-65.829972,0.32654740477524224
50.63,fuel,61,NY,mobile,4,0,11,22,4,4,0,0,97.749972,-47.119972,0.5179541072609811
31.39,electronics,26,TX,tablet,0,0,17,10,5,4,0,0,97.749972,-66.359972,0.32112540839269593
232.05,fuel,46,TX,mobile,1,0,17,14,4,4,0,0,97.749972,134.300028,2.3739136991884386
372.43,grocery,67,NY,tablet,1,0,19,18,4,3,0,0,97.749972,274.680028,3.8100266278334423
74.54,fashion,23,CA,desktop,2,0,6,28,11,0,0,0,97.749972,-23.209971999999993,0.7625577553867969
29.8,fashion,40,TX,tablet,3,0,17,7,12,5,1,0,97.749972,-67.949972,0.304859419245057
29.15,grocery,68,FL,desktop,0,0,9,8,5,0,0,0,97.749972,-68.59997200000001,0.29820980104004735
23.84,grocery,58,FL,tablet,2,0,9,20,7,3,0,0,97.749972,-73.909972,0.2438875353960456
10.49,fashion,65,FL,tablet,7,0,5,7,8,6,1,1,97.749972,-87.259972,0.10731460764700161
1.18,entertainment,42,TX,mobile,2,0,2,27,10,4,0,1,97.749972,-96.56997199999999,0.012071614587555948
11.04,fashion,53,TX,desktop,6,0,22,21,4,4,0,1,97.749972,-86.709972,0.11294120766662513
51.97,fashion,49,CA,mobile,6,0,14,12,10,5,1,0,97.749972,-45.779972,0.5316625509451547
47.19,fashion,34,CA,desktop,3,0,9,27,7,2,0,0,97.749972,-50.559972,0.4827622816836993
246.35,grocery,54,IL,tablet,2,0,19,23,9,0,0,0,97.749972,148.600028,2.5202052996986506
96.82,fashion,40,CA,desktop,4,0,14,14,9,2,0,0,97.749972,-0.9299720000000065,0.9904862070908194
71.43,grocery,24,TX,desktop,6,1,18,23,6,6,1,0,97.749972,-26.319971999999993,0.7307418898212894
41.53,entertainment,54,NY,mobile,7,0,9,30,6,4,0,0,97.749972,-56.219972,0.4248594523908462
330.0,fashion,45,FL,mobile,4,0,1,18,11,0,0,1,97.749972,232.250028,3.375960011774121
7.5,fuel,27,FL,mobile,0,0,9,9,8,4,0,0,97.749972,-90.249972,0.07672636390395729
49.09,electronics,21,TX,desktop,0,0,9,21,9,2,0,0,97.749972,-48.659971999999996,0.5021996272060352
20.62,fuel,19,CA,mobile,1,0,7,21,11,0,0,0,97.749972,-77.129972,0.21094634982661326
319.11,fashion,54,FL,mobile,2,0,7,1,2,1,0,0,97.749972,221.360028,3.2645533313855752
147.46,grocery,36,FL,mobile,9,0,0,30,11,2,0,1,97.749972,49.71002800000001,1.508542616170339
283.59,fuel,28,TX,desktop,3,0,5,23,8,1,0,1,97.749972,185.84002799999996,2.901177271936433
19.41,fuel,45,CA,mobile,2,0,7,7,5,1,0,0,97.749972,-78.339972,0.19856782978344148
121.12,grocery,33,CA,desktop,2,0,16,6,9,1,0,0,97.749972,23.370028000000005,1.239079626139641
24.79,fuel,48,NY,mobile,6,0,12,1,4,0,0,0,97.749972,-72.959972,0.2536062081572135
163.95,fuel,61,CA,tablet,3,0,12,27,7,2,0,0,97.749972,66.20002799999999,1.6772383149405063
29.26,entertainment,64,IL,tablet,3,0,20,13,3,6,1,0,97.749972,-68.489972,0.2993351210439721
53.08,fuel,19,FL,desktop,3,0,11,23,8,4,0,0,97.749972,-44.669972,0.5430180528029405
35.28,entertainment,33,IL,mobile,1,0,0,3,6,5,1,1,97.749972,-62.469972,0.36092081580421514
56.58,grocery,27,CA,desktop,3,0,12,23,11,3,0,0,97.749972,-41.169972,0.5788236892914538
22.35,fashion,38,TX,desktop,4,0,22,14,10,0,0,1,97.749972,-75.39997199999999,0.22864456443379275
98.86,fuel,38,FL,mobile,3,0,2,5,1,4,0,1,97.749972,1.1100279999999998,1.0113557780726958
327.98,grocery,32,IL,mobile,4,0,19,5,5,6,1,0,97.749972,230.230028,3.355295044429322
37.74,grocery,39,IL,tablet,2,0,18,3,3,4,0,0,97.749972,-60.009972,0.38608706316471314
89.88,fashion,34,CA,tablet,4,0,9,6,11,6,1,0,97.749972,-7.869972000000004,0.9194887450250242
82.81,fashion,40,FL,mobile,3,0,20,20,4,2,0,0,97.749972,-14.939971999999997,0.8471613593182272
23.7,entertainment,23,CA,tablet,3,0,8,30,12,0,0,0,97.749972,-74.049972,0.24245530993650505
509.1,fashion,27,CA,desktop,3,0,13,24,2,3,0,0,97.749972,411.350028,5.208185581800621
113.2,electronics,68,FL,desktop,3,0,11,18,7,3,0,0,97.749972,15.450028000000003,1.1580565858570622
93.59,fashion,39,NY,mobile,2,0,1,7,2,0,0,1,97.749972,-4.159971999999996,0.9574427197028484
41.59,entertainment,53,FL,tablet,3,0,17,19,1,2,0,0,97.749972,-56.159971999999996,0.4254732633020779
70.99,fuel,39,FL,mobile,5,0,2,11,5,5,1,1,97.749972,-26.759972000000005,0.7262406098055904
14.52,electronics,53,IL,desktop,1,0,6,29,5,2,0,0,97.749972,-83.229972,0.1485422405180613
122.28,fuel,47,TX,tablet,1,0,23,20,11,2,0,1,97.749972,24.530028,1.2509466370901197
18.33,electronics,27,TX,mobile,2,0,23,27,4,5,1,1,97.749972,-79.419972,0.1875192333812716
23.08,electronics,27,FL,desktop,3,0,6,18,2,4,0,0,97.749972,-74.669972,0.23611259718711122
81.83,fashion,20,FL,desktop,4,0,10,12,10,3,0,0,97.749972,-15.919972000000001,0.8371357811014434
29.96,entertainment,67,FL,desktop,10,0,12,4,2,5,1,0,97.749972,-67.789972,0.30649624834167477
54.98,entertainment,33,IL,tablet,5,0,5,20,11,6,1,1,97.749972,-42.769972,0.5624553983252762
76.97,entertainment,41,CA,tablet,1,0,18,19,5,4,0,0,97.749972,-20.779972,0.7874170972916791
111.94,fuel,68,NY,desktop,3,0,3,23,2,3,0,1,97.749972,14.190027999999998,1.1451665567211973
250.34,grocery,68,TX,desktop,3,0,23,1,7,0,0,1,97.749972,152.59002800000002,2.561023725295556
38.27,electronics,66,FL,desktop,0,0,1,11,11,5,1,1,97.749972,-59.479972,0.39150905954725945
67.79,electronics,54,FL,desktop,0,0,21,12,12,1,0,0,97.749972,-29.959971999999993,0.6935040278732354
142.3,entertainment,55,CA,mobile,9,0,7,28,12,5,1,0,97.749972,44.55002800000001,1.4557548778044165
351.05,entertainment,29,CA,tablet,6,0,1,15,11,2,0,1,97.749972,253.300028,3.5913053397978945
63.73,grocery,25,TX,mobile,2,0,4,20,12,4,0,1,97.749972,-34.019972,0.6519694895465598
131.67,entertainment,23,TX,tablet,2,0,6,7,12,2,0,0,97.749972,33.92002799999999,1.347008044697874
26.04,grocery,20,CA,tablet,5,0,0,21,2,2,0,1,97.749972,-71.709972,0.2663939354745397
173.78,fashion,54,IL,mobile,4,0,21,4,4,0,0,0,97.749972,76.030028,1.77780100256396
33.21,electronics,21,NY,mobile,0,0,18,29,10,6,1,0,97.749972,-64.539972,0.33974433936672294
355.9,entertainment,18,IL,desktop,1,0,14,3,6,4,0,0,97.749972,258.15002799999996,3.64092172178912
1.92,entertainment,58,CA,desktop,1,0,13,17,9,6,1,0,97.749972,-95.829972,0.01964194915941307
9.86,fuel,27,IL,mobile,3,0,23,14,8,2,0,1,97.749972,-87.889972,0.10086959307906919
151.75,fuel,38,NY,mobile,4,0,20,23,8,2,0,0,97.749972,54.000028,1.5524300963234026
19.8,fuel,64,TX,tablet,1,0,8,15,6,3,0,0,97.749972,-77.949972,0.20255760070644727
17.0,entertainment,32,FL,mobile,1,0,12,15,7,5,1,0,97.749972,-80.749972,0.17391309151563653
70.27,entertainment,46,IL,desktop,0,0,6,26,8,4,0,0,97.749972,-27.479972000000004,0.7188748788708105
113.68,grocery,18,TX,desktop,4,0,0,14,11,0,0,1,97.749972,15.930028000000007,1.1629670731469155
270.48,electronics,24,TX,desktop,1,0,23,15,2,3,0,1,97.749972,172.730028,2.767059587832316
120.05,electronics,69,FL,desktop,5,0,22,5,7,4,0,1,97.749972,22.300027999999998,1.2281333315560097
89.36,fashion,60,TX,tablet,3,0,12,23,11,3,0,0,97.749972,-8.389972,0.9141690504610165
1.37,electronics,37,TX,tablet,1,0,1,16,7,1,0,1,97.749972,-96.379972,0.014015349139789534
104.28,fashion,19,TX,mobile,4,0,19,29,9,3,0,0,97.749972,6.5300280000000015,1.0668033637206222
23.95,entertainment,41,NY,desktop,2,0,18,16,8,1,0,0,97.749972,-73.799972,0.24501285539997028
170.26,electronics,46,TX,tablet,3,0,5,1,11,4,0,1,97.749972,72.51002799999999,1.741790762438369
77.85,entertainment,25,IL,desktop,1,0,17,17,5,1,0,0,97.749972,-19.899972000000005,0.7964196573230766
116.05,fuel,42,NY,tablet,0,0,12,10,4,2,0,0,97.749972,18.300027999999998,1.187212604140566
51.72,fuel,36,NY,tablet,4,0,6,18,5,5,1,0,97.749972,-46.029972,0.5291050054816895
166.54,fuel,35,FL,mobile,2,0,5,7,5,1,0,1,97.749972,68.79002799999999,1.7037344859420063
237.5,fuel,64,CA,desktop,4,0,17,18,12,6,1,0,97.749972,139.750028,2.4296681902919812
18.79,fashion,35,TX,tablet,4,0,21,27,11,6,1,0,97.749972,-78.959972,0.19222511703404768
192.65,electronics,56,CA,mobile,2,0,0,8,11,4,0,1,97.749972,94.900028,1.9708445341463166
14.62,fuel,62,TX,desktop,2,0,1,21,1,5,1,1,97.749972,-83.129972,0.14956525870344742
61.75,fashion,26,IL,mobile,3,0,3,19,10,2,0,1,97.749972,-35.999972,0.6317137294759151
41.36,electronics,33,NY,mobile,2,0,9,29,6,5,1,0,97.749972,-56.389972,0.42312032147568984
155.55,grocery,52,TX,mobile,2,0,19,19,10,2,0,0,97.749972,57.80002800000001,1.5913047873680743
35.58,fashion,64,NY,mobile,3,0,16,19,12,3,0,0,97.749972,-62.169972,0.3639898703603734
56.84,fuel,25,IL,tablet,2,0,19,12,9,1,0,0,97.749972,-40.909971999999996,0.5814835365734577
147.46,electronics,63,IL,tablet,0,0,12,15,1,0,0,0,97.749972,49.71002800000001,1.508542616170339
8.53,electronics,63,NY,mobile,4,0,7,18,8,3,0,0,97.749972,-89.219972,0.0872634512134341
103.08,fashion,69,CA,mobile,5,0,18,25,6,1,0,0,97.749972,5.330027999999999,1.054527145495989
43.93,grocery,18,TX,mobile,2,0,9,23,8,4,0,0,97.749972,-53.819972,0.4494118888401125
24.21,grocery,51,FL,tablet,1,0,12,15,9,3,0,0,97.749972,-73.539972,0.24767270268197417
86.9,electronics,27,CA,desktop,3,0,8,16,11,3,0,0,97.749972,-10.849971999999994,0.8890028031005186
282.11,entertainment,56,TX,desktop,2,0,6,11,10,2,0,0,97.749972,184.360028,2.886036602792719
76.48,grocery,31,FL,desktop,4,0,14,6,8,5,1,0,97.749972,-21.269971999999996,0.7824043081832872
0.01,fashion,62,FL,desktop,5,0,17,2,10,0,0,0,97.749972,-97.739972,0.00010230181853860973
44.43,fashion,33,FL,tablet,3,0,22,18,10,1,0,1,97.749972,-53.319972,0.45452697976704304
93.32,grocery,19,CA,tablet,4,0,14,25,3,0,0,0,97.749972,-4.4299720000000065,0.9546805706023059
2.36,electronics,30,CA,mobile,3,0,15,30,10,0,0,0,97.749972,-95.389972,0.024143229175111896
61.74,fuel,53,TX,desktop,3,0,6,17,8,2,0,0,97.749972,-36.009972,0.6316114276573764
7.38,electronics,39,FL,desktop,2,0,22,8,8,0,0,1,97.749972,-90.369972,0.07549874208149397
254.41,fuel,55,IL,desktop,3,0,16,16,8,4,0,0,97.749972,156.660028,2.60266056544077
220.29,fuel,63,TX,desktop,2,0,4,10,4,0,0,1,97.749972,122.54002799999999,2.253606760587034
69.24,electronics,26,TX,tablet,1,0,9,19,1,3,0,0,97.749972,-28.509972000000005,0.7083377915613337
122.09,grocery,39,IL,tablet,3,0,17,3,7,0,0,0,97.749972,24.340028000000004,1.2490029025378862
191.51,fuel,65,FL,tablet,1,0,21,14,4,3,0,0,97.749972,93.76002799999999,1.9591821268329148
108.37,fashion,18,NY,mobile,0,0,0,12,12,1,0,1,97.749972,10.620028000000005,1.1086448075029136
58.12,grocery,22,FL,desktop,1,0,2,25,1,1,0,1,97.749972,-39.629972,0.5945781693463997
171.95,entertainment,19,FL,tablet,6,0,14,10,1,0,0,0,97.749972,74.20002799999999,1.7590797697713942
0.75,fuel,47,TX,tablet,2,0,12,23,11,3,0,0,97.749972,-96.999972,0.00767263639039573
53.81,entertainment,54,IL,tablet,4,0,7,13,6,1,0,0,97.749972,-43.939972,0.550486085556259
59.28,fuel,21,IL,desktop,7,0,0,16,2,4,0,1,97.749972,-38.469972,0.6064451802968784
67.06,electronics,19,TX,mobile,5,0,22,7,4,6,1,1,97.749972,-30.689971999999997,0.6860359951199169
67.8,fashion,47,TX,tablet,7,0,19,23,8,4,0,0,97.749972,-29.949972000000002,0.6936063296917739
51.84,grocery,41,TX,mobile,1,0,20,7,2,2,0,0,97.749972,-45.909971999999996,0.5303326273041529
52.45,grocery,52,CA,desktop,0,0,22,6,10,4,0,1,97.749972,-45.299972,0.536573038235008
110.07,entertainment,41,TX,tablet,3,0,6,10,10,1,0,0,97.749972,12.320027999999994,1.1260361166544772
113.83,grocery,19,IL,tablet,4,0,2,1,4,0,0,1,97.749972,16.080028,1.1645016004249944
72.2,grocery,68,CA,desktop,4,0,18,21,12,3,0,0,97.749972,-25.549971999999997,0.7386191298487622
195.69,electronics,49,CA,mobile,2,0,8,24,8,2,0,0,97.749972,97.940028,2.0019442869820536
60.07,fuel,41,FL,tablet,2,0,0,16,6,6,1,1,97.749972,-37.679972,0.6145270239614287
321.55,fashion,52,CA,mobile,4,0,0,10,10,1,0,1,97.749972,223.800028,3.289514975108996
94.32,fashion,21,FL,desktop,3,0,9,19,2,6,1,0,97.749972,-3.4299720000000065,0.9649107524561669
171.84,fashion,35,TX,mobile,1,0,15,26,10,2,0,0,97.749972,74.090028,1.7579544497674695
45.83,fuel,68,IL,mobile,5,0,18,17,12,1,0,0,97.749972,-51.919972,0.46884923436244835
92.33,electronics,36,CA,tablet,3,0,8,7,4,4,0,0,97.749972,-5.419972000000001,0.9445526905669835
366.67,fuel,68,CA,tablet,1,0,14,10,11,3,0,0,97.749972,268.920028,3.7511007803552032
73.29,fashion,39,FL,tablet,6,0,8,20,7,5,1,0,97.749972,-24.459971999999993,0.7497700280694708
160.84,electronics,42,FL,mobile,4,0,5,8,1,6,1,1,97.749972,63.090028000000004,1.645422449374999
225.46,fuel,68,CA,desktop,3,0,10,4,5,3,0,0,97.749972,127.71002800000001,2.306496800771495
414.21,entertainment,62,CA,mobile,2,0,3,25,11,4,0,1,97.749972,316.46002799999997,4.237443625687753
61.24,grocery,21,FL,tablet,0,0,11,10,7,2,0,0,97.749972,-36.509972,0.626496336730446
329.49,fuel,28,TX,mobile,2,0,13,9,12,0,0,0,97.749972,231.740028,3.370742619028652
8.57,fuel,60,IL,tablet,5,0,23,18,6,6,1,1,97.749972,-89.17997199999999,0.08767265848758854
68.38,grocery,38,CA,tablet,2,0,18,6,4,3,0,0,97.749972,-29.369972000000004,0.6995398351670132
108.41,electronics,36,IL,desktop,4,0,16,22,9,3,0,0,97.749972,10.660027999999997,1.109054014777068
463.9,electronics,21,FL,desktop,3,1,20,5,1,4,0,0,97.749972,366.15002799999996,4.745781362006105
298.15,entertainment,38,TX,mobile,3,0,19,11,3,5,1,0,97.749972,200.40002799999996,3.0501287197286486
300.77,grocery,40,FL,desktop,7,0,10,11,12,6,1,0,97.749972,203.02002799999997,3.0769317961857645
5.32,electronics,21,NY,mobile,5,0,14,15,9,6,1,0,97.749972,-92.42997199999999,0.05442456746254038
10.96,entertainment,36,NY,desktop,2,0,14,17,11,4,0,0,97.749972,-86.789972,0.11212279311831627
128.75,grocery,64,TX,tablet,3,0,5,14,12,3,0,1,97.749972,31.000028,1.3171359136846001
8.34,fuel,55,NY,desktop,3,0,16,19,3,1,0,0,97.749972,-89.409972,0.08531971666120051
34.14,fuel,47,IL,mobile,2,0,12,16,12,4,0,0,97.749972,-63.609972,0.34925840849081363
111.16,entertainment,56,IL,desktop,2,0,7,8,3,2,0,0,97.749972,13.410027999999997,1.1371870148751857
31.15,electronics,41,CA,mobile,4,0,17,29,12,4,0,0,97.749972,-66.59997200000001,0.31867016474776927
49.91,fashion,37,NY,tablet,1,0,11,25,7,3,0,0,97.749972,-47.839972,0.5105883763262011
239.73,electronics,30,TX,mobile,2,0,14,22,6,5,1,0,97.749972,141.980028,2.452481495826091
17.95,electronics,52,IL,tablet,2,0,11,9,3,3,0,0,97.749972,-79.799972,0.18363176427680444
3.04,electronics,50,CA,desktop,4,0,14,19,11,1,0,0,97.749972,-94.709972,0.03109975283573736
20.99,fashion,56,FL,desktop,3,0,23,18,3,0,0,1,97.749972,-76.759972,0.2147315171125418
98.42,grocery,26,TX,mobile,3,0,14,28,9,5,1,0,97.749972,0.6700280000000021,1.006854498056997
58.97,grocery,20,TX,tablet,3,0,20,12,1,2,0,0,97.749972,-38.779972,0.6032738239221815
29.98,entertainment,27,CA,mobile,8,0,3,10,3,4,0,1,97.749972,-67.769972,0.30670085197875196
5.19,electronics,28,CA,mobile,1,0,22,26,9,3,0,1,97.749972,-92.559972,0.05309464382153845
35.39,grocery,28,FL,desktop,1,0,8,21,4,3,0,0,97.749972,-62.359972,0.3620461358081398
75.22,entertainment,58,CA,mobile,5,0,3,24,11,3,0,1,97.749972,-22.529972,0.7695142790474223
211.37,entertainment,53,TX,desktop,6,0,7,15,4,0,0,0,97.749972,113.620028,2.162353538450594
108.31,grocery,49,IL,desktop,6,0,16,13,5,5,1,0,97.749972,10.560028000000003,1.108030996591682
252.31,entertainment,35,CA,mobile,1,0,1,2,5,1,0,1,97.749972,154.560028,2.5811771835476622
376.36,grocery,39,CA,desktop,4,0,0,21,1,5,1,1,97.749972,278.610028,3.850231242519116
153.66,grocery,39,IL,mobile,4,0,18,16,1,6,1,0,97.749972,55.910028,1.571969743664277
239.5,entertainment,26,TX,desktop,2,0,6,18,5,5,1,0,97.749972,141.750028,2.450128553999703
56.9,fashion,66,TX,desktop,0,0,22,2,10,6,1,1,97.749972,-40.849972,0.5820973474846893
116.25,fuel,65,CA,desktop,0,0,13,16,8,2,0,0,97.749972,18.500028,1.1892586405113381
135.94,fashion,60,FL,tablet,3,0,16,13,9,2,0,0,97.749972,38.190028,1.3906909212138605
45.35,entertainment,62,NY,mobile,4,0,4,6,5,4,0,1,97.749972,-52.399972,0.46393874707259514
11.22,fuel,36,TX,desktop,3,0,16,23,1,6,1,0,97.749972,-86.529972,0.11478264040032012
172.66,electronics,47,FL,desktop,1,0,11,10,2,3,0,0,97.749972,74.910028,1.7663431988876355
109.87,electronics,19,CA,tablet,5,0,22,24,8,2,0,1,97.749972,12.120028000000005,1.123990080283705
103.63,electronics,24,CA,desktop,2,0,8,25,4,1,0,0,97.749972,5.880027999999996,1.0601537455156125
43.8,grocery,25,NY,tablet,0,0,15,12,8,4,0,0,97.749972,-53.949972,0.4480819651991106
3.74,entertainment,36,FL,tablet,2,0,1,1,12,4,0,1,97.749972,-94.009972,0.03826088013344004
25.68,entertainment,38,IL,desktop,3,0,13,1,6,5,1,0,97.749972,-72.069972,0.26271107000714977
95.47,fashion,55,IL,desktop,6,0,11,5,11,5,1,0,97.749972,-2.2799720000000008,0.976675461588107
106.93,fashion,21,TX,desktop,1,0,0,10,8,2,0,1,97.749972,9.180028000000007,1.0939133456333539
25.89,fuel,31,NY,desktop,2,0,3,26,2,6,1,1,97.749972,-71.859972,0.2648594081964606
146.61,entertainment,42,FL,desktop,3,0,0,26,9,3,0,1,97.749972,48.860028000000014,1.4998469615945573
81.25,fashion,65,FL,mobile,2,0,22,9,10,2,0,1,97.749972,-16.499972,0.8312022756262041
211.52,entertainment,39,FL,desktop,1,0,22,12,1,4,0,1,97.749972,113.77002800000001,2.163888065728673
14.54,entertainment,44,CA,desktop,4,0,17,19,11,1,0,0,97.749972,-83.209972,0.14874684415513853
25.93,fuel,65,CA,tablet,3,0,10,15,11,4,0,0,97.749972,-71.819972,0.26526861547061503
9.93,grocery,39,NY,tablet,3,0,8,12,11,1,0,0,97.749972,-87.819972,0.10158570580883945
118.4,grocery,39,IL,tablet,4,0,20,5,9,1,0,0,97.749972,20.650028000000006,1.2112535314971393
292.09,electronics,34,IL,tablet,0,0,16,12,9,1,0,0,97.749972,194.34002799999996,2.9881338176942513
163.52,fashion,34,NY,tablet,3,0,13,24,8,2,0,0,97.749972,65.77002800000001,1.6728393367433463
261.97,fuel,33,CA,mobile,3,0,18,19,4,4,0,0,97.749972,164.220028,2.6800007402559594
38.98,entertainment,20,FL,mobile,1,0,2,17,7,6,1,1,97.749972,-58.769972,0.3987724886635007
65.95,fuel,55,FL,desktop,3,0,19,5,7,4,0,0,97.749972,-31.799971999999997,0.6746804932621312
70.03,grocery,44,NY,mobile,6,0,23,6,9,2,0,1,97.749972,-27.719972,0.7164196352258839
11.27,fashion,62,NY,desktop,6,0,20,17,3,3,0,0,97.749972,-86.479972,0.11529414949301316
73.68,fashion,21,CA,tablet,1,0,1,6,10,6,1,1,97.749972,-24.069971999999993,0.7537597989924766
28.06,fuel,40,TX,tablet,3,0,12,26,1,4,0,0,97.749972,-69.689972,0.2870589028193389
8.79,grocery,61,CA,desktop,2,0,1,3,11,4,0,1,97.749972,-88.959972,0.08992329849543794
48.53,electronics,68,TX,mobile,1,0,8,12,4,2,0,0,97.749972,-49.219972,0.496470725367873
2.21,entertainment,51,FL,tablet,3,0,11,12,2,0,0,0,97.749972,-95.539972,0.02260870189703275
215.23,electronics,46,TX,tablet,3,0,5,26,2,6,1,1,97.749972,117.48002799999999,2.201842040406497
56.86,fashion,26,FL,desktop,2,0,2,7,7,4,0,1,97.749972,-40.889972,0.5816881402105349
48.42,fashion,47,FL,desktop,2,0,23,3,10,3,0,1,97.749972,-49.329972,0.49534540536394833
50.38,fashion,68,NY,desktop,1,0,1,21,5,6,1,1,97.749972,-47.369972,0.5153965617975158
64.02,fuel,41,CA,tablet,3,0,1,5,4,1,0,1,97.749972,-33.729972000000004,0.6549362422841795
117.12,electronics,53,FL,mobile,3,0,1,10,9,5,1,1,97.749972,19.370028000000005,1.1981588987241971
7.83,grocery,34,NY,desktop,1,0,17,18,1,2,0,0,97.749972,-89.919972,0.08010232391573141
5.95,electronics,31,FL,tablet,2,0,20,13,2,0,0,0,97.749972,-91.799972,0.06086958203047279
1.98,electronics,58,TX,mobile,2,0,0,16,8,4,0,1,97.749972,-95.769972,0.020255760070644727
76.69,electronics,49,FL,desktop,2,0,15,13,11,6,1,0,97.749972,-21.059972000000002,0.784552646372598
141.79,fashion,64,CA,tablet,5,0,13,3,3,4,0,0,97.749972,44.04002799999999,1.4505374850589472
19.73,entertainment,65,NY,mobile,4,0,14,7,5,6,1,0,97.749972,-78.019972,0.201841487976677
1.93,fuel,58,CA,desktop,4,0,23,6,11,2,0,1,97.749972,-95.81997199999999,0.019744250977951676
43.85,fashion,31,NY,desktop,2,0,10,11,8,3,0,0,97.749972,-53.899972,0.4485934742918037
87.13,entertainment,56,NY,tablet,6,0,11,23,1,0,0,0,97.749972,-10.619972000000004,0.8913557449269065
377.99,electronics,40,TX,desktop,6,0,20,23,11,3,0,0,97.749972,280.240028,3.866906438940909
73.15,grocery,31,FL,mobile,4,0,18,11,8,6,1,0,97.749972,-24.599971999999994,0.7483378026099302
22.3,fuel,63,TX,mobile,2,0,19,28,12,2,0,0,97.749972,-75.449972,0.2281330553410997
6.76,fashion,30,TX,tablet,3,0,5,20,7,3,0,1,97.749972,-90.989972,0.06915602933210017
64.79,entertainment,20,CA,desktop,8,0,15,2,4,1,0,0,97.749972,-32.95997199999999,0.6628134823116525
224.37,grocery,58,TX,tablet,2,0,16,5,6,0,0,0,97.749972,126.620028,2.2953459025507863
81.62,entertainment,58,NY,desktop,3,0,22,13,6,0,0,1,97.749972,-16.129971999999995,0.8349874429121327
95.95,fuel,29,NY,desktop,6,0,22,28,10,0,0,1,97.749972,-1.7999719999999968,0.9815859488779604
6.5,entertainment,61,NY,tablet,1,0,18,23,4,1,0,0,97.749972,-91.249972,0.06649618205009632
310.86,electronics,32,FL,desktop,4,0,12,29,12,4,0,0,97.749972,213.110028,3.180154331091222
53.88,grocery,58,FL,mobile,6,0,20,13,12,1,0,0,97.749972,-43.869972,0.5512021982860292
17.11,electronics,57,FL,tablet,2,0,6,28,2,0,0,0,97.749972,-80.639972,0.17503841151956123
19.81,grocery,24,FL,desktop,6,0,2,12,4,4,0,1,97.749972,-77.939972,0.20265990252498586
16.29,fuel,25,CA,desktop,4,0,18,3,2,5,1,0,97.749972,-81.459972,0.16664966239939524
5.04,fuel,54,IL,desktop,2,0,6,30,8,1,0,0,97.749972,-92.709972,0.0515601165434593
104.19,electronics,48,CA,mobile,1,0,8,28,7,6,1,0,97.749972,6.440027999999998,1.0658826473537748
28.6,fashion,60,CA,mobile,3,0,16,27,2,0,0,0,97.749972,-69.14997199999999,0.29258320102042384
113.89,fuel,44,IL,tablet,3,0,3,12,4,2,0,1,97.749972,16.140028,1.165115411336226
64.1,grocery,48,IL,tablet,1,0,6,10,6,4,0,0,97.749972,-33.649972000000005,0.6557546568324883
5.17,entertainment,63,FL,mobile,3,0,23,25,6,6,1,1,97.749972,-92.579972,0.05289004018446123
47.32,electronics,40,IL,desktop,2,0,17,9,12,5,1,0,97.749972,-50.429972,0.4840922053247012
20.94,fashion,41,NY,desktop,2,0,12,3,4,2,0,0,97.749972,-76.809972,0.21422000801984878
255.66,fashion,51,IL,desktop,3,0,17,29,10,6,1,0,97.749972,157.910028,2.615448292758096
81.88,fuel,52,TX,tablet,2,0,20,10,5,1,0,0,97.749972,-15.869972000000004,0.8376472901941364
76.83,electronics,46,CA,desktop,1,0,13,1,4,4,0,0,97.749972,-20.919972,0.7859848718321385
297.18,entertainment,51,FL,desktop,0,0,15,2,8,4,0,0,97.749972,199.430028,3.0402054433304038
33.34,fuel,61,IL,mobile,4,0,18,9,11,5,1,0,97.749972,-64.409972,0.34107426300772486
50.61,fuel,58,NY,desktop,10,0,8,6,4,5,1,0,97.749972,-47.139972,0.5177495036239038
27.77,fashion,26,IL,tablet,3,0,3,21,4,6,1,1,97.749972,-69.979972,0.28409215008171923
484.54,entertainment,53,CA,mobile,5,0,7,22,9,4,0,0,97.749972,386.790028,4.956932315469796
124.48,grocery,59,CA,desktop,6,0,4,10,5,2,0,1,97.749972,26.730028000000004,1.273453037168614
111.32,fashion,40,TX,tablet,2,0,7,17,3,6,1,0,97.749972,13.570027999999994,1.1388238439718035
227.66,fashion,54,TX,desktop,2,0,18,14,3,3,0,0,97.749972,129.910028,2.329003200849989
47.29,electronics,53,TX,tablet,1,0,8,31,3,4,0,0,97.749972,-50.459972,0.4837852998690854
132.48,fashion,37,TX,mobile,5,0,14,25,4,0,0,0,97.749972,34.73002799999999,1.3552944919995016
60.56,electronics,35,FL,desktop,4,0,1,21,11,1,0,1,97.749972,-37.189972,0.6195398130698205
187.16,fashion,19,TX,desktop,3,0,7,7,11,3,0,0,97.749972,89.410028,1.9146808357686196
81.38,fuel,56,NY,tablet,2,0,17,14,1,5,1,0,97.749972,-16.369972000000004,0.8325321992672059
113.96,electronics,53,CA,desktop,0,0,21,14,10,0,0,0,97.749972,16.210027999999994,1.1658315240659964
81.73,grocery,65,FL,desktop,6,0,7,1,11,4,0,0,97.749972,-16.019971999999996,0.8361127629160573
59.62,grocery,25,IL,mobile,1,0,7,27,10,3,0,0,97.749972,-38.129972,0.6099234421271912
98.11,fashion,25,TX,mobile,2,0,21,14,2,0,0,0,97.749972,0.3600279999999998,1.0036831416823
158.48,fashion,51,FL,desktop,1,0,18,12,5,6,1,0,97.749972,60.73002799999999,1.621279220199887
268.46,fuel,20,IL,desktop,5,0,1,21,9,3,0,1,97.749972,170.71002799999997,2.7463946204875165
44.82,electronics,36,CA,desktop,4,0,20,1,10,6,1,0,97.749972,-52.929972,0.4585167506900488
37.66,fuel,39,TX,mobile,1,0,21,14,2,1,0,0,97.749972,-60.089972,0.3852686486164042
38.53,entertainment,41,NY,desktop,1,0,8,10,9,6,1,0,97.749972,-59.219972,0.3941689068292633
78.29,grocery,53,TX,mobile,4,0,7,16,5,3,0,0,97.749972,-19.459971999999993,0.8009209373387757
18.53,grocery,35,CA,desktop,3,0,8,19,3,1,0,0,97.749972,-79.219972,0.18956526975204382
128.54,entertainment,43,IL,mobile,3,0,9,28,3,0,0,0,97.749972,30.790027999999992,1.3149875754952893
107.88,fuel,64,NY,tablet,0,0,10,23,4,6,1,0,97.749972,10.130027999999996,1.1036320183945216
108.6,fuel,42,CA,mobile,4,0,20,14,8,0,0,0,97.749972,10.850027999999995,1.1109977493293015
60.94,electronics,44,TX,mobile,4,0,5,6,8,5,1,1,97.749972,-36.809972,0.6234272821742877
128.73,entertainment,50,FL,desktop,1,0,5,18,6,5,1,1,97.749972,30.98002799999999,1.3169313100475228
266.43,electronics,68,FL,tablet,2,0,11,4,4,3,0,0,97.749972,168.680028,2.725627351324179
207.95,fuel,24,CA,mobile,7,0,22,12,11,5,1,1,97.749972,110.20002799999999,2.1273663165103893
88.23,grocery,28,FL,mobile,0,0,18,30,12,4,0,0,97.749972,-9.519971999999996,0.9026089449661536
47.87,entertainment,56,FL,tablet,2,0,21,15,5,2,0,0,97.749972,-49.879972,0.4897188053443247
76.65,grocery,51,FL,tablet,1,0,15,4,12,6,1,0,97.749972,-21.099971999999994,0.7841434390984436
7.22,fashion,19,FL,mobile,0,0,20,6,3,0,0,0,97.749972,-90.529972,0.07386191298487622
2.57,electronics,25,CA,tablet,1,0,12,9,11,3,0,0,97.749972,-95.179972,0.0262915673644227
6.44,electronics,56,IL,desktop,5,0,17,10,2,3,0,0,97.749972,-91.309972,0.06588237113886466
102.94,fuel,30,FL,mobile,2,0,6,3,2,4,0,0,97.749972,5.190027999999998,1.0530949200364486
27.34,grocery,46,TX,desktop,0,0,3,12,1,4,0,1,97.749972,-70.409972,0.279693171884559
70.46,electronics,19,NY,mobile,4,0,7,9,12,4,0,0,97.749972,-27.289972000000006,0.7208186134230441
13.07,grocery,29,CA,tablet,0,0,1,3,2,4,0,1,97.749972,-84.67997199999999,0.13370847682996292
263.82,fashion,56,CA,desktop,5,0,6,4,10,2,0,0,97.749972,166.07002799999998,2.6989265766856017
13.48,fashion,35,TX,mobile,1,0,6,2,4,5,1,0,97.749972,-84.269972,0.1379028513900459
2.45,entertainment,36,NY,mobile,3,0,22,21,8,6,1,1,97.749972,-95.299972,0.025063945541959384
31.44,entertainment,20,CA,desktop,5,0,10,28,4,3,0,0,97.749972,-66.309972,0.321636917485389
57.41,electronics,21,TX,tablet,3,1,15,27,3,0,0,0,97.749972,-40.339972,0.5873147402301584
17.98,grocery,51,CA,mobile,4,0,20,8,9,4,0,0,97.749972,-79.769972,0.1839386697324203
190.12,entertainment,59,CA,mobile,1,0,5,22,6,5,1,1,97.749972,92.370028,1.944962174056048
112.71,fuel,50,FL,mobile,6,0,6,5,12,0,0,0,97.749972,14.960027999999994,1.1530437967486702
204.54,grocery,37,FL,tablet,2,0,1,1,6,5,1,1,97.749972,106.79002799999999,2.0924813963887234
127.84,electronics,25,IL,mobile,4,0,20,3,11,4,0,0,97.749972,30.090028000000004,1.3078264481975868
91.69,electronics,35,IL,tablet,3,0,14,29,8,3,0,0,97.749972,-6.059972000000002,0.9380053741805126
13.58,fuel,32,IL,mobile,1,0,18,21,1,6,1,0,97.749972,-84.169972,0.13892586957543201
12.94,entertainment,29,CA,tablet,4,0,12,5,8,0,0,0,97.749972,-84.809972,0.132378553188961
47.7,fashion,56,FL,tablet,6,0,3,16,11,2,0,1,97.749972,-50.049972,0.48797967442916845
86.41,entertainment,48,TX,mobile,2,0,23,21,7,6,1,1,97.749972,-11.339972000000003,0.8839900139921266
10.5,electronics,43,IL,mobile,4,0,4,13,6,3,0,1,97.749972,-87.249972,0.10741690946554021
45.43,fashion,60,NY,desktop,6,0,23,22,10,6,1,1,97.749972,-52.319972,0.46475716162090397
15.0,electronics,67,CA,tablet,2,0,9,26,2,6,1,0,97.749972,-82.749972,0.15345272780791458
39.73,fashion,44,NY,mobile,3,0,11,4,6,1,0,0,97.749972,-58.019972,0.4064451250538964
40.99,fashion,24,FL,tablet,5,0,9,20,1,3,0,0,97.749972,-56.759972,0.4193351541897613
404.46,entertainment,34,TX,desktop,4,0,5,12,12,0,0,1,97.749972,306.71002799999997,4.137699352612609
144.74,fashion,69,FL,mobile,3,0,6,26,10,2,0,0,97.749972,46.99002800000001,1.4807165215278373
47.27,entertainment,44,NY,mobile,2,0,20,28,1,6,1,0,97.749972,-50.479972,0.4835806962320082
51.91,entertainment,50,CA,mobile,2,0,17,7,10,0,0,0,97.749972,-45.839972,0.5310487400339231
90.44,electronics,60,IL,mobile,6,0,5,7,7,3,0,1,97.749972,-7.309972000000002,0.9252176468631863
59.29,entertainment,61,NY,mobile,4,0,7,19,6,0,0,0,97.749972,-38.459972,0.6065474821154171
53.35,grocery,43,TX,mobile,5,0,22,15,8,3,0,1,97.749972,-44.399972,0.5457802019034829
70.91,electronics,39,FL,tablet,5,0,22,13,6,0,0,1,97.749972,-26.839972000000003,0.7254221952572816
5.8,electronics,54,IL,desktop,3,0,13,27,7,3,0,0,97.749972,-91.949972,0.05933505475239364
69.74,fuel,59,CA,mobile,4,0,23,19,6,6,1,1,97.749972,-28.009972000000005,0.7134528824882642
41.47,fuel,60,CA,tablet,3,0,23,13,8,6,1,1,97.749972,-56.279972,0.4242456414796145
75.23,entertainment,29,CA,mobile,2,0,18,9,2,4,0,0,97.749972,-22.519971999999996,0.769616580865961
42.39,fuel,62,IL,mobile,2,0,2,5,12,0,0,1,97.749972,-55.359972,0.4336574087851666
105.16,entertainment,22,CA,tablet,4,0,1,9,10,0,0,1,97.749972,7.410027999999997,1.0758059237520199
61.68,fuel,18,FL,desktop,1,0,5,6,11,6,1,1,97.749972,-36.069972,0.6309976167461447
81.37,grocery,51,NY,mobile,3,0,13,9,12,0,0,0,97.749972,-16.379971999999995,0.8324298974486674
9.37,grocery,30,FL,desktop,4,0,18,19,12,0,0,0,97.749972,-88.379972,0.0958568039706773
183.54,entertainment,23,CA,mobile,2,0,22,7,3,3,0,1,97.749972,85.79002799999999,1.8776475774576429
10.85,entertainment,39,IL,tablet,3,0,22,22,1,6,1,1,97.749972,-86.899972,0.11099747311439155
1.85,fashion,46,IL,mobile,7,0,16,4,6,1,0,0,97.749972,-95.899972,0.018925836429642802
23.05,grocery,65,FL,tablet,0,0,5,1,10,5,1,1,97.749972,-74.699972,0.23580569173149543
94.05,fashion,52,TX,desktop,2,0,7,24,4,6,1,0,97.749972,-3.6999720000000025,0.9621486033556245
20.9,entertainment,53,IL,mobile,1,0,1,29,4,4,0,1,97.749972,-76.84997200000001,0.2138108007456943
124.56,electronics,24,FL,desktop,4,0,22,16,10,2,0,1,97.749972,26.810028000000003,1.2742714517169227
10.6,electronics,49,CA,tablet,5,0,23,28,11,1,0,1,97.749972,-87.149972,0.1084399276509263
50.72,fuel,22,CA,desktop,4,0,4,25,12,2,0,1,97.749972,-47.029972,0.5188748236278286
59.61,grocery,66,CA,tablet,6,0,17,6,4,3,0,0,97.749972,-38.139972,0.6098211403086525
7.12,fuel,30,TX,mobile,2,0,20,11,3,5,1,0,97.749972,-90.629972,0.07283889479949013
109.82,electronics,53,NY,tablet,6,0,5,28,11,0,0,1,97.749972,12.070027999999994,1.123478571191012
2.61,grocery,45,TX,mobile,2,0,14,27,3,0,0,0,97.749972,-95.139972,0.02670077463857714
228.91,fuel,22,CA,tablet,4,1,0,6,5,5,1,1,97.749972,131.160028,2.341790928167315
36.78,fuel,45,IL,tablet,2,0,20,1,4,5,1,0,97.749972,-60.969972,0.3762660885850066
36.71,grocery,56,FL,tablet,0,0,23,30,12,4,0,1,97.749972,-61.039972,0.3755499758552363
26.33,grocery,36,CA,desktop,5,0,1,3,4,6,1,1,97.749972,-71.419972,0.2693606882121594
102.47,fuel,59,CA,tablet,2,0,20,28,1,5,1,0,97.749972,4.720027999999999,1.0482867345651339
50.76,grocery,53,TX,desktop,3,0,10,25,5,5,1,0,97.749972,-46.989972,0.5192840309019829
33.71,fuel,44,IL,mobile,3,0,5,12,10,3,0,1,97.749972,-64.039972,0.3448594302936534
116.68,electronics,25,FL,mobile,6,0,16,6,2,1,0,0,97.749972,18.930028000000007,1.1936576187084984
258.56,fashion,54,NY,desktop,2,0,21,20,1,3,0,0,97.749972,160.810028,2.645115820134293
135.21,fuel,54,NY,mobile,3,0,1,26,1,2,0,1,97.749972,37.46002800000001,1.3832228884605422
18.42,electronics,68,TX,tablet,1,0,7,9,2,4,0,0,97.749972,-79.329972,0.18843994974811915
40.09,entertainment,28,CA,mobile,6,0,2,24,11,6,1,1,97.749972,-57.659971999999996,0.41012799052128646
429.87,grocery,60,IL,mobile,3,0,11,28,9,3,0,0,97.749972,332.120028,4.397648273519216
137.24,entertainment,47,TX,desktop,3,0,3,22,3,2,0,1,97.749972,39.49002800000001,1.40399015762388
195.77,fuel,49,IL,mobile,1,0,13,11,7,1,0,0,97.749972,98.02002800000001,2.002762701530363
15.38,fashion,54,CA,desktop,1,0,14,2,5,1,0,0,97.749972,-82.369972,0.15734019691238177
96.26,grocery,66,TX,mobile,6,0,17,13,3,6,1,0,97.749972,-1.4899719999999945,0.9847573052526573
28.64,fashion,61,IL,mobile,3,0,19,5,10,2,0,0,97.749972,-69.109972,0.2929924082945783
156.08,fuel,53,TX,mobile,2,0,7,10,2,3,0,0,97.749972,58.33002800000001,1.5967267837506207
50.59,electronics,62,TX,desktop,3,0,20,2,7,5,1,0,97.749972,-47.159971999999996,0.5175448999868266
23.76,fuel,64,FL,tablet,4,0,6,11,5,2,0,0,97.749972,-73.989972,0.24306912084773674
42.02,electronics,39,FL,tablet,2,0,6,10,2,5,1,0,97.749972,-55.729972,0.4298722414992381
394.5,fuel,27,FL,tablet,1,0,8,20,1,4,0,0,97.749972,296.750028,4.0358067413481535
54.6,fuel,25,FL,tablet,4,0,9,20,6,1,0,0,97.749972,-43.149972,0.5585679292208091
9.55,electronics,40,IL,tablet,6,0,10,18,8,6,1,0,97.749972,-88.199972,0.09769823670437229
19.19,grocery,53,FL,desktop,3,0,0,7,6,4,0,1,97.749972,-78.559972,0.19631718977559207
52.18,entertainment,69,CA,tablet,3,0,13,29,4,5,1,0,97.749972,-45.569972,0.5338108891344655
107.5,entertainment,57,IL,desktop,3,0,23,15,3,1,0,1,97.749972,9.750028,1.0997445492900546
32.8,fashion,30,TX,tablet,3,0,20,3,10,3,0,0,97.749972,-64.949972,0.3355499648066399
12.05,grocery,21,NY,mobile,1,0,18,24,3,3,0,0,97.749972,-85.699972,0.12327369133902473
96.0,grocery,64,IL,tablet,2,0,23,15,4,4,0,1,97.749972,-1.7499719999999996,0.9820974579706534
25.69,entertainment,55,TX,desktop,5,0,12,24,2,4,0,0,97.749972,-72.059972,0.2628133718256884
17.47,electronics,55,CA,desktop,1,0,2,23,6,3,0,1,97.749972,-80.279972,0.17872127698695117
22.49,electronics,58,IL,mobile,5,0,7,19,3,6,1,0,97.749972,-75.259972,0.23007678989333327
129.19,fashion,59,NY,tablet,5,0,11,5,7,2,0,0,97.749972,31.440027999999998,1.321637193700299
26.62,fashion,66,CA,mobile,3,0,12,21,2,1,0,0,97.749972,-71.129972,0.2723274409497791
6.42,fuel,28,CA,mobile,3,0,3,16,2,4,0,1,97.749972,-91.329972,0.06567776750178744
23.56,entertainment,54,CA,mobile,4,0,8,22,2,3,0,0,97.749972,-74.189972,0.2410230844769645
170.78,electronics,67,NY,mobile,5,0,20,29,12,4,0,0,97.749972,73.030028,1.747110457002377
21.79,grocery,50,IL,desktop,0,0,22,27,11,2,0,1,97.749972,-75.959972,0.2229156625956306
128.11,fashion,29,FL,mobile,1,0,18,30,3,3,0,0,97.749972,30.360028000000014,1.3105885972981293
202.48,fuel,52,NY,desktop,3,0,17,14,11,0,0,0,97.749972,104.73002799999999,2.0714072217697694
2.42,fashion,41,FL,tablet,1,0,8,7,10,0,0,0,97.749972,-95.329972,0.024757040086343555
297.02,fashion,23,TX,mobile,1,0,15,11,1,2,0,0,97.749972,199.27002799999997,3.0385686142337858
6.99,grocery,55,CA,desktop,3,0,16,14,11,1,0,0,97.749972,-90.759972,0.0715089711584882
85.7,grocery,53,TX,tablet,3,0,1,15,10,1,0,1,97.749972,-12.049971999999997,0.8767265848758854
184.11,fuel,45,TX,desktop,3,0,8,17,6,5,1,0,97.749972,86.36002800000001,1.8834787811143439
461.61,grocery,44,IL,desktop,4,0,1,11,8,6,1,1,97.749972,363.860028,4.722354245560764
429.4,electronics,53,NY,desktop,3,0,9,28,4,6,1,0,97.749972,331.65002799999996,4.392840088047901
11.17,fashion,66,NY,tablet,4,0,5,25,10,2,0,1,97.749972,-86.579972,0.11427113130762706
157.9,entertainment,58,FL,desktop,3,0,7,10,1,2,0,0,97.749972,60.150028000000006,1.6153457147246477
87.24,fuel,40,IL,mobile,2,0,1,4,10,1,0,1,97.749972,-10.509972000000005,0.8924810649308312
56.7,fuel,38,CA,tablet,1,0,3,24,1,0,0,1,97.749972,-41.049972,0.5800513111139172
29.83,fashion,50,IL,desktop,4,0,6,16,5,3,0,0,97.749972,-67.919972,0.3051663247006728
238.62,fashion,25,CA,desktop,2,0,11,2,10,6,1,0,97.749972,140.870028,2.4411259939683054
27.86,grocery,43,FL,tablet,2,0,13,15,12,3,0,0,97.749972,-69.889972,0.2850128664485667
6.81,fuel,23,CA,desktop,3,0,21,13,7,5,1,0,97.749972,-90.939972,0.06966753842479322
43.11,fashion,26,TX,mobile,2,0,14,21,5,5,1,0,97.749972,-54.639972,0.44102313971994656
117.52,entertainment,59,NY,tablet,5,0,5,24,3,6,1,1,97.749972,19.770027999999996,1.2022509714657414
58.02,entertainment,26,FL,desktop,1,0,18,10,3,4,0,0,97.749972,-39.729972,0.5935551511610136
32.16,grocery,40,NY,desktop,4,0,8,10,12,1,0,0,97.749972,-65.589972,0.32900264842016885
112.65,electronics,35,TX,desktop,3,0,19,4,11,5,1,0,97.749972,14.900028000000006,1.1524299858374387
12.47,entertainment,54,TX,tablet,5,1,5,8,12,6,1,1,97.749972,-85.279972,0.12757036771764635
46.94,fuel,48,NY,desktop,1,0,19,20,6,3,0,0,97.749972,-50.809972,0.480204736220234
36.56,fashion,59,CA,desktop,2,0,14,4,4,0,0,0,97.749972,-61.189972,0.3740154485771572
42.74,fashion,66,CA,tablet,4,0,11,21,6,1,0,0,97.749972,-55.009972,0.437237972434018
15.85,entertainment,36,FL,mobile,4,0,10,20,4,2,0,0,97.749972,-81.899972,0.16214838238369642
68.62,fuel,60,TX,desktop,3,1,16,8,5,2,0,0,97.749972,-29.129971999999995,0.70199507881194
22.08,grocery,57,IL,desktop,2,0,20,11,12,0,0,0,97.749972,-75.669972,0.22588241533325026
7.67,entertainment,59,TX,desktop,1,0,8,18,10,1,0,0,97.749972,-90.079972,0.07846549481911366
107.6,electronics,24,NY,mobile,3,0,22,11,4,0,0,1,97.749972,9.850027999999995,1.1007675674754407
52.16,grocery,28,NY,tablet,2,0,18,9,9,0,0,0,97.749972,-45.589972,0.5336062854973883
122.58,electronics,64,TX,tablet,3,0,4,16,7,1,0,1,97.749972,24.830028,1.2540156916462781
5.25,entertainment,49,FL,tablet,2,0,10,29,5,0,0,0,97.749972,-92.499972,0.053708454732770104
226.16,electronics,21,NY,tablet,6,0,0,10,2,5,1,1,97.749972,128.410028,2.3136579280691976
100.35,electronics,33,IL,tablet,2,0,4,16,7,6,1,1,97.749972,2.6000279999999947,1.0265987490349486
172.18,fashion,34,FL,tablet,1,0,1,21,5,5,1,1,97.749972,74.43002800000001,1.7614327115977824
239.67,fuel,38,IL,desktop,2,0,0,11,8,6,1,1,97.749972,141.920028,2.451867684914859
133.72,electronics,58,NY,desktop,5,0,19,22,8,3,0,0,97.749972,35.970028,1.3679799174982892
25.4,fuel,24,IL,tablet,6,1,6,9,12,4,0,0,97.749972,-72.34997200000001,0.2598466190880687
4.28,grocery,32,FL,tablet,1,0,17,19,10,3,0,0,97.749972,-93.469972,0.043785178334524964
149.81,fuel,56,FL,mobile,6,0,18,17,3,4,0,0,97.749972,52.060028,1.5325835435269124
114.91,grocery,33,TX,desktop,3,0,7,19,2,5,1,0,97.749972,17.160027999999997,1.1755501968271644
163.13,grocery,67,TX,tablet,2,0,15,8,6,3,0,0,97.749972,65.380028,1.6688495658203404
96.39,electronics,30,IL,desktop,2,0,7,16,5,1,0,0,97.749972,-1.359971999999999,0.9860872288936592
59.18,entertainment,22,NY,desktop,2,0,18,30,5,3,0,0,97.749972,-38.569972,0.6054221621114924
94.53,entertainment,65,NY,desktop,2,0,22,30,6,6,1,1,97.749972,-3.2199719999999985,0.9670590906454778
77.11,electronics,18,TX,desktop,3,0,19,24,1,0,0,0,97.749972,-20.639972,0.7888493227512196
148.34,entertainment,48,TX,tablet,5,0,10,22,10,1,0,0,97.749972,50.590028000000004,1.5175451762017367
141.28,fashion,61,CA,desktop,2,0,22,9,11,5,1,1,97.749972,43.530028,1.4453200923134781
53.15,grocery,48,CA,tablet,3,1,13,9,6,4,0,0,97.749972,-44.599972,0.5437341655327107
67.9,fashion,62,IL,tablet,0,0,1,28,6,4,0,1,97.749972,-29.849971999999994,0.6946293478771601
84.77,fuel,45,NY,mobile,0,0,11,21,2,1,0,0,97.749972,-12.979972000000004,0.8672125157517946
47.98,entertainment,46,CA,tablet,3,0,20,14,5,1,0,0,97.749972,-49.769972,0.49084412534824945
101.45,electronics,25,IL,mobile,1,0,14,17,1,2,0,0,97.749972,3.700028000000003,1.0378519490741958
127.28,grocery,45,FL,tablet,3,0,6,21,6,2,0,0,97.749972,29.530028,1.3020975463594247
89.47,fuel,30,FL,desktop,4,0,16,12,8,4,0,0,97.749972,-8.279972,0.9152943704649412
205.66,fuel,61,TX,tablet,2,0,15,28,5,6,1,0,97.749972,107.910028,2.1039392000650476
252.62,fashion,61,NY,tablet,3,0,13,8,8,1,0,0,97.749972,154.870028,2.584348539922359
4.91,electronics,28,FL,desktop,2,0,21,28,5,5,1,0,97.749972,-92.839972,0.05023019290245738
51.67,fashion,50,IL,tablet,2,0,12,2,7,1,0,0,97.749972,-46.079972,0.5285934963889964
97.66,grocery,58,FL,mobile,6,0,8,25,4,3,0,0,97.749972,-0.08997200000000305,0.9990795598480625
300.5,fuel,21,FL,mobile,3,0,18,21,8,2,0,0,97.749972,202.750028,3.0741696470852222
0.3,electronics,20,NY,mobile,2,0,14,28,7,3,0,0,97.749972,-97.449972,0.0030690545561582916
21.06,electronics,21,TX,tablet,3,0,13,13,8,1,0,0,97.749972,-76.689972,0.21544762984231208
111.25,entertainment,24,IL,desktop,4,0,12,22,11,1,0,0,97.749972,13.500028,1.1381077312420331
111.66,entertainment,32,NY,desktop,4,0,19,19,5,4,0,0,97.749972,13.910027999999997,1.142302105802116
79.5,fashion,53,TX,desktop,3,0,21,21,6,1,0,0,97.749972,-18.249972,0.8132994573819473
206.8,electronics,38,IL,tablet,3,0,4,24,4,0,0,1,97.749972,109.05002800000001,2.115601607378449
294.65,fuel,31,NY,desktop,3,0,22,8,2,3,0,1,97.749972,196.90002799999996,3.0143230832401353
251.59,entertainment,59,FL,tablet,3,0,15,13,12,1,0,0,97.749972,153.84002800000002,2.5738114526128824
232.04,fuel,39,TX,tablet,5,0,4,21,11,3,0,1,97.749972,134.290028,2.3738113973699
22.15,entertainment,50,CA,tablet,3,0,16,11,3,0,0,0,97.749972,-75.59997200000001,0.22659852806302053
22.46,electronics,59,NY,tablet,5,0,7,29,6,2,0,0,97.749972,-75.289972,0.22976988443771745
322.81,electronics,68,FL,tablet,3,1,23,26,5,6,1,1,97.749972,225.060028,3.3024050042448607
269.94,entertainment,66,CA,mobile,2,0,18,11,5,5,1,0,97.749972,172.19002799999998,2.761535289631231
126.7,electronics,36,TX,mobile,3,0,3,28,5,5,1,1,97.749972,28.950028000000003,1.2961640408841852
33.63,fuel,35,FL,desktop,3,1,4,17,6,4,0,1,97.749972,-64.11997199999999,0.3440410157453445
102.44,fuel,35,IL,desktop,5,0,5,6,10,6,1,1,97.749972,4.690027999999998,1.047979829109518
264.88,entertainment,20,IL,desktop,3,0,22,26,8,5,1,1,97.749972,167.13002799999998,2.7097705694506944
11.7,electronics,52,IL,mobile,0,0,1,19,8,5,1,1,97.749972,-86.049972,0.11969312769017337
5.25,electronics,39,IL,tablet,3,0,1,23,6,3,0,1,97.749972,-92.499972,0.053708454732770104
94.02,fashion,18,FL,tablet,5,0,2,12,8,4,0,1,97.749972,-3.7299720000000036,0.9618416979000086
24.12,fashion,52,TX,mobile,4,0,13,20,9,2,0,0,97.749972,-73.629972,0.24675198631512668
119.04,entertainment,40,NY,desktop,5,0,9,12,6,0,0,0,97.749972,21.290028000000007,1.2178008478836102
4.12,grocery,25,CA,mobile,2,0,14,2,9,5,1,0,97.749972,-93.629972,0.04214834923790721
45.03,grocery,38,CA,mobile,2,0,1,26,11,6,1,1,97.749972,-52.719972,0.46066508887935964
196.36,fuel,38,TX,mobile,2,0,0,28,2,0,0,1,97.749972,98.61002800000001,2.0087985088241407
53.23,electronics,18,CA,mobile,3,0,15,10,2,5,1,0,97.749972,-44.519972,0.5445525800810196
484.83,grocery,20,IL,mobile,3,0,11,14,4,4,0,0,97.749972,387.08002799999997,4.959899068207415
113.13,fashion,24,IL,tablet,1,0,20,7,11,3,0,0,97.749972,15.380027999999996,1.1573404731272918
258.62,grocery,48,NY,tablet,4,0,3,15,11,1,0,1,97.749972,160.870028,2.645729631045525
20.07,grocery,38,CA,desktop,1,0,17,19,8,5,1,0,97.749972,-77.67997199999999,0.20531974980698972
126.75,fuel,25,TX,desktop,2,0,9,8,9,3,0,0,97.749972,29.000028,1.2966755499768783
109.01,electronics,34,NY,mobile,1,0,2,19,7,4,0,1,97.749972,11.260028000000005,1.1151921238893847
350.36,grocery,38,TX,tablet,1,0,19,20,5,4,0,0,97.749972,252.610028,3.5842465143187305
99.14,fuel,25,NY,desktop,2,0,17,3,3,6,1,0,97.749972,1.390028000000001,1.0142202289917768
202.54,electronics,69,TX,desktop,4,0,20,12,2,0,0,0,97.749972,104.79002799999999,2.0720210326810014
68.75,fuel,47,FL,tablet,3,0,5,26,7,2,0,1,97.749972,-28.999972,0.7033250024529418
164.42,entertainment,29,FL,desktop,2,0,1,17,10,0,0,1,97.749972,66.67002799999999,1.682046500411821
24.76,grocery,66,CA,tablet,3,0,8,30,9,5,1,0,97.749972,-72.989972,0.25329930270159773
13.16,fashion,58,TX,tablet,7,0,21,26,11,1,0,0,97.749972,-84.589972,0.1346291931968104
4.29,electronics,22,TX,mobile,2,0,14,18,7,1,0,0,97.749972,-93.459972,0.043887480153063575
151.58,fashion,26,FL,desktop,3,0,22,2,7,5,1,1,97.749972,53.83002800000001,1.5506909654082464
4.18,electronics,54,IL,mobile,4,0,16,25,11,5,1,0,97.749972,-93.569972,0.04276216014913886
94.41,fashion,37,TX,desktop,5,0,6,10,3,6,1,0,97.749972,-3.339972000000003,0.9658314688230144
4.99,entertainment,65,TX,mobile,6,0,23,20,5,5,1,1,97.749972,-92.759972,0.051048607450766254
83.11,fuel,58,FL,desktop,3,0,23,18,3,0,0,1,97.749972,-14.639972,0.8502304138743855
11.37,fashion,46,NY,tablet,3,0,23,23,7,5,1,1,97.749972,-86.379972,0.11631716767839925
109.8,entertainment,19,NY,desktop,5,0,6,16,5,0,0,0,97.749972,12.050027999999998,1.1232739675539347
10.82,electronics,67,FL,tablet,9,0,9,28,5,5,1,0,97.749972,-86.92997199999999,0.11069056765877573
104.79,entertainment,34,FL,desktop,1,0,18,25,10,4,0,0,97.749972,7.040028000000007,1.0720207564660913
135.62,grocery,54,FL,desktop,1,0,8,17,12,1,0,0,97.749972,37.870028000000005,1.3874172630206252
195.98,fuel,31,FL,tablet,3,0,18,12,12,0,0,0,97.749972,98.23002799999999,2.004911039719673
3.16,grocery,35,NY,desktop,3,0,19,13,12,4,0,0,97.749972,-94.589972,0.032327374658200674
62.31,electronics,55,IL,tablet,5,0,12,14,6,1,0,0,97.749972,-35.439972,0.6374426313140772
49.94,entertainment,60,NY,desktop,1,0,6,2,4,5,1,0,97.749972,-47.809972,0.510895281781817
76.04,entertainment,35,NY,desktop,5,0,1,11,11,0,0,1,97.749972,-21.709971999999993,0.7779030281675884
4.25,grocery,42,NY,desktop,0,0,13,6,4,5,1,0,97.749972,-93.499972,0.04347827287890913
1.58,grocery,55,CA,mobile,2,0,9,24,2,5,1,0,97.749972,-96.169972,0.016163687329100337
39.78,electronics,31,TX,tablet,6,0,19,7,1,6,1,0,97.749972,-57.969972,0.4069566341465895
28.28,grocery,32,IL,desktop,1,0,15,12,9,0,0,0,97.749972,-69.469972,0.2893095428271883
184.27,fashion,42,FL,mobile,3,0,7,23,2,4,0,0,97.749972,86.52002800000001,1.8851156102109616
9.97,fuel,29,NY,mobile,1,1,10,15,4,4,0,0,97.749972,-87.779972,0.10199491308299391
16.79,grocery,65,FL,tablet,1,0,2,8,1,5,1,1,97.749972,-80.959972,0.17176475332632574
52.85,grocery,35,CA,mobile,2,0,6,8,11,4,0,0,97.749972,-44.899972,0.5406651109765525
61.48,fashion,30,TX,tablet,3,0,16,12,3,5,1,0,97.749972,-36.269972,0.6289515803753726
101.64,fuel,48,IL,tablet,3,0,6,9,9,5,1,0,97.749972,3.890028000000001,1.0397956836264293
97.72,fuel,60,NY,desktop,2,1,20,6,12,1,0,0,97.749972,-0.029972000000000776,0.9996933707592942
223.97,electronics,46,FL,tablet,1,0,12,25,2,6,1,0,97.749972,126.220028,2.291253829809242
110.75,grocery,33,IL,mobile,3,0,14,20,5,0,0,0,97.749972,13.000028,1.1329926403151027
1.63,entertainment,18,IL,mobile,3,0,3,16,2,2,0,1,97.749972,-96.119972,0.016675196421793385
91.78,fashion,45,IL,mobile,4,0,13,22,3,2,0,0,97.749972,-5.9699719999999985,0.9389260905473601
297.75,fuel,65,CA,mobile,1,0,17,11,11,5,1,0,97.749972,200.000028,3.0460366469871047
116.16,fashion,33,FL,tablet,3,0,6,4,10,2,0,0,97.749972,18.410027999999997,1.1883379241444905
14.04,entertainment,23,FL,mobile,4,0,5,1,4,5,1,1,97.749972,-83.709972,0.14363175322820804
74.54,grocery,30,CA,desktop,3,0,5,1,6,2,0,1,97.749972,-23.209971999999993,0.7625577553867969
12.16,grocery,50,TX,tablet,7,0,20,8,12,4,0,0,97.749972,-85.589972,0.12439901134294944
64.55,electronics,25,TX,mobile,1,0,4,26,1,2,0,1,97.749972,-33.199972,0.6603582386667257
58.37,grocery,38,TX,desktop,5,0,20,10,11,6,1,0,97.749972,-39.379972,0.5971357148098649
30.45,fashion,26,IL,desktop,4,0,16,12,1,4,0,0,97.749972,-67.299972,0.31150903745006664
56.12,grocery,40,CA,tablet,2,1,12,5,4,4,0,0,97.749972,-41.629972,0.5741178056386778
11.19,entertainment,55,IL,mobile,4,0,6,8,10,5,1,0,97.749972,-86.559972,0.11447573494470428
163.81,entertainment,42,IL,tablet,0,0,19,29,6,2,0,0,97.749972,66.060028,1.6758060894809659
69.11,fuel,34,IL,desktop,2,0,1,8,8,1,0,1,97.749972,-28.639972,0.7070078679203318
133.73,electronics,36,IL,desktop,2,0,23,25,5,5,1,1,97.749972,35.98002799999999,1.3680822193168278
116.14,fuel,28,TX,tablet,3,0,7,8,9,3,0,0,97.749972,18.390028,1.1881333205074134
110.27,fashion,26,FL,tablet,4,0,9,13,1,3,0,0,97.749972,12.520027999999996,1.1280821530252494
177.93,grocery,45,FL,mobile,4,0,21,17,1,0,0,0,97.749972,80.18002800000001,1.820256257257483
100.37,fashion,20,NY,desktop,0,0,1,9,2,3,0,1,97.749972,2.620028000000005,1.026803352672026
49.6,entertainment,48,TX,tablet,3,0,3,5,11,5,1,1,97.749972,-48.149972,0.5074170199515042
228.2,fuel,33,IL,desktop,3,0,20,8,5,6,1,0,97.749972,130.45002799999997,2.334527499051074
242.56,entertainment,58,TX,desktop,4,0,7,5,8,0,0,0,97.749972,144.810028,2.4814329104725177
6.46,fuel,53,NY,tablet,0,0,3,13,3,2,0,1,97.749972,-91.289972,0.06608697477594189
203.1,entertainment,56,TX,desktop,1,0,12,19,5,3,0,0,97.749972,105.350028,2.0777499345191637
75.4,grocery,52,NY,desktop,3,0,23,22,1,6,1,1,97.749972,-22.349971999999994,0.7713557117811174
78.5,fuel,44,NY,mobile,1,0,13,26,4,2,0,0,97.749972,-19.249972,0.8030692755280864
59.36,entertainment,48,FL,tablet,3,0,15,17,9,1,0,0,97.749972,-38.389972,0.6072635948451873
21.32,fuel,34,CA,tablet,2,0,11,30,10,6,1,0,97.749972,-76.42997199999999,0.21810747712431594
92.02,entertainment,19,TX,tablet,2,0,4,18,4,1,0,1,97.749972,-5.729972000000004,0.9413813341922866
2.87,electronics,58,CA,mobile,1,0,6,4,6,5,1,0,97.749972,-94.879972,0.029360621920580993
8.69,fashion,69,FL,tablet,3,0,23,23,10,2,0,1,97.749972,-89.059972,0.08890028031005184
133.51,entertainment,54,NY,mobile,8,0,3,21,8,0,0,1,97.749972,35.76002799999999,1.3658315793089784
197.41,entertainment,31,IL,tablet,3,0,10,18,8,3,0,0,97.749972,99.660028,2.0195401997706948
194.95,entertainment,62,TX,mobile,2,0,22,4,2,5,1,1,97.749972,97.20002799999999,1.9943739524101964
50.17,entertainment,54,TX,tablet,2,0,0,9,6,6,1,1,97.749972,-47.579972,0.513248223608205
131.26,grocery,58,CA,tablet,3,0,14,13,8,6,1,0,97.749972,33.51002799999999,1.3428136701377913
127.53,fashion,62,FL,mobile,4,0,13,28,9,2,0,0,97.749972,29.780028,1.3046550918228899
436.43,grocery,69,NY,desktop,2,0,14,3,8,3,0,0,97.749972,338.680028,4.464758266480544
28.57,entertainment,23,TX,desktop,1,0,2,25,6,6,1,1,97.749972,-69.17997199999999,0.292276295564808
203.95,grocery,26,NY,mobile,2,0,20,30,9,5,1,0,97.749972,106.20002799999999,2.086445589094945
197.59,fashion,21,FL,desktop,2,0,14,15,2,1,0,0,97.749972,99.840028,2.0213816325043896
119.8,fuel,34,NY,mobile,2,0,16,21,6,1,0,0,97.749972,22.050027999999998,1.2255757860925445
78.31,fuel,63,TX,desktop,3,0,21,8,8,0,0,0,97.749972,-19.439971999999997,0.8011255409758528
35.84,fuel,41,NY,desktop,3,0,18,19,7,4,0,0,97.749972,-61.909971999999996,0.3666497176423773
46.36,electronics,63,IL,desktop,1,0,12,13,8,1,0,0,97.749972,-51.389972,0.47427123074499467
36.23,fashion,34,TX,mobile,1,0,20,9,4,1,0,0,97.749972,-61.519972,0.37063948856538304
246.51,grocery,22,TX,mobile,4,0,11,30,5,1,0,0,97.749972,148.76002799999998,2.521842128795268
32.02,grocery,39,IL,mobile,7,0,19,27,7,3,0,0,97.749972,-65.729972,0.3275704229606284
6.04,electronics,48,CA,desktop,1,0,6,22,7,0,0,0,97.749972,-91.709972,0.061790298397320274
16.45,electronics,66,CA,tablet,4,0,1,17,3,6,1,1,97.749972,-81.299972,0.168286491496013
48.06,electronics,23,TX,mobile,4,0,7,18,9,6,1,0,97.749972,-49.689972,0.4916625398965584
126.05,grocery,60,IL,tablet,3,0,21,25,9,2,0,0,97.749972,28.300027999999998,1.2895144226791755
24.52,grocery,37,NY,tablet,2,0,8,28,1,6,1,0,97.749972,-73.229972,0.25084405905667106
5.94,grocery,35,CA,desktop,5,0,9,26,8,0,0,0,97.749972,-91.809972,0.060767280211934185
25.78,fashion,42,TX,mobile,3,0,11,10,2,5,1,0,97.749972,-71.969972,0.2637340881925359
24.86,fashion,18,NY,tablet,7,0,8,2,6,4,0,0,97.749972,-72.889972,0.25432232088698375
149.27,fashion,37,NY,tablet,6,0,6,30,3,5,1,0,97.749972,51.52002800000001,1.5270592453258276
41.87,electronics,65,TX,desktop,2,0,2,13,7,2,0,1,97.749972,-55.879972,0.4283377142211589
15.58,entertainment,31,TX,mobile,1,0,1,21,1,6,1,1,97.749972,-82.169972,0.15938623328315396
173.03,entertainment,43,TX,tablet,3,0,5,8,9,4,0,1,97.749972,75.280028,1.770128366173564
175.98,grocery,68,CA,mobile,1,0,2,6,5,0,0,1,97.749972,78.23002799999999,1.800307402642454
61.8,fuel,68,NY,mobile,3,0,3,17,10,3,0,1,97.749972,-35.949972,0.6322252385686081
22.27,fashion,20,FL,mobile,3,0,15,14,12,5,1,0,97.749972,-75.479972,0.22782614988548386
396.27,electronics,36,FL,desktop,4,0,21,8,4,5,1,0,97.749972,298.52002799999997,4.0539141632294875
163.52,fuel,34,CA,mobile,2,0,10,27,3,2,0,0,97.749972,65.77002800000001,1.6728393367433463
129.89,entertainment,31,CA,desktop,4,0,22,14,7,3,0,1,97.749972,32.14002799999999,1.3287983209980017
11.54,fuel,54,IL,desktop,3,0,15,17,9,1,0,0,97.749972,-86.209972,0.11805629859355561
237.73,entertainment,46,NY,tablet,3,0,9,4,10,4,0,0,97.749972,139.980028,2.432021132118369
46.14,grocery,25,NY,desktop,6,0,20,13,5,0,0,0,97.749972,-51.609972,0.4720205907371453
239.98,fashion,26,NY,tablet,7,0,23,23,9,0,0,1,97.749972,142.230028,2.455039041289556
35.66,grocery,36,NY,tablet,2,0,21,27,9,2,0,0,97.749972,-62.089972,0.3648082849086823
381.01,electronics,60,IL,mobile,0,0,13,29,6,2,0,0,97.749972,283.260028,3.8978015881395693
42.81,grocery,69,IL,tablet,8,0,19,30,11,3,0,0,97.749972,-54.939972,0.43795408516378825
51.04,electronics,65,FL,desktop,3,0,0,11,1,1,0,1,97.749972,-46.709972,0.522148481821064
33.31,grocery,22,CA,mobile,0,0,14,9,4,5,1,0,97.749972,-64.439972,0.340767357552109
176.99,grocery,56,CA,mobile,2,0,19,22,1,0,0,0,97.749972,79.24002800000001,1.8106398863148536
143.52,fuel,37,NY,tablet,0,0,13,17,11,6,1,0,97.749972,45.77002800000001,1.468235699666127
147.85,fuel,23,FL,desktop,2,0,4,5,10,3,0,1,97.749972,50.100027999999995,1.5125323870933447
140.22,fashion,69,IL,tablet,3,0,21,13,11,2,0,0,97.749972,42.470028,1.4344760995483856
79.65,fashion,42,NY,mobile,2,0,22,15,3,2,0,1,97.749972,-18.099971999999994,0.8148339846600265
32.91,electronics,49,NY,desktop,0,0,9,30,5,3,0,0,97.749972,-64.839972,0.3366752848105646
95.48,grocery,33,TX,desktop,3,0,9,27,5,4,0,0,97.749972,-2.2699719999999957,0.9767777634066457
58.31,entertainment,56,NY,tablet,2,0,1,30,6,6,1,1,97.749972,-39.439972,0.5965219038986334
24.56,fashion,50,CA,tablet,3,0,4,1,4,0,0,1,97.749972,-73.189972,0.25125326633082545
1.67,fuel,23,CA,tablet,3,0,22,7,1,5,1,1,97.749972,-96.079972,0.017084403695947825
19.21,fuel,54,CA,mobile,4,0,20,28,11,0,0,0,97.749972,-78.539972,0.1965217934126693
223.0,fuel,57,TX,desktop,5,0,2,1,8,0,0,1,97.749972,125.250028,2.281330553410997
25.81,fashion,63,FL,mobile,1,0,6,28,1,5,1,0,97.749972,-71.939972,0.2640409936481517
579.24,grocery,54,TX,mobile,2,0,17,19,3,6,1,0,97.749972,481.490028,5.92573053703043
130.65,fashion,32,NY,tablet,1,0,16,19,8,0,0,0,97.749972,32.900028000000006,1.3365732592069361
166.16,fashion,67,TX,tablet,3,0,8,2,4,5,1,0,97.749972,68.410028,1.6998470168375392
375.58,fuel,38,IL,tablet,2,0,10,23,10,0,0,0,97.749972,277.83002799999997,3.842251700673104
78.48,grocery,58,FL,tablet,4,0,12,12,8,4,0,0,97.749972,-19.269971999999996,0.8028646718910092
53.33,grocery,63,NY,mobile,3,0,23,20,12,4,0,1,97.749972,-44.419972,0.5455755982664057
14.48,electronics,55,CA,desktop,4,0,7,27,1,3,0,0,97.749972,-83.269972,0.1481330332439069
13.62,fuel,58,NY,desktop,0,0,0,3,8,2,0,1,97.749972,-84.129972,0.13933507684958643
145.61,fuel,18,TX,desktop,3,0,2,26,3,6,1,1,97.749972,47.860028000000014,1.4896167797406963
49.61,fuel,22,CA,mobile,2,0,10,20,1,5,1,0,97.749972,-48.139972,0.5075193217700429
83.2,grocery,63,CA,desktop,1,0,0,8,7,5,1,1,97.749972,-14.549971999999997,0.851151130241233
275.66,entertainment,23,FL,mobile,4,0,17,18,12,2,0,0,97.749972,177.910028,2.820051929835316
29.2,grocery,46,IL,tablet,5,0,2,13,4,3,0,1,97.749972,-68.549972,0.2987213101327404
24.58,electronics,40,TX,tablet,4,0,3,24,8,2,0,1,97.749972,-73.169972,0.2514578699679027
46.0,grocery,61,CA,tablet,0,0,1,19,2,0,0,1,97.749972,-51.749972,0.4705883652776047
162.52,fashion,41,IL,desktop,1,0,12,1,4,0,0,0,97.749972,64.77002800000001,1.6626091548894855
13.9,electronics,41,IL,mobile,3,0,15,5,9,1,0,0,97.749972,-83.849972,0.1421995277686675
87.54,grocery,29,IL,tablet,6,0,1,6,12,1,0,1,97.749972,-10.209971999999993,0.8955501194869896
112.95,grocery,29,NY,mobile,1,0,3,28,5,6,1,1,97.749972,15.200028000000003,1.155499040393597
100.29,fuel,63,CA,tablet,5,0,15,24,9,6,1,0,97.749972,2.5400280000000066,1.025984938123717
246.32,fuel,48,CA,tablet,5,0,13,20,11,2,0,0,97.749972,148.57002799999998,2.5198983942430346
18.35,electronics,55,CA,mobile,2,1,14,28,11,0,0,0,97.749972,-79.39997199999999,0.18772383701834885
55.31,fashion,53,NY,tablet,5,0,17,19,12,3,0,0,97.749972,-42.439972,0.5658313583370504
54.21,fuel,19,CA,mobile,2,0,13,23,10,0,0,0,97.749972,-43.539972,0.5545781582978033
87.42,fuel,57,IL,tablet,0,1,10,16,5,0,0,0,97.749972,-10.329971999999998,0.8943224976645262
105.08,entertainment,48,FL,desktop,1,0,3,24,4,6,1,1,97.749972,7.330027999999999,1.074987509203711
155.56,entertainment,55,CA,desktop,1,0,7,25,10,2,0,0,97.749972,57.810028,1.591407089186613
174.47,fashion,67,CA,tablet,3,0,0,13,11,2,0,1,97.749972,76.720028,1.7848598280431238
6.47,fuel,25,IL,desktop,1,0,12,20,3,2,0,0,97.749972,-91.279972,0.0661892765944805
95.04,entertainment,66,NY,tablet,0,0,10,12,12,1,0,0,97.749972,-2.7099719999999934,0.972276483390947
326.0,grocery,66,TX,desktop,3,0,20,11,7,1,0,0,97.749972,228.250028,3.335039284358677
27.61,fashion,50,TX,desktop,3,0,2,28,5,6,1,1,97.749972,-70.139972,0.28245532098510145
131.85,fuel,33,FL,mobile,1,0,11,30,1,0,0,0,97.749972,34.100027999999995,1.3488494774315691
194.86,entertainment,69,CA,tablet,5,0,0,16,3,3,0,1,97.749972,97.11002800000001,1.9934532360433492
97.99,fashion,51,TX,desktop,4,0,6,30,3,2,0,0,97.749972,0.24002799999999525,1.0024555198598366
28.42,fuel,65,TX,desktop,4,0,17,23,10,0,0,0,97.749972,-69.329972,0.2907417682867289
19.74,fuel,31,IL,tablet,0,0,7,2,12,4,0,0,97.749972,-78.009972,0.20194378979521557
4.01,grocery,57,FL,tablet,3,0,13,11,2,4,0,0,97.749972,-93.739972,0.041023029233982496
5.63,fuel,30,FL,mobile,5,0,23,17,3,6,1,1,97.749972,-92.119972,0.05759592383723727
51.21,fuel,41,NY,mobile,4,0,12,15,5,0,0,0,97.749972,-46.539972,0.5238876127362204
151.2,fuel,41,FL,tablet,6,0,14,13,11,6,1,0,97.749972,53.45002799999999,1.546803496303779
52.41,fuel,50,NY,mobile,3,0,0,27,9,4,0,1,97.749972,-45.339972,0.5361638309608535
51.66,entertainment,49,IL,mobile,1,0,11,23,12,5,1,0,97.749972,-46.089972,0.5284911945704578
108.78,grocery,38,IL,desktop,2,0,17,16,2,4,0,0,97.749972,11.030028000000001,1.1128391820629966
55.53,fuel,20,TX,mobile,4,0,8,21,2,0,0,0,97.749972,-42.219972,0.5680819983448998
57.89,electronics,50,TX,mobile,0,0,23,16,4,6,1,1,97.749972,-39.859972,0.5922252275200117
180.53,entertainment,53,CA,mobile,2,0,6,4,10,2,0,0,97.749972,82.780028,1.8468547300775213
38.63,fuel,38,CA,mobile,1,0,21,18,10,4,0,0,97.749972,-59.119972,0.3951919250146494
97.43,grocery,58,FL,mobile,4,0,1,6,4,5,1,1,97.749972,-0.3199719999999928,0.9967266180216746
68.24,fuel,53,NY,tablet,2,0,23,30,10,6,1,1,97.749972,-29.509972000000005,0.6981076097074728
381.64,electronics,53,TX,desktop,5,0,17,29,6,2,0,0,97.749972,283.890028,3.9042466027075013
167.63,fashion,53,FL,tablet,0,0,2,27,7,3,0,1,97.749972,69.880028,1.7148853841627147
54.13,electronics,39,IL,tablet,2,0,22,15,7,4,0,1,97.749972,-43.619972,0.5537597437494944
493.6,grocery,69,CA,desktop,2,0,13,7,10,5,1,0,97.749972,395.850028,5.049617763065776
61.49,entertainment,64,CA,mobile,2,0,17,15,9,3,0,0,97.749972,-36.259972,0.6290538821939112
30.81,fuel,42,NY,mobile,3,0,1,4,8,3,0,1,97.749972,-66.939972,0.3151919029174566
3.85,grocery,66,NY,desktop,2,0,7,17,6,4,0,0,97.749972,-93.899972,0.03938620013736475
56.99,fuel,33,TX,tablet,2,0,15,26,3,6,1,0,97.749972,-40.759972,0.5830180638515369
240.29,electronics,65,CA,tablet,3,0,23,19,5,3,0,1,97.749972,142.540028,2.458210397664253
29.95,electronics,59,FL,mobile,3,0,1,25,8,4,0,1,97.749972,-67.799972,0.3063939465231361
61.94,fuel,42,TX,tablet,2,0,9,14,4,4,0,0,97.749972,-35.809972,0.6336574640281486
55.67,electronics,61,NY,desktop,4,0,21,6,3,2,0,0,97.749972,-42.079972,0.5695142238044404
87.47,grocery,38,FL,mobile,3,0,17,18,2,4,0,0,97.749972,-10.279972,0.8948340067572192
24.86,grocery,31,CA,mobile,1,0,14,5,4,2,0,0,97.749972,-72.889972,0.25432232088698375
20.61,fuel,20,FL,tablet,2,0,22,25,8,4,0,1,97.749972,-77.139972,0.21084404800807463
21.3,fuel,35,FL,mobile,2,0,23,23,2,4,0,1,97.749972,-76.449972,0.21790287348723872
1.15,entertainment,52,CA,desktop,2,0,9,14,7,4,0,0,97.749972,-96.599972,0.011764709131940118
307.27,fashion,38,IL,tablet,3,0,12,22,11,2,0,0,97.749972,209.52002799999997,3.1434279782358607
92.46,grocery,23,FL,mobile,4,0,18,10,1,0,0,0,97.749972,-5.289972000000006,0.9458826142079855
54.85,fuel,43,IL,mobile,3,0,15,15,11,2,0,0,97.749972,-42.899972,0.5611254746842743
271.2,fuel,68,CA,desktop,1,0,6,21,3,3,0,0,97.749972,173.45002799999997,2.7744253187670957
184.85,grocery,30,FL,tablet,1,0,3,19,8,5,1,1,97.749972,87.100028,1.8910491156862008
42.7,fashion,45,CA,tablet,1,0,15,23,12,0,0,0,97.749972,-55.049972,0.4368287651598636
55.4,electronics,57,FL,tablet,3,0,17,10,3,4,0,0,97.749972,-42.349972,0.5667520747038979
93.05,entertainment,65,CA,mobile,3,0,17,24,11,3,0,0,97.749972,-4.6999720000000025,0.9519184215017635
89.26,electronics,48,NY,tablet,6,0,1,14,6,4,0,1,97.749972,-8.489971999999995,0.9131460322756305
1.17,grocery,50,IL,tablet,2,0,18,11,3,5,1,0,97.749972,-96.579972,0.011969312769017337
332.19,electronics,60,IL,desktop,1,0,4,11,1,1,0,1,97.749972,234.44002799999998,3.3983641100340765
47.96,fashion,67,CA,desktop,2,0,22,29,12,3,0,1,97.749972,-49.789972,0.49063952171117226
223.05,grocery,26,CA,tablet,2,0,4,27,5,0,0,1,97.749972,125.30002800000001,2.28184206250369
74.32,electronics,65,NY,desktop,2,0,15,19,10,5,1,0,97.749972,-23.429972000000006,0.7603071153789475
680.58,entertainment,38,CA,mobile,5,0,20,4,4,1,0,0,97.749972,582.8300280000001,6.962457166100701
79.68,entertainment,52,NY,desktop,1,0,23,19,5,4,0,1,97.749972,-18.069971999999993,0.8151408901156424
42.73,fashion,24,FL,tablet,2,0,12,10,10,0,0,0,97.749972,-55.019972,0.4371356706154793
33.99,fashion,29,FL,desktop,6,0,2,9,9,5,1,1,97.749972,-63.759972,0.3477238812127345
103.83,entertainment,48,FL,desktop,4,0,22,29,3,2,0,1,97.749972,6.080027999999999,1.0621997818863849
47.15,entertainment,28,FL,mobile,2,0,7,24,4,0,0,0,97.749972,-50.599972,0.48235307440954484
169.19,entertainment,50,IL,desktop,1,0,8,16,8,4,0,0,97.749972,71.440028,1.730844467854738
21.58,electronics,27,NY,mobile,1,0,22,21,10,0,0,1,97.749972,-76.169972,0.22076732440631977
117.77,electronics,53,CA,mobile,2,0,8,14,11,3,0,0,97.749972,20.020027999999996,1.2048085169292067
38.67,fuel,37,NY,desktop,3,0,5,1,12,6,1,1,97.749972,-59.079972,0.39560113228880384
33.65,fuel,37,FL,desktop,3,0,8,20,3,6,1,0,97.749972,-64.09997200000001,0.3442456193824217
279.23,electronics,50,IL,mobile,3,0,0,3,4,0,0,1,97.749972,181.480028,2.8565736790535996
772.35,grocery,66,CA,tablet,5,0,2,19,10,2,0,1,97.749972,674.6000280000001,7.901280954829523
133.75,entertainment,24,IL,mobile,6,0,17,25,9,2,0,0,97.749972,36.000028,1.3682868229539051
69.54,electronics,40,CA,tablet,2,0,11,19,7,4,0,0,97.749972,-28.209971999999993,0.711406846117492
4.14,grocery,33,TX,desktop,2,0,4,22,12,3,0,1,97.749972,-93.609972,0.042352952874984424
323.47,grocery,26,NY,tablet,2,0,2,24,6,4,0,1,97.749972,225.720028,3.309156924268409
0.84,entertainment,56,CA,mobile,1,0,15,10,1,2,0,0,97.749972,-96.909972,0.008593352757243216
133.05,fashion,41,CA,mobile,4,0,15,12,6,0,0,0,97.749972,35.30002800000001,1.3611256956562026
6.03,entertainment,29,TX,mobile,4,0,5,12,1,2,0,1,97.749972,-91.719972,0.06168799657878167
49.94,grocery,34,NY,mobile,1,0,14,7,10,0,0,0,97.749972,-47.809972,0.510895281781817
59.03,fashion,33,TX,desktop,4,0,15,16,8,4,0,0,97.749972,-38.719972,0.6038876348334132
7.74,fashion,20,NY,mobile,2,0,11,9,7,1,0,0,97.749972,-90.009972,0.07918160754888393
40.5,fashion,32,TX,tablet,2,0,5,28,1,4,0,1,97.749972,-57.249972,0.4143223650813694
146.75,entertainment,33,TX,desktop,3,0,4,28,2,1,0,1,97.749972,49.000028,1.5012791870540978
144.23,entertainment,63,FL,desktop,2,0,23,18,4,0,0,1,97.749972,46.48002799999999,1.475499128782368
98.41,grocery,44,TX,desktop,2,0,13,23,1,6,1,0,97.749972,0.660027999999997,1.0067521962384582
215.41,entertainment,18,FL,desktop,7,0,9,31,10,0,0,0,97.749972,117.660028,2.203683473140192
1.85,entertainment,59,NY,mobile,3,0,12,7,8,2,0,0,97.749972,-95.899972,0.018925836429642802
22.43,electronics,52,NY,desktop,1,0,9,30,3,5,1,0,97.749972,-75.319972,0.2294629789821016
73.05,fuel,32,CA,desktop,3,0,16,17,2,5,1,0,97.749972,-24.699972000000002,0.747314784424544
84.46,entertainment,49,TX,desktop,0,0,3,1,2,1,0,1,97.749972,-13.289972000000006,0.8640411593770977
86.77,fashion,55,IL,desktop,3,0,21,7,4,4,0,0,97.749972,-10.979972000000004,0.8876728794595166
293.56,grocery,48,FL,tablet,8,0,9,29,8,0,0,0,97.749972,195.810028,3.003172185019427
17.12,fashion,30,FL,mobile,2,0,23,8,12,4,0,1,97.749972,-80.629972,0.17514071333809986
17.74,fuel,20,FL,mobile,3,0,16,24,7,0,0,0,97.749972,-80.009972,0.18148342608749363
81.01,electronics,28,FL,desktop,5,0,1,29,12,3,0,1,97.749972,-16.739971999999995,0.8287470319812774
34.44,fashion,31,FL,desktop,4,0,20,22,10,6,1,0,97.749972,-63.309972,0.3523274630469719
143.63,fuel,66,CA,mobile,4,0,15,1,5,6,1,0,97.749972,45.880027999999996,1.4693610196700515
199.36,grocery,53,IL,mobile,1,0,3,4,1,2,0,1,97.749972,101.61002800000001,2.0394890543857236
57.55,entertainment,35,CA,tablet,3,0,3,16,9,5,1,1,97.749972,-40.199972,0.588746965689699
6.67,grocery,60,CA,tablet,6,0,18,21,2,1,0,0,97.749972,-91.079972,0.06823531296525269
31.27,fuel,69,FL,desktop,4,1,13,29,10,1,0,0,97.749972,-66.479972,0.3198977865702326
28.67,entertainment,49,TX,mobile,5,0,19,15,12,6,1,0,97.749972,-69.079972,0.2932993137501941
71.88,electronics,64,TX,mobile,1,0,6,20,1,5,1,0,97.749972,-25.869972000000004,0.7353454716555267
164.54,fashion,35,CA,mobile,1,0,15,20,10,3,0,0,97.749972,66.79002799999999,1.6832741222342844
84.94,grocery,30,FL,tablet,2,0,16,14,3,3,0,0,97.749972,-12.809972000000002,0.868951646666951
3.98,fuel,51,TX,tablet,3,0,17,8,2,1,0,0,97.749972,-93.769972,0.04071612377836667
239.97,entertainment,58,TX,tablet,2,0,23,26,3,5,1,1,97.749972,142.220028,2.4549367394710178
1.94,fashion,42,NY,desktop,2,0,15,23,7,1,0,0,97.749972,-95.809972,0.019846552796490287
113.65,grocery,51,FL,tablet,4,0,15,10,12,6,1,0,97.749972,15.900028000000006,1.1626601676912995
162.46,fashion,28,NY,mobile,2,0,6,14,2,0,0,0,97.749972,64.71002800000001,1.6619953439782538
202.7,fashion,61,FL,mobile,3,0,15,29,9,6,1,0,97.749972,104.95002799999999,2.073657861777619
15.18,fuel,19,NY,mobile,2,0,18,15,3,4,0,0,97.749972,-82.569972,0.15529416054160955
44.02,fuel,62,IL,mobile,4,0,17,1,8,3,0,0,97.749972,-53.729972,0.45033260520696006
8.15,fuel,38,TX,desktop,2,0,12,7,1,4,0,0,97.749972,-89.599972,0.08337598210896693
411.73,fashion,37,FL,mobile,5,0,1,15,12,6,1,1,97.749972,313.980028,4.212072774690179
87.51,electronics,32,IL,mobile,3,0,16,9,7,1,0,0,97.749972,-10.239971999999995,0.8952432140313737
1.0,electronics,46,FL,mobile,8,0,0,17,6,0,0,1,97.749972,-96.749972,0.010230181853860973
445.86,fuel,31,TX,tablet,3,0,11,31,3,3,0,0,97.749972,348.110028,4.561228881362453
124.83,electronics,21,TX,tablet,2,0,6,21,6,2,0,0,97.749972,27.080028,1.2770336008174652
203.67,grocery,40,NY,desktop,4,0,3,10,1,2,0,1,97.749972,105.92002799999999,2.083581138175864
382.89,grocery,55,CA,desktop,3,0,0,6,3,0,0,1,97.749972,285.140028,3.9170343300248276
30.46,grocery,18,TX,tablet,3,0,19,7,7,6,1,0,97.749972,-67.289972,0.31161133926860524
36.06,electronics,33,FL,desktop,4,0,22,20,4,2,0,1,97.749972,-61.689972,0.3689003576502267
337.08,fashion,34,FL,desktop,2,0,2,11,7,0,0,1,97.749972,239.33002799999997,3.4483896992994567
79.5,electronics,43,CA,mobile,8,0,17,14,8,2,0,0,97.749972,-18.249972,0.8132994573819473
51.55,fashion,34,CA,tablet,2,0,18,31,8,2,0,0,97.749972,-46.199972,0.5273658745665332
136.43,fuel,36,FL,desktop,3,0,12,6,12,1,0,0,97.749972,38.68002800000001,1.3957037103222525
113.83,fuel,45,CA,desktop,1,0,23,4,7,1,0,1,97.749972,16.080028,1.1645016004249944
64.53,fashion,19,CA,tablet,5,0,14,1,6,3,0,0,97.749972,-33.219972,0.6601536350296486
142.91,electronics,64,TX,tablet,1,0,19,27,6,3,0,0,97.749972,45.160028,1.4619952887352716
112.36,fashion,69,TX,mobile,5,0,2,3,12,1,0,1,97.749972,14.610028,1.149463233099819
168.05,entertainment,62,TX,mobile,3,0,19,25,8,3,0,0,97.749972,70.30002800000001,1.7191820605413366
166.3,entertainment,41,FL,mobile,3,0,8,16,1,0,0,0,97.749972,68.55002800000001,1.70127924229708
744.17,entertainment,61,CA,desktop,3,0,6,8,6,5,1,0,97.749972,646.420028,7.61299443018772
79.66,entertainment,29,IL,mobile,4,0,18,20,12,2,0,0,97.749972,-18.089972000000003,0.8149362864785651
94.3,fuel,69,IL,desktop,1,0,7,25,5,2,0,0,97.749972,-3.4499720000000025,0.9647061488190897
166.46,fuel,58,TX,desktop,3,0,4,21,10,4,0,1,97.749972,68.71002800000001,1.7029160713936975
35.27,fuel,63,TX,desktop,0,1,2,23,3,5,1,1,97.749972,-62.479972,0.36081851398567655
82.25,grocery,40,CA,tablet,2,0,7,12,4,1,0,0,97.749972,-15.499972,0.841432457480065
92.03,fashion,61,FL,tablet,4,0,10,19,10,2,0,0,97.749972,-5.7199719999999985,0.9414836360108253
134.96,fuel,45,CA,mobile,4,0,5,2,11,5,1,1,97.749972,37.21002800000001,1.380665342997077
272.64,fashion,47,IL,tablet,3,0,13,11,2,5,1,0,97.749972,174.89002799999997,2.7891567806366555
93.32,fuel,60,CA,desktop,3,0,15,3,6,5,1,0,97.749972,-4.4299720000000065,0.9546805706023059
188.42,fashion,47,TX,desktop,4,0,23,20,8,5,1,1,97.749972,90.67002799999999,1.9275708649044843
44.29,fuel,37,IL,mobile,1,0,6,3,1,1,0,0,97.749972,-53.459972,0.45309475430750246
1.81,fuel,34,CA,mobile,2,0,4,5,2,0,0,1,97.749972,-95.939972,0.01851662915548836
24.23,fuel,34,CA,mobile,2,0,6,17,5,1,0,0,97.749972,-73.519972,0.24787730631905136
25.6,fashion,61,NY,tablet,1,0,11,28,7,3,0,0,97.749972,-72.14997199999999,0.26189265545884094
76.23,grocery,48,NY,mobile,3,0,2,1,8,1,0,1,97.749972,-21.519971999999996,0.779846762719822
51.62,entertainment,60,TX,tablet,5,0,15,29,3,1,0,0,97.749972,-46.129972,0.5280819872963034
204.17,entertainment,52,IL,desktop,0,1,19,12,7,1,0,0,97.749972,106.42002799999999,2.0886962291027946
26.55,fashion,50,IL,tablet,3,0,10,5,9,3,0,0,97.749972,-71.199972,0.27161132822000883
152.76,fuel,26,NY,mobile,1,0,21,25,6,5,1,0,97.749972,55.01002799999999,1.562762579995802
68.12,electronics,69,TX,desktop,3,0,21,20,12,2,0,0,97.749972,-29.629971999999995,0.6968799878850095
186.51,fuel,39,IL,tablet,2,0,4,18,8,6,1,1,97.749972,88.76002799999999,1.9080312175636098
104.97,fashion,56,NY,tablet,3,0,2,18,6,5,1,1,97.749972,7.220027999999999,1.0738621891997864
3.05,fuel,25,CA,desktop,1,0,1,25,9,2,0,1,97.749972,-94.699972,0.031202054654275967
122.99,entertainment,30,FL,mobile,3,0,15,21,8,0,0,0,97.749972,25.240027999999995,1.2582100662063609
27.46,entertainment,35,TX,desktop,8,0,4,20,9,2,0,1,97.749972,-70.289972,0.28092079370702233
29.45,fuel,62,NY,tablet,3,0,7,31,8,5,1,0,97.749972,-68.299972,0.30127885559620565
4.71,fashion,50,CA,mobile,6,0,20,22,5,2,0,0,97.749972,-93.039972,0.04818415653168518
11.13,electronics,39,FL,tablet,1,0,0,15,9,4,0,1,97.749972,-86.619972,0.11386192403347263
325.71,electronics,21,NY,tablet,3,0,15,17,12,1,0,0,97.749972,227.96002799999997,3.332072531621057
79.75,electronics,33,CA,mobile,1,0,23,20,4,2,0,1,97.749972,-17.999972,0.8158570028454126
81.62,grocery,29,IL,tablet,2,0,0,20,9,2,0,1,97.749972,-16.129971999999995,0.8349874429121327
84.15,fuel,43,IL,mobile,1,0,8,30,5,1,0,0,97.749972,-13.599971999999994,0.8608698030024009
55.58,entertainment,65,IL,tablet,5,0,5,20,12,4,0,1,97.749972,-42.169972,0.5685935074375928
114.89,electronics,22,FL,mobile,1,0,15,29,6,5,1,0,97.749972,17.140028,1.1753455931900871
5.37,fuel,49,IL,mobile,4,0,7,23,9,0,0,0,97.749972,-92.379972,0.05493607655523342
56.62,grocery,65,IL,tablet,2,1,23,25,9,0,0,1,97.749972,-41.129972,0.5792328965656083
245.98,fuel,66,FL,tablet,2,0,8,30,4,6,1,0,97.749972,148.230028,2.5164201324127218
38.58,electronics,43,FL,desktop,5,0,9,29,10,6,1,0,97.749972,-59.169972,0.3946804159219563
7.57,fashion,19,FL,tablet,4,0,23,20,3,0,0,1,97.749972,-90.17997199999999,0.07744247663372757
20.34,grocery,68,FL,tablet,3,0,16,20,1,3,0,0,97.749972,-77.409972,0.20808189890753218
46.78,grocery,57,TX,desktop,3,0,18,11,8,6,1,0,97.749972,-50.969972,0.4785679071236163
110.29,fashion,49,CA,mobile,3,0,15,24,1,2,0,0,97.749972,12.540028000000007,1.1282867566623267
28.45,fuel,20,IL,desktop,3,0,20,28,5,6,1,0,97.749972,-69.299972,0.29104867374234467
589.18,grocery,44,TX,mobile,3,0,21,12,6,6,1,0,97.749972,491.43002799999994,6.027418544657808
137.47,electronics,28,TX,desktop,1,0,23,10,12,1,0,1,97.749972,39.720028,1.406343099450268
103.63,grocery,33,CA,mobile,6,0,13,17,12,1,0,0,97.749972,5.880027999999996,1.0601537455156125
8.29,grocery,59,TX,tablet,1,0,0,1,5,2,0,1,97.749972,-89.459972,0.08480820756850746
172.94,fuel,53,CA,desktop,5,0,12,27,7,3,0,0,97.749972,75.190028,1.7692076498067166
78.4,grocery,50,TX,tablet,3,0,2,29,3,4,0,1,97.749972,-19.349971999999994,0.8020462573427003
67.01,fuel,61,NY,mobile,3,0,20,21,11,0,0,0,97.749972,-30.739971999999995,0.6855244860272238
23.45,grocery,64,TX,mobile,3,0,3,15,11,2,0,1,97.749972,-74.299972,0.23989776447303982
8.27,entertainment,67,TX,mobile,4,0,18,12,5,3,0,0,97.749972,-89.479972,0.08460360393143024
152.67,grocery,32,NY,desktop,4,0,14,28,1,5,1,0,97.749972,54.92002799999999,1.5618418636289546
80.76,entertainment,50,TX,desktop,0,0,0,4,6,5,1,1,97.749972,-16.989971999999995,0.8261894865178122
0.39,grocery,37,IL,mobile,3,0,18,18,5,3,0,0,97.749972,-97.359972,0.00398977092300578
207.06,entertainment,65,NY,tablet,5,0,8,21,6,1,0,0,97.749972,109.310028,2.1182614546604532
78.65,grocery,25,FL,mobile,6,0,14,5,1,2,0,0,97.749972,-19.099971999999994,0.8046038028061656
219.93,entertainment,56,NY,tablet,5,0,22,1,10,6,1,1,97.749972,122.18002800000001,2.2499238951196436
59.44,fashion,58,CA,tablet,2,0,5,25,11,4,0,1,97.749972,-38.309972,0.6080820093934962
66.99,fashion,53,IL,tablet,5,0,3,29,7,5,1,1,97.749972,-30.759972000000005,0.6853198823901465
270.11,entertainment,62,TX,mobile,4,0,14,4,12,6,1,0,97.749972,172.360028,2.7632744205463875
62.36,electronics,29,FL,mobile,5,0,23,17,6,5,1,1,97.749972,-35.389972,0.6379541404067702
9.82,entertainment,28,CA,desktop,5,0,16,3,7,2,0,0,97.749972,-87.92997199999999,0.10046038580491476
90.98,fashion,56,CA,desktop,2,0,15,4,9,2,0,0,97.749972,-6.769971999999996,0.9307419450642713
4.72,grocery,41,IL,desktop,3,0,11,17,11,6,1,0,97.749972,-93.029972,0.04828645835022379
39.59,entertainment,26,IL,desktop,2,0,20,24,7,6,1,0,97.749972,-58.159971999999996,0.40501289959435594
29.24,fuel,21,CA,tablet,3,0,8,15,1,5,1,0,97.749972,-68.509972,0.29913051740689484
143.56,entertainment,46,FL,tablet,4,0,12,27,1,3,0,0,97.749972,45.810028,1.4686449069402812
154.31,electronics,25,FL,desktop,2,0,11,28,3,1,0,0,97.749972,56.560028,1.5786193618692868
162.47,fashion,65,NY,mobile,2,0,4,22,9,3,0,1,97.749972,64.720028,1.6620976457967922
127.42,grocery,50,TX,mobile,2,0,17,25,1,3,0,0,97.749972,29.670028000000002,1.3035297718189651
104.36,grocery,51,TX,desktop,3,0,3,13,10,6,1,1,97.749972,6.610028,1.067621778268931
90.46,entertainment,22,TX,tablet,2,0,1,29,1,0,0,1,97.749972,-7.289972000000006,0.9254222505002635
7.59,entertainment,39,IL,tablet,5,0,14,31,7,6,1,0,97.749972,-90.159972,0.07764708027080477
54.29,electronics,65,NY,tablet,3,0,11,27,11,2,0,0,97.749972,-43.459972,0.5553965728461122
123.87,electronics,23,FL,mobile,1,0,14,22,6,5,1,0,97.749972,26.120028000000005,1.2672126262377588
143.74,grocery,54,NY,tablet,2,0,23,27,12,1,0,1,97.749972,45.99002800000001,1.4704863396739762
93.78,fashion,44,FL,mobile,5,0,8,2,4,6,1,0,97.749972,-3.9699719999999985,0.9593864542550821
31.32,entertainment,31,FL,desktop,7,0,19,6,7,2,0,0,97.749972,-66.42997199999999,0.32040929566292564
14.12,entertainment,49,CA,tablet,2,0,20,10,2,3,0,0,97.749972,-83.629972,0.14445016777651692
17.38,fuel,22,TX,mobile,6,0,4,15,10,5,1,1,97.749972,-80.369972,0.1778005606201037
161.65,grocery,48,NY,mobile,0,0,23,29,7,0,0,1,97.749972,63.900028000000006,1.6537088966766262
34.95,grocery,68,CA,tablet,4,0,8,18,4,0,0,0,97.749972,-62.799972,0.35754485579244105
148.21,fashion,38,CA,desktop,2,0,5,5,7,4,0,1,97.749972,50.46002800000001,1.5162152525607349
8.5,electronics,33,TX,desktop,9,0,22,2,7,6,1,1,97.749972,-89.249972,0.08695654575781826
114.41,grocery,60,IL,desktop,5,0,5,1,9,4,0,1,97.749972,16.660027999999997,1.1704351059002338
191.42,grocery,42,NY,tablet,3,0,17,30,9,4,0,0,97.749972,93.67002799999999,1.9582614104660672
79.72,entertainment,34,IL,tablet,2,0,6,10,9,1,0,0,97.749972,-18.029972,0.8155500973897968
14.77,grocery,24,CA,mobile,4,0,0,8,11,1,0,1,97.749972,-82.979972,0.15109978598152657
266.5,grocery,48,FL,tablet,5,0,9,14,7,3,0,0,97.749972,168.750028,2.7263434640539495
228.08,fashion,63,IL,desktop,5,0,10,30,9,5,1,0,97.749972,130.33002800000003,2.333299877228611
1.31,grocery,45,CA,desktop,2,0,9,9,1,1,0,0,97.749972,-96.439972,0.013401538228557875
109.28,fashion,66,FL,tablet,3,0,17,22,4,5,1,0,97.749972,11.530028000000001,1.117954272989927
343.78,entertainment,18,IL,desktop,6,0,13,20,11,2,0,0,97.749972,246.03002799999996,3.516931917720325
18.84,grocery,68,FL,tablet,4,0,6,1,6,2,0,0,97.749972,-78.909972,0.19273662612674072
113.05,fuel,68,CA,tablet,3,0,15,21,12,2,0,0,97.749972,15.300027999999998,1.156522058578983
121.06,fashion,34,CA,tablet,4,0,11,23,9,4,0,0,97.749972,23.310028000000003,1.2384658152284094
7.75,electronics,40,IL,mobile,5,0,3,6,5,5,1,1,97.749972,-89.999972,0.07928390936742254
11.15,grocery,25,CA,tablet,3,0,11,25,7,1,0,0,97.749972,-86.599972,0.11406652767054985
96.19,fashion,32,CA,desktop,1,0,22,16,3,3,0,1,97.749972,-1.559972000000002,0.9840411925228869
157.97,entertainment,45,CA,mobile,0,0,2,25,8,4,0,1,97.749972,60.220028,1.6160618274544178
67.23,fuel,23,CA,tablet,3,0,14,23,8,1,0,0,97.749972,-30.519971999999996,0.6877751260350733
12.23,fashion,53,NY,mobile,4,0,21,7,4,3,0,0,97.749972,-85.519972,0.1251151240727197
2.13,fuel,26,CA,desktop,4,0,9,16,1,6,1,0,97.749972,-95.619972,0.02179028734872387
391.37,grocery,56,IL,mobile,4,0,23,14,12,3,0,1,97.749972,293.620028,4.003786272145569
1.71,electronics,36,FL,tablet,3,0,12,16,3,2,0,0,97.749972,-96.039972,0.017493610970102262
14.01,electronics,31,CA,tablet,4,0,18,2,8,4,0,0,97.749972,-83.739972,0.14332484777259222
37.95,electronics,59,CA,tablet,2,0,15,19,3,1,0,0,97.749972,-59.799972,0.38823540135402396
82.04,entertainment,68,FL,tablet,4,0,6,8,11,4,0,0,97.749972,-15.709971999999993,0.8392841192907543
22.22,entertainment,43,FL,tablet,1,0,13,28,6,4,0,0,97.749972,-75.529972,0.2273146407927908
59.45,electronics,32,NY,tablet,4,1,20,9,12,0,0,0,97.749972,-38.299972,0.6081843112120349
4.11,electronics,47,CA,desktop,0,0,17,17,4,6,1,0,97.749972,-93.639972,0.0420460474193686
150.08,fuel,26,IL,tablet,4,0,5,13,8,6,1,1,97.749972,52.33002800000001,1.535345692627455
292.73,grocery,54,IL,mobile,4,0,23,13,10,4,0,1,97.749972,194.980028,2.994681134080723
258.55,entertainment,29,TX,tablet,4,0,19,18,1,1,0,0,97.749972,160.800028,2.645013518315755
38.11,entertainment,48,FL,desktop,7,0,22,11,2,5,1,1,97.749972,-59.639972,0.3898722304506417
288.31,fuel,37,IL,tablet,8,0,5,6,5,4,0,1,97.749972,190.560028,2.949463730286657
32.06,fuel,25,NY,desktop,3,0,6,18,1,3,0,0,97.749972,-65.689972,0.3279796302347828
153.02,grocery,33,CA,desktop,4,0,2,10,11,3,0,1,97.749972,55.27002800000001,1.5654224272778061
16.96,fashion,48,TX,tablet,0,0,12,19,4,2,0,0,97.749972,-80.789972,0.1735038842414821
244.85,entertainment,26,IL,desktop,3,0,13,18,12,6,1,0,97.749972,147.100028,2.504860026917859
243.59,fashion,28,NY,desktop,2,0,11,20,7,5,1,0,97.749972,145.84002800000002,2.4919699977819945
73.17,grocery,42,FL,mobile,6,0,19,21,2,1,0,0,97.749972,-24.579971999999998,0.7485424062470074
89.93,fashion,64,TX,tablet,2,0,13,17,4,0,0,0,97.749972,-7.819971999999993,0.9200002541177174
22.51,electronics,58,NY,tablet,3,0,8,13,3,6,1,0,97.749972,-75.239972,0.23028139353041052
296.92,fashion,42,NY,mobile,2,0,16,23,11,5,1,0,97.749972,199.170028,3.0375455960484
8.46,entertainment,34,FL,desktop,1,0,20,8,8,1,0,0,97.749972,-89.289972,0.08654733848366383
17.73,entertainment,32,TX,tablet,5,0,2,4,4,3,0,1,97.749972,-80.019972,0.18138112426895506
21.49,entertainment,18,TX,desktop,2,0,5,12,9,1,0,1,97.749972,-76.259972,0.21984660803947229
77.94,entertainment,53,FL,desktop,4,0,6,3,9,1,0,0,97.749972,-19.809972000000002,0.7973403736899242
123.33,entertainment,57,TX,mobile,4,0,17,21,7,3,0,0,97.749972,25.580028,1.2616883280366737
7.84,grocery,18,TX,mobile,2,0,3,21,1,6,1,1,97.749972,-89.909972,0.08020462573427002
10.65,electronics,29,CA,mobile,1,0,9,18,11,4,0,0,97.749972,-87.099972,0.10895143674361936
13.44,electronics,19,TX,tablet,4,0,20,27,8,6,1,0,97.749972,-84.309972,0.13749364411589146
36.08,grocery,64,TX,desktop,3,0,13,3,8,3,0,0,97.749972,-61.669972,0.36910496128730386
21.69,entertainment,69,FL,tablet,2,0,6,24,2,4,0,0,97.749972,-76.059972,0.2218926444102445
9.33,entertainment,32,IL,desktop,7,0,23,4,11,5,1,1,97.749972,-88.419972,0.09544759669652288
74.87,grocery,18,IL,tablet,3,0,0,13,12,4,0,1,97.749972,-22.879971999999995,0.765933715398571
14.88,fuel,44,CA,mobile,1,0,9,2,8,2,0,0,97.749972,-82.869972,0.15222510598545128
31.83,grocery,21,IL,tablet,4,0,4,8,10,5,1,1,97.749972,-65.919972,0.32562668840839476
44.64,entertainment,59,TX,desktop,2,0,6,15,7,5,1,0,97.749972,-53.109972,0.45667531795635385
15.31,grocery,53,FL,mobile,1,0,18,17,10,1,0,0,97.749972,-82.439972,0.1566240841826115
46.6,fashion,19,NY,tablet,2,0,22,4,2,6,1,1,97.749972,-51.149972,0.47672647438992133
1.17,fuel,28,IL,mobile,3,0,17,14,5,5,1,0,97.749972,-96.579972,0.011969312769017337
9.19,electronics,60,TX,mobile,1,0,23,22,12,4,0,1,97.749972,-88.559972,0.09401537123698234
147.01,electronics,59,NY,desktop,2,0,4,24,5,4,0,1,97.749972,49.26002799999999,1.5039390343361014
2.22,fuel,45,CA,mobile,3,0,11,28,1,6,1,0,97.749972,-95.529972,0.022711003715571363
60.4,fashion,44,TX,mobile,2,0,11,2,12,0,0,0,97.749972,-37.349972,0.6179029839732028
39.14,entertainment,42,TX,tablet,1,0,15,4,12,0,0,0,97.749972,-58.609972,0.40040931776011845
30.48,fuel,46,TX,mobile,3,0,12,8,6,3,0,0,97.749972,-67.269972,0.31181594290568243
143.14,entertainment,65,CA,tablet,2,0,9,20,11,6,1,0,97.749972,45.39002799999999,1.4643482305616595
62.11,electronics,63,IL,desktop,6,0,23,17,10,1,0,1,97.749972,-35.639972,0.635396594943305
3.25,entertainment,67,CA,tablet,4,0,10,11,6,5,1,0,97.749972,-94.499972,0.03324809102504816
36.46,electronics,67,TX,desktop,4,0,9,21,7,6,1,0,97.749972,-61.289972,0.3729924303917711
101.05,grocery,34,CA,tablet,2,0,0,26,8,0,0,1,97.749972,3.3000279999999975,1.0337598763326512
29.71,entertainment,25,TX,desktop,4,0,19,18,2,5,1,0,97.749972,-68.039972,0.3039387028782095
26.53,grocery,43,TX,tablet,1,0,16,20,5,5,1,0,97.749972,-71.219972,0.27140672458293164
111.39,grocery,64,IL,desktop,2,0,3,19,4,4,0,1,97.749972,13.640028000000001,1.1395399567015738
253.54,grocery,43,NY,tablet,2,0,0,16,7,5,1,1,97.749972,155.790028,2.5937603072279107
182.32,entertainment,37,IL,tablet,4,0,22,21,5,1,0,1,97.749972,84.570028,1.8651667555959324
210.17,fuel,43,NY,desktop,4,0,13,31,7,0,0,0,97.749972,112.42002799999999,2.1500773202259604
61.25,grocery,36,CA,desktop,3,0,8,19,10,3,0,0,97.749972,-36.499972,0.6265986385489846
16.65,electronics,69,CA,mobile,1,0,14,17,9,1,0,0,97.749972,-81.09997200000001,0.17033252786678518
44.16,electronics,48,FL,desktop,2,0,3,14,3,0,0,1,97.749972,-53.589972,0.4517648306665005
76.53,electronics,44,FL,mobile,6,0,20,2,9,4,0,0,97.749972,-21.219972,0.7829158172759803
69.7,fuel,36,NY,tablet,1,0,1,26,11,1,0,1,97.749972,-28.049971999999997,0.7130436752141098
185.24,grocery,43,IL,mobile,4,0,1,11,9,0,0,1,97.749972,87.49002800000001,1.8950388866092067
165.9,electronics,39,CA,mobile,3,0,6,2,10,6,1,0,97.749972,68.150028,1.6971871695555354
42.0,fashion,20,NY,desktop,1,0,12,26,6,2,0,0,97.749972,-55.749972,0.42966763786216083
221.77,fuel,66,CA,mobile,3,0,6,21,1,4,0,0,97.749972,124.02002800000001,2.268747429730748
35.84,fashion,65,CA,tablet,2,0,10,5,8,5,1,0,97.749972,-61.909971999999996,0.3666497176423773
275.84,entertainment,45,FL,tablet,4,0,16,22,6,3,0,0,97.749972,178.09002799999996,2.8218933625690106
2.7,electronics,56,NY,tablet,3,0,21,28,2,2,0,0,97.749972,-95.049972,0.027621491005424628
102.44,fuel,62,FL,desktop,2,0,18,3,6,5,1,0,97.749972,4.690027999999998,1.047979829109518
75.2,fashion,40,NY,tablet,4,0,5,17,7,2,0,1,97.749972,-22.549971999999997,0.7693096754103452
106.14,fuel,29,IL,mobile,1,0,17,25,12,2,0,0,97.749972,8.390028000000001,1.0858315019688036
53.36,fashion,56,TX,mobile,0,0,22,19,8,0,0,1,97.749972,-44.389972,0.5458825037220215
241.01,electronics,45,FL,tablet,6,0,4,22,3,2,0,1,97.749972,143.26002799999998,2.4655761285990327
91.45,entertainment,21,CA,mobile,1,0,16,6,2,6,1,0,97.749972,-6.299971999999997,0.935550130535586
282.5,electronics,53,TX,tablet,4,0,7,13,7,3,0,0,97.749972,184.750028,2.890026373715725
430.62,grocery,38,FL,desktop,4,0,20,13,7,2,0,0,97.749972,332.870028,4.405320909909612
199.02,fashion,54,NY,tablet,4,0,15,6,9,4,0,0,97.749972,101.27002800000001,2.0360107925554107
23.97,fuel,65,FL,mobile,2,0,6,2,7,1,0,0,97.749972,-73.779972,0.2452174590370475
17.12,entertainment,33,TX,desktop,4,0,10,5,4,1,0,0,97.749972,-80.629972,0.17514071333809986
103.66,grocery,47,IL,mobile,3,0,23,14,9,5,1,1,97.749972,5.910027999999997,1.0604606509712284
151.01,fuel,50,IL,mobile,6,0,14,6,6,1,0,0,97.749972,53.26002799999999,1.5448597617515454
12.8,fashion,46,CA,desktop,4,0,17,21,11,1,0,0,97.749972,-84.949972,0.13094632772942047
57.83,fuel,41,CA,mobile,2,0,16,3,8,2,0,0,97.749972,-39.919972,0.59161141660878
15.53,electronics,66,IL,desktop,1,0,9,7,9,3,0,0,97.749972,-82.219972,0.1588747241904609
13.52,fuel,30,NY,mobile,1,0,1,20,2,0,0,1,97.749972,-84.229972,0.13831205866420035
48.32,electronics,50,CA,desktop,2,0,6,23,9,0,0,0,97.749972,-49.429972,0.4943223871785622
130.52,fuel,69,NY,tablet,7,0,20,18,2,4,0,0,97.749972,32.77002800000001,1.3352433355659343
188.66,grocery,27,NY,mobile,5,0,21,7,6,2,0,0,97.749972,90.910028,1.930026108549411
5.88,electronics,21,NY,tablet,1,0,21,12,7,1,0,0,97.749972,-91.869972,0.06015346930070252
53.75,electronics,69,IL,desktop,6,0,20,4,2,4,0,0,97.749972,-43.999972,0.5498722746450273
125.56,fashion,45,NY,mobile,3,0,18,24,9,1,0,0,97.749972,27.810028000000003,1.2845016335707837
55.12,electronics,23,TX,desktop,3,0,16,9,3,3,0,0,97.749972,-42.629972,0.5638876237848168
24.68,entertainment,38,TX,mobile,4,1,20,20,4,2,0,0,97.749972,-73.069972,0.2524808881532888
24.02,fashion,20,NY,mobile,1,0,7,17,8,3,0,0,97.749972,-73.729972,0.24572896812974057
1.4,grocery,36,IL,desktop,1,0,14,8,11,1,0,0,97.749972,-96.349972,0.014322254595405362
163.53,fashion,21,NY,desktop,3,0,8,2,10,0,0,0,97.749972,65.780028,1.672941638561885
45.76,electronics,31,NY,mobile,4,0,14,29,10,5,1,0,97.749972,-51.989972,0.4681331216326781
32.9,entertainment,45,FL,desktop,2,0,17,30,9,4,0,0,97.749972,-64.84997200000001,0.336572982992026
27.64,grocery,22,CA,tablet,1,0,10,22,3,2,0,0,97.749972,-70.109972,0.2827622264407173
5.69,electronics,60,FL,desktop,1,0,18,19,5,6,1,0,97.749972,-92.059972,0.05820973474846894
11.27,grocery,46,FL,tablet,5,0,23,2,7,5,1,1,97.749972,-86.479972,0.11529414949301316
59.74,fuel,44,IL,tablet,0,0,19,30,9,5,1,0,97.749972,-38.009972,0.6111510639496546
1.21,electronics,39,FL,tablet,2,0,20,9,1,6,1,0,97.749972,-96.539972,0.012378520043171777
127.43,electronics,52,CA,desktop,2,0,12,3,8,3,0,0,97.749972,29.680028000000007,1.3036320736375038
43.83,fashion,33,CA,tablet,1,0,19,11,3,5,1,0,97.749972,-53.919972,0.44838887065472643
38.47,grocery,54,IL,tablet,5,0,10,13,1,5,1,0,97.749972,-59.279972,0.3935550959180316
126.84,entertainment,54,CA,desktop,6,0,16,8,11,1,0,0,97.749972,29.090028000000004,1.2975962663437257
9.3,entertainment,41,CA,desktop,1,0,17,10,9,1,0,0,97.749972,-88.449972,0.09514069124090706
33.72,entertainment,59,IL,desktop,2,0,1,21,8,0,0,1,97.749972,-64.029972,0.344961732112192
88.85,fuel,44,FL,mobile,2,0,3,25,1,1,0,1,97.749972,-8.899972000000005,0.9089516577155474
310.24,grocery,18,NY,tablet,1,0,20,3,2,3,0,0,97.749972,212.490028,3.173811618341828
113.33,fashion,28,TX,desktop,0,0,22,19,3,5,1,1,97.749972,15.580027999999999,1.159386509498064
53.1,electronics,35,CA,desktop,4,0,2,16,8,4,0,1,97.749972,-44.649972,0.5432226564400177
50.69,fuel,56,IL,mobile,4,0,21,15,11,1,0,0,97.749972,-47.059972,0.5185679181722127
76.36,fashion,51,NY,tablet,2,0,17,18,7,1,0,0,97.749972,-21.389972,0.7811766863608238
43.44,electronics,64,IL,desktop,5,0,0,26,2,6,1,1,97.749972,-54.309972,0.44439909973172065
40.37,fuel,28,FL,desktop,2,0,14,25,4,0,0,0,97.749972,-57.379972,0.41299244144036745
118.21,grocery,33,CA,desktop,2,0,8,6,11,6,1,0,97.749972,20.460027999999994,1.2093097969449056
58.65,fashion,54,NY,tablet,2,0,4,2,5,3,0,1,97.749972,-39.099972,0.600000165728946
29.6,fuel,29,IL,mobile,4,0,15,22,8,1,0,0,97.749972,-68.14997199999999,0.30281338287428483
130.82,grocery,69,CA,desktop,3,0,13,18,4,3,0,0,97.749972,33.07002799999999,1.3383123901220924
465.7,fashion,43,TX,desktop,2,0,15,8,7,5,1,0,97.749972,367.950028,4.764195689343055
8.22,fuel,23,FL,desktop,3,0,9,26,12,1,0,0,97.749972,-89.529972,0.0840920948387372
18.97,fuel,45,NY,desktop,1,0,19,6,12,1,0,0,97.749972,-78.779972,0.19406654976774265
332.47,fashion,20,TX,desktop,3,0,5,11,1,3,0,1,97.749972,234.720028,3.401228560953158
67.18,fuel,60,IL,tablet,2,0,0,21,3,3,0,1,97.749972,-30.569971999999993,0.6872636169423803
182.54,grocery,23,IL,desktop,3,0,13,9,7,5,1,0,97.749972,84.79002799999999,1.8674173956037818
8.26,entertainment,61,CA,mobile,1,0,19,13,4,2,0,0,97.749972,-89.489972,0.08450130211289163
1.82,fuel,40,FL,desktop,2,0,11,17,10,1,0,0,97.749972,-95.929972,0.018618930974026972
253.54,grocery,63,CA,mobile,7,0,2,10,1,1,0,1,97.749972,155.790028,2.5937603072279107
96.18,fashion,57,IL,tablet,3,0,17,27,1,3,0,0,97.749972,-1.5699719999999928,0.9839388907043485
68.42,entertainment,47,FL,mobile,4,0,10,22,9,3,0,0,97.749972,-29.329971999999998,0.6999490424411677
163.94,fashion,69,NY,desktop,3,0,2,19,11,1,0,1,97.749972,66.190028,1.677136013121968
375.34,grocery,39,CA,mobile,1,0,7,12,12,1,0,0,97.749972,277.59002799999996,3.8397964570281773
30.47,fuel,33,NY,mobile,2,0,14,18,10,2,0,0,97.749972,-67.279972,0.31171364108714383
86.18,fuel,22,CA,desktop,2,0,8,4,8,6,1,0,97.749972,-11.569971999999993,0.8816370721657387
35.66,grocery,29,CA,mobile,4,0,17,13,7,5,1,0,97.749972,-62.089972,0.3648082849086823
15.09,fashion,54,IL,tablet,2,0,7,17,5,2,0,0,97.749972,-82.659972,0.15437344417476206
62.12,electronics,25,IL,mobile,0,0,15,1,11,4,0,0,97.749972,-35.629972,0.6354988967618436
23.3,entertainment,69,TX,desktop,2,0,13,27,2,1,0,0,97.749972,-74.449972,0.23836323719496066
238.01,grocery,54,CA,tablet,1,0,20,5,12,3,0,0,97.749972,140.26002799999998,2.43488558303745
23.64,fuel,19,IL,desktop,4,0,15,16,6,3,0,0,97.749972,-74.109972,0.2418414990252734
11.42,electronics,52,FL,desktop,4,0,11,12,8,4,0,0,97.749972,-86.329972,0.11682867677109231
36.77,grocery,61,IL,tablet,0,0,10,7,8,6,1,0,97.749972,-60.979972,0.376163786766468
85.32,grocery,49,IL,mobile,1,0,16,22,2,2,0,0,97.749972,-12.429972000000006,0.8728391157714182
340.72,entertainment,52,IL,tablet,3,0,7,27,7,3,0,0,97.749972,242.970028,3.4856275612475107
54.02,fashion,34,CA,desktop,3,0,20,24,4,2,0,0,97.749972,-43.729972,0.5526344237455698
109.0,grocery,24,FL,mobile,3,0,13,9,6,6,1,0,97.749972,11.250028,1.115089822070846
316.14,entertainment,36,NY,mobile,0,0,15,1,1,0,0,0,97.749972,218.39002799999997,3.234169691279608
9.4,fashion,52,NY,desktop,4,0,8,4,10,1,0,0,97.749972,-88.349972,0.09616370942629315
18.75,entertainment,52,TX,mobile,3,0,17,27,4,3,0,0,97.749972,-78.999972,0.19181590975989324
15.18,electronics,51,IL,tablet,0,0,5,6,1,4,0,1,97.749972,-82.569972,0.15529416054160955
11.17,electronics,68,IL,desktop,3,0,0,20,11,6,1,1,97.749972,-86.579972,0.11427113130762706
113.68,entertainment,40,NY,mobile,1,0,5,17,11,4,0,1,97.749972,15.930028000000007,1.1629670731469155
59.06,fuel,52,CA,tablet,6,0,3,17,9,5,1,1,97.749972,-38.689972,0.6041945402890291
58.44,electronics,25,NY,desktop,1,0,20,26,3,5,1,0,97.749972,-39.309972,0.5978518275396352
25.04,entertainment,60,NY,desktop,0,0,21,3,6,5,1,0,97.749972,-72.709972,0.2561637536206787
25.72,electronics,35,FL,tablet,3,0,4,31,1,1,0,1,97.749972,-72.029972,0.2631202772813042
122.71,grocery,37,CA,tablet,3,0,16,27,7,3,0,0,97.749972,24.960027999999994,1.25534561528728
241.73,entertainment,28,TX,mobile,1,0,21,5,2,0,0,0,97.749972,143.980028,2.4729418595338126
40.34,electronics,22,TX,tablet,2,0,5,30,9,5,1,1,97.749972,-57.409971999999996,0.41268553598475166
46.2,fashion,20,TX,mobile,0,0,19,19,12,0,0,0,97.749972,-51.549972,0.47263440164837695
36.01,electronics,25,NY,desktop,6,0,23,19,7,1,0,1,97.749972,-61.739972,0.3683888485575336
2.6,fashion,46,IL,desktop,3,0,22,15,10,1,0,1,97.749972,-95.149972,0.02659847282003853
59.3,fashion,32,IL,tablet,1,0,19,14,3,1,0,0,97.749972,-38.449972,0.6066497839339556
7.81,fuel,60,TX,mobile,5,0,18,9,1,6,1,0,97.749972,-89.939972,0.07989772027865419
27.31,entertainment,22,IL,tablet,3,0,0,11,1,2,0,1,97.749972,-70.439972,0.27938626642894315
362.62,entertainment,19,CA,tablet,0,0,3,27,5,0,0,1,97.749972,264.870028,3.709668543847066
61.5,entertainment,49,NY,desktop,1,0,21,16,8,4,0,0,97.749972,-36.249972,0.6291561840124498
146.53,fashion,49,NY,mobile,2,0,23,21,3,1,0,1,97.749972,48.780028,1.4990285470462483
95.24,fashion,26,FL,tablet,1,0,3,21,8,2,0,1,97.749972,-2.5099720000000048,0.974322519761719
79.97,fuel,18,CA,mobile,6,0,20,27,6,3,0,0,97.749972,-17.779972,0.818107642853262
41.4,entertainment,53,FL,tablet,4,0,23,18,12,2,0,1,97.749972,-56.349972,0.42352952874984423
19.99,grocery,65,TX,mobile,1,0,16,19,11,5,1,0,97.749972,-77.759972,0.20450133525868083
52.94,electronics,25,TX,mobile,4,0,11,9,10,6,1,0,97.749972,-44.809972,0.5415858273433999
110.13,electronics,48,CA,desktop,3,0,20,28,9,5,1,0,97.749972,12.380027999999996,1.126649927565709
223.19,fuel,43,NY,mobile,3,0,19,30,7,5,1,0,97.749972,125.440028,2.2832742879632306
91.37,entertainment,69,CA,tablet,5,0,17,22,8,1,0,0,97.749972,-6.379971999999995,0.9347317159872771
26.4,electronics,19,NY,mobile,1,0,11,4,12,2,0,0,97.749972,-71.34997200000001,0.27007680094192965
66.91,grocery,35,TX,desktop,2,0,2,18,6,6,1,1,97.749972,-30.839972000000003,0.6845014678418376
176.94,electronics,64,FL,desktop,3,0,12,2,11,2,0,0,97.749972,79.190028,1.8101283772221606
286.81,electronics,35,NY,tablet,4,0,15,23,8,2,0,0,97.749972,189.060028,2.9341184575058654
114.74,entertainment,26,CA,tablet,4,0,23,2,10,6,1,1,97.749972,16.990027999999995,1.173811065912008
13.48,fashion,39,FL,mobile,2,0,17,26,1,2,0,0,97.749972,-84.269972,0.1379028513900459
201.02,fashion,28,FL,mobile,2,0,7,15,5,0,0,0,97.749972,103.27002800000001,2.056471156263133
106.55,fuel,27,IL,tablet,3,1,1,11,5,3,0,1,97.749972,8.800027999999998,1.0900258765288866
83.56,electronics,63,CA,tablet,1,0,22,8,8,1,0,1,97.749972,-14.189971999999997,0.854833995708623
0.65,electronics,64,NY,desktop,4,0,12,29,3,1,0,0,97.749972,-97.099972,0.006649618205009633
29.72,fuel,20,FL,tablet,2,0,1,25,8,6,1,1,97.749972,-68.029972,0.3040410046967481
239.04,fashion,21,CA,tablet,2,0,5,9,10,2,0,1,97.749972,141.290028,2.4454226703469266
134.54,grocery,52,TX,mobile,0,0,11,23,7,6,1,0,97.749972,36.79002799999999,1.3763686666184551
56.89,entertainment,66,NY,tablet,4,0,2,29,11,1,0,1,97.749972,-40.859972,0.5819950456661508
35.99,electronics,34,FL,desktop,3,0,2,1,9,6,1,1,97.749972,-61.759972,0.3681842449204564
396.95,grocery,22,CA,desktop,4,0,21,11,11,0,0,0,97.749972,299.200028,4.060870686890113
50.46,fuel,61,FL,desktop,0,0,5,14,5,5,1,1,97.749972,-47.289972,0.5162149763458247
136.28,fuel,69,CA,tablet,3,0,0,21,6,1,0,1,97.749972,38.530028,1.3941691830441734
41.67,grocery,54,IL,tablet,2,0,18,24,3,4,0,0,97.749972,-56.079972,0.42629167785038674
5.83,grocery,65,NY,desktop,5,0,16,21,5,5,1,0,97.749972,-91.919972,0.05964196020800947
359.22,fashion,31,NY,desktop,6,0,10,25,6,6,1,0,97.749972,261.470028,3.674885925543939
59.04,electronics,47,CA,desktop,2,0,23,11,4,1,0,1,97.749972,-38.709972,0.6039899366519518
17.87,electronics,61,IL,tablet,3,0,13,26,1,3,0,0,97.749972,-79.879972,0.18281334972849558
130.68,entertainment,61,CA,mobile,4,0,16,20,2,0,0,0,97.749972,32.93002800000001,1.3368801646625519
111.78,fuel,37,TX,mobile,2,0,18,27,11,2,0,0,97.749972,14.030028000000001,1.1435297276245795
78.91,fuel,47,CA,tablet,1,0,18,6,2,1,0,0,97.749972,-18.839972000000003,0.8072636500881694
208.05,electronics,39,TX,mobile,6,0,2,31,10,0,0,1,97.749972,110.30002800000001,2.1283893346957754
211.29,fuel,59,TX,mobile,2,0,23,21,9,2,0,1,97.749972,113.54002799999999,2.1615351239022846
72.92,entertainment,41,FL,mobile,5,0,19,19,5,3,0,0,97.749972,-24.829971999999998,0.7459848607835422
5.02,grocery,21,NY,mobile,6,0,6,31,3,6,1,0,97.749972,-92.729972,0.05135551290638208
131.4,electronics,32,IL,desktop,3,1,2,25,10,4,0,1,97.749972,33.650028000000006,1.3442458955973318
49.31,fashion,46,NY,mobile,3,0,6,28,7,4,0,0,97.749972,-48.439972,0.5044502672138846
386.48,fuel,31,FL,mobile,3,0,20,3,4,6,1,0,97.749972,288.730028,3.953760682880189
60.77,entertainment,57,FL,tablet,3,0,21,2,6,6,1,0,97.749972,-36.979972,0.6216881512591313
63.32,entertainment,48,IL,desktop,5,0,6,14,4,4,0,0,97.749972,-34.429972,0.6477751149864768
83.32,entertainment,31,TX,mobile,1,0,1,4,1,3,0,1,97.749972,-14.429972000000006,0.8523787520636962
13.81,fashion,24,NY,desktop,4,0,8,3,9,5,1,0,97.749972,-83.939972,0.14127881140182003
27.42,fuel,35,NY,mobile,4,0,8,13,9,1,0,0,97.749972,-70.329972,0.2805115864328679
155.41,fuel,40,CA,mobile,8,0,23,6,1,5,1,1,97.749972,57.660028,1.5898725619085337
214.79,entertainment,53,CA,desktop,5,0,17,24,1,0,0,0,97.749972,117.04002799999999,2.1973407603907984
84.21,fashion,19,IL,tablet,6,0,0,30,3,2,0,1,97.749972,-13.539972000000006,0.8614836139136325
144.77,fashion,69,TX,desktop,2,0,23,27,7,3,0,1,97.749972,47.02002800000001,1.481023426983453
99.78,grocery,68,NY,desktop,3,0,17,4,7,3,0,0,97.749972,2.0300280000000015,1.0207675453782479
118.69,electronics,47,CA,mobile,3,0,7,22,12,6,1,0,97.749972,20.940027999999998,1.214220284234759
9.86,entertainment,60,NY,tablet,1,0,1,26,4,2,0,1,97.749972,-87.889972,0.10086959307906919
111.69,fashion,52,NY,desktop,5,0,13,6,12,1,0,0,97.749972,13.940027999999998,1.142609011257732
101.96,fashion,42,FL,mobile,0,0,16,4,6,5,1,0,97.749972,4.210027999999994,1.0430693418196648
180.32,entertainment,22,TX,tablet,0,0,1,15,10,6,1,1,97.749972,82.570028,1.8447063918882105
63.31,fashion,25,CA,tablet,2,0,7,6,10,3,0,0,97.749972,-34.439972,0.6476728131679382
167.61,grocery,44,IL,mobile,2,0,8,12,2,0,0,0,97.749972,69.86002800000001,1.7146807805256379
121.77,entertainment,56,TX,mobile,1,0,12,23,2,2,0,0,97.749972,24.020027999999996,1.2457292443446506
112.46,electronics,67,IL,mobile,6,0,12,22,10,6,1,0,97.749972,14.710027999999994,1.150486251285205
5.18,fuel,44,IL,mobile,3,0,8,4,6,6,1,0,97.749972,-92.569972,0.052992342002999834
35.02,fashion,39,NY,mobile,3,0,8,28,1,4,0,0,97.749972,-62.729972,0.3582609685222113
21.81,fashion,23,CA,tablet,3,0,12,13,8,5,1,0,97.749972,-75.939972,0.2231202662327078
183.8,fuel,48,IL,desktop,1,0,19,18,5,5,1,0,97.749972,86.05002800000001,1.880307424739647
7.89,entertainment,61,FL,tablet,4,0,0,17,5,2,0,1,97.749972,-89.859972,0.08071613482696308
12.43,fuel,33,CA,desktop,6,0,16,27,9,1,0,0,97.749972,-85.319972,0.12716116044349188
28.58,electronics,40,TX,mobile,1,0,9,5,8,0,0,0,97.749972,-69.169972,0.2923785973833466
84.28,electronics,19,IL,mobile,0,0,22,17,7,0,0,1,97.749972,-13.469971999999999,0.8621997266434028
56.73,fuel,37,TX,desktop,3,0,14,3,10,1,0,0,97.749972,-41.019972,0.5803582165695329
23.82,electronics,62,TX,tablet,5,0,21,19,9,3,0,0,97.749972,-73.92997199999999,0.24368293175896838
74.51,fashion,48,TX,mobile,1,0,10,13,2,1,0,0,97.749972,-23.239971999999995,0.7622508499311811
161.44,entertainment,69,IL,mobile,9,0,13,14,3,3,0,0,97.749972,63.690028,1.6515605584873154
232.7,entertainment,39,IL,desktop,3,0,16,28,4,4,0,0,97.749972,134.95002799999997,2.3805633173934484
157.91,grocery,28,IL,tablet,3,0,7,13,2,0,0,0,97.749972,60.160028,1.6154480165431861
125.61,fuel,46,FL,mobile,6,0,18,9,1,0,0,0,97.749972,27.860028,1.2850131426634768
8.93,electronics,24,FL,mobile,0,0,18,30,3,5,1,0,97.749972,-88.819972,0.09135552395497848
62.56,fuel,19,NY,desktop,1,0,3,13,8,6,1,1,97.749972,-35.189972,0.6400001767775425
23.07,entertainment,69,TX,desktop,3,0,8,10,8,2,0,0,97.749972,-74.67997199999999,0.23601029536857265
7.38,grocery,48,NY,desktop,1,0,18,26,8,4,0,0,97.749972,-90.369972,0.07549874208149397
79.97,entertainment,33,IL,desktop,1,1,13,7,6,2,0,0,97.749972,-17.779972,0.818107642853262
196.37,electronics,66,NY,mobile,1,0,7,21,4,6,1,0,97.749972,98.620028,2.0089008106426793
240.73,grocery,57,IL,tablet,2,0,22,16,10,6,1,1,97.749972,142.980028,2.462711677679952
162.7,entertainment,51,IL,mobile,3,0,21,5,6,0,0,0,97.749972,64.95002799999999,1.66445058762318
37.64,grocery,39,NY,tablet,4,0,0,5,12,0,0,1,97.749972,-60.109972,0.385064044979327
68.02,fashion,24,FL,tablet,4,0,16,10,6,5,1,0,97.749972,-29.729972000000004,0.6958569696996233
180.36,entertainment,29,CA,mobile,3,0,20,10,6,5,1,0,97.749972,82.61002800000001,1.8451155991623651
35.42,fuel,43,IL,mobile,2,0,8,30,7,6,1,0,97.749972,-62.329972,0.36235304126375567
26.7,electronics,21,NY,mobile,2,0,22,18,11,4,0,1,97.749972,-71.049972,0.27314585549808795
40.68,entertainment,28,NY,desktop,6,0,21,11,8,4,0,0,97.749972,-57.069972,0.41616379781506435
104.44,fashion,47,IL,tablet,2,0,8,5,6,0,0,0,97.749972,6.690027999999998,1.06844019281724
51.13,electronics,32,FL,mobile,4,0,23,25,9,2,0,1,97.749972,-46.619972,0.5230691981879115
120.79,fuel,30,IL,desktop,5,0,16,2,1,1,0,0,97.749972,23.040028000000007,1.2357036661278669
11.36,electronics,42,NY,tablet,4,0,20,13,5,0,0,0,97.749972,-86.389972,0.11621486585986064
125.23,fuel,43,TX,tablet,2,0,11,13,8,6,1,0,97.749972,27.480028000000004,1.2811256735590097
11.13,entertainment,24,CA,tablet,3,0,10,7,4,6,1,0,97.749972,-86.619972,0.11386192403347263
121.5,electronics,49,CA,tablet,3,0,11,5,7,4,0,0,97.749972,23.750028,1.242967095244108
37.36,entertainment,24,TX,mobile,0,0,8,23,1,1,0,0,97.749972,-60.389972,0.38219959406024595
40.89,fuel,26,FL,mobile,4,0,19,27,1,3,0,0,97.749972,-56.859972,0.41831213600437517
133.15,entertainment,65,CA,tablet,5,0,22,21,5,6,1,1,97.749972,35.400028000000006,1.3621487138415886
4.02,entertainment,34,FL,tablet,2,0,18,30,3,5,1,0,97.749972,-93.729972,0.04112533105252111
104.8,electronics,55,NY,mobile,1,0,4,27,11,6,1,1,97.749972,7.0500279999999975,1.07212305828463
59.63,grocery,18,CA,mobile,2,0,15,12,6,0,0,0,97.749972,-38.119972,0.6100257439457298
231.22,electronics,38,IL,mobile,0,1,3,10,4,0,0,1,97.749972,133.470028,2.365422648249734
55.94,electronics,54,NY,desktop,1,0,5,25,12,2,0,1,97.749972,-41.809972,0.5722763729049828
40.88,fuel,28,TX,mobile,2,0,11,25,7,1,0,0,97.749972,-56.869972,0.41820983418583657
179.14,entertainment,68,TX,desktop,3,0,6,13,7,3,0,0,97.749972,81.39002799999999,1.8326347773006546
204.6,fuel,52,IL,mobile,3,0,13,16,7,5,1,0,97.749972,106.850028,2.093095207299955
117.86,electronics,50,IL,desktop,4,0,12,13,9,1,0,0,97.749972,20.110028,1.2057292332960543
253.5,entertainment,56,NY,tablet,5,0,0,4,6,5,1,1,97.749972,155.750028,2.5933510999537566
59.31,electronics,42,FL,mobile,2,0,15,5,1,4,0,0,97.749972,-38.439972,0.6067520857524943
8.44,grocery,61,NY,mobile,2,0,7,25,9,2,0,0,97.749972,-89.309972,0.08634273484658661
21.85,grocery,69,IL,desktop,4,0,17,29,6,2,0,0,97.749972,-75.89997199999999,0.22352947350686228
20.79,grocery,29,NY,mobile,2,0,6,30,5,1,0,0,97.749972,-76.959972,0.21268548074176963
226.58,fashion,50,CA,mobile,4,0,2,13,10,4,0,1,97.749972,128.83002800000003,2.317954604447819
107.13,electronics,18,FL,desktop,2,1,12,21,5,1,0,0,97.749972,9.380027999999996,1.095959382004126
218.54,fuel,68,CA,desktop,2,0,4,7,9,5,1,1,97.749972,120.79002799999999,2.2357039423427767
104.72,electronics,25,CA,desktop,1,0,13,6,10,3,0,0,97.749972,6.970027999999999,1.071304643736321
43.95,grocery,18,CA,desktop,3,0,22,28,8,0,0,1,97.749972,-53.799972,0.44961649247718977
32.12,fuel,62,IL,desktop,3,0,6,22,3,4,0,0,97.749972,-65.62997200000001,0.3285934411460144
157.99,fashion,32,FL,tablet,1,0,16,2,2,3,0,0,97.749972,60.24002800000001,1.6162664310914951
70.35,grocery,29,TX,desktop,2,0,19,23,1,6,1,0,97.749972,-27.399972000000005,0.7196932934191194
5.19,electronics,67,NY,desktop,2,0,15,25,9,6,1,0,97.749972,-92.559972,0.05309464382153845
35.59,entertainment,48,IL,desktop,1,0,12,20,7,3,0,0,97.749972,-62.159971999999996,0.36409217217891204
2.97,fashion,23,CA,mobile,5,0,4,29,10,6,1,1,97.749972,-94.779972,0.030383640105967093
26.6,fuel,41,TX,tablet,3,0,11,17,4,6,1,0,97.749972,-71.14997199999999,0.27212283731270187
1.93,entertainment,59,TX,tablet,0,0,11,30,10,0,0,0,97.749972,-95.81997199999999,0.019744250977951676
69.87,fashion,64,NY,desktop,6,0,13,20,12,4,0,0,97.749972,-27.879971999999995,0.7147828061292663
17.57,fuel,36,NY,tablet,3,0,10,4,11,0,0,0,97.749972,-80.17997199999999,0.17974429517233728
3.97,fuel,31,IL,desktop,0,0,14,15,12,3,0,0,97.749972,-93.779972,0.040613821959828066
19.85,electronics,40,NY,mobile,0,0,0,8,7,4,0,1,97.749972,-77.89997199999999,0.20306910979914033
44.12,entertainment,58,CA,tablet,1,0,16,12,2,5,1,0,97.749972,-53.629972,0.4513556233923461
94.11,fuel,56,IL,desktop,2,0,17,21,3,1,0,0,97.749972,-3.639972,0.9627624142668562
42.84,fashion,48,TX,desktop,2,0,20,11,1,3,0,0,97.749972,-54.909971999999996,0.4382609906194041
60.82,fashion,54,NY,tablet,1,0,10,30,5,1,0,0,97.749972,-36.929972,0.6221996603518244
21.57,grocery,64,FL,tablet,2,0,16,21,9,3,0,0,97.749972,-76.17997199999999,0.22066502258778117
236.0,electronics,67,TX,mobile,2,0,20,15,2,3,0,0,97.749972,138.250028,2.4143229175111895
118.64,entertainment,52,IL,desktop,2,0,0,22,1,6,1,1,97.749972,20.890028,1.2137087751420659
110.62,electronics,19,CA,mobile,3,0,16,23,10,6,1,0,97.749972,12.870028000000005,1.131662716674101
42.48,fuel,29,CA,desktop,0,0,17,21,7,3,0,0,97.749972,-55.269972,0.4345781251520141
71.96,electronics,23,IL,tablet,1,0,16,28,5,6,1,0,97.749972,-25.789972000000006,0.7361638862038355
16.38,fashion,21,CA,desktop,1,0,15,1,4,4,0,0,97.749972,-81.369972,0.16757037876624273
116.83,grocery,33,NY,mobile,4,0,16,18,4,0,0,0,97.749972,19.080028,1.1951921459865775
150.45,grocery,18,IL,desktop,2,0,20,30,12,4,0,0,97.749972,52.70002799999999,1.5391308599133833
262.82,fashion,28,CA,tablet,1,0,6,6,8,5,1,0,97.749972,165.07002799999998,2.688696394831741
261.78,fuel,52,FL,mobile,2,0,7,18,12,6,1,0,97.749972,164.03002799999996,2.678057005703725
118.79,fashion,22,TX,desktop,2,0,1,21,7,4,0,1,97.749972,21.040028000000007,1.215243302420145
96.54,grocery,26,FL,desktop,1,0,0,21,6,4,0,1,97.749972,-1.2099719999999934,0.9876217561717384
316.62,fuel,63,CA,desktop,4,0,19,23,4,1,0,0,97.749972,218.870028,3.2390801785694614
98.81,grocery,31,CA,mobile,4,0,12,24,6,0,0,0,97.749972,1.0600280000000026,1.0108442689800028
180.48,electronics,61,IL,tablet,4,0,6,12,6,2,0,0,97.749972,82.73002799999999,1.8463432209848283
54.69,entertainment,42,FL,mobile,2,0,13,8,10,1,0,0,97.749972,-43.059972,0.5594886455876565
17.75,fuel,18,IL,tablet,5,0,20,27,8,1,0,0,97.749972,-79.999972,0.18158572790603228
178.87,fuel,46,TX,mobile,4,0,20,4,3,0,0,0,97.749972,81.120028,1.8298726282001123
41.15,entertainment,57,IL,tablet,4,0,9,3,8,2,0,0,97.749972,-56.599972,0.420971983286379
2.14,entertainment,45,CA,mobile,4,0,15,2,3,3,0,0,97.749972,-95.609972,0.021892589167262482
20.71,electronics,48,CA,mobile,1,0,15,12,1,4,0,0,97.749972,-77.039972,0.21186706619346074
275.44,fashion,29,TX,mobile,5,0,7,15,6,3,0,0,97.749972,177.69002799999998,2.8178012898274662
68.46,electronics,67,CA,mobile,2,0,18,27,11,2,0,0,97.749972,-29.289972000000006,0.7003582497153221
30.79,grocery,36,NY,tablet,4,0,11,17,5,1,0,0,97.749972,-66.959972,0.31498729928037933
108.1,electronics,33,NY,tablet,1,0,12,27,9,2,0,0,97.749972,10.350027999999995,1.105882658402371
34.16,fuel,57,NY,desktop,3,0,1,29,8,0,0,1,97.749972,-63.589972,0.34946301212789077
172.97,grocery,34,FL,mobile,4,0,12,30,12,5,1,0,97.749972,75.220028,1.7695145552623324
272.27,entertainment,65,CA,mobile,4,0,22,29,5,0,0,1,97.749972,174.52002799999997,2.7853716133507267
14.01,entertainment,25,IL,mobile,3,0,17,6,11,0,0,0,97.749972,-83.739972,0.14332484777259222
239.91,fuel,45,NY,desktop,2,0,18,21,11,0,0,0,97.749972,142.160028,2.454322928559786
295.05,grocery,60,NY,mobile,2,0,11,28,8,6,1,0,97.749972,197.300028,3.01841515598168
39.32,fashion,21,FL,mobile,2,0,14,1,7,4,0,0,97.749972,-58.429972,0.4022507504938134
54.12,electronics,62,TX,tablet,1,0,22,7,11,1,0,1,97.749972,-43.629972,0.5536574419309558
17.03,fashion,37,NY,desktop,1,0,22,25,10,4,0,1,97.749972,-80.719972,0.17421999697125237
92.44,fashion,48,IL,tablet,5,0,2,20,4,5,1,1,97.749972,-5.309972000000002,0.9456780105709083
493.42,electronics,48,IL,mobile,3,0,19,13,9,2,0,0,97.749972,395.670028,5.0477763303320815
55.54,fuel,31,TX,desktop,1,0,16,22,12,4,0,0,97.749972,-42.209972,0.5681843001634385
426.4,entertainment,35,CA,tablet,4,0,19,28,1,5,1,0,97.749972,328.65002799999996,4.362149542486319
46.74,fuel,40,NY,mobile,4,0,5,5,1,3,0,1,97.749972,-51.009972,0.4781586998494619
331.04,grocery,49,IL,desktop,3,0,15,6,12,2,0,0,97.749972,233.290028,3.3865994009021367
83.26,grocery,31,TX,desktop,4,0,1,1,2,1,0,1,97.749972,-14.489971999999995,0.8517649411524646
64.62,entertainment,31,CA,tablet,7,0,9,18,6,1,0,0,97.749972,-33.129971999999995,0.6610743513964961
347.2,electronics,18,TX,mobile,2,0,7,12,3,1,0,0,97.749972,249.45002799999997,3.5519191396605296
69.38,entertainment,46,FL,mobile,3,0,14,1,7,5,1,0,97.749972,-28.369972000000004,0.7097700170208743
33.76,grocery,55,TX,mobile,4,0,4,25,4,1,0,1,97.749972,-63.989972,0.34537093938634644
60.08,grocery,31,NY,desktop,4,0,18,25,6,5,1,0,97.749972,-37.669972,0.6146293257799672
35.18,fuel,53,NY,tablet,1,0,12,2,10,6,1,0,97.749972,-62.569972,0.359897797618829
14.36,grocery,48,IL,tablet,3,0,20,3,3,4,0,0,97.749972,-83.389972,0.14690541142144356
149.56,electronics,47,IL,mobile,4,0,21,16,11,3,0,0,97.749972,51.810028,1.5300259980634472
81.51,grocery,49,CA,desktop,3,0,10,25,7,0,0,0,97.749972,-16.239971999999995,0.8338621229082079
66.91,electronics,58,CA,mobile,3,0,23,24,1,2,0,1,97.749972,-30.839972000000003,0.6845014678418376
141.82,fuel,63,TX,tablet,2,1,16,11,2,6,1,0,97.749972,44.07002799999999,1.4508443905145632
16.5,entertainment,24,FL,tablet,2,0,19,8,11,2,0,0,97.749972,-81.249972,0.16879800058870606
36.27,entertainment,29,FL,mobile,2,0,0,15,3,2,0,1,97.749972,-61.479972,0.37104869583953753
159.82,grocery,37,NY,desktop,0,0,23,24,2,4,0,1,97.749972,62.07002799999999,1.6349876638840606
112.15,grocery,18,FL,mobile,4,0,4,11,8,3,0,1,97.749972,14.400028000000006,1.147314894910508
64.47,fuel,32,IL,mobile,2,0,7,21,6,2,0,0,97.749972,-33.279972,0.6595398241184169
7.81,electronics,38,TX,mobile,3,0,1,4,6,6,1,1,97.749972,-89.939972,0.07989772027865419
214.49,fashion,68,NY,tablet,2,0,8,6,12,2,0,0,97.749972,116.74002800000001,2.19427170583464
22.75,electronics,40,CA,mobile,1,0,8,31,12,6,1,0,97.749972,-74.999972,0.23273663717533713
146.67,entertainment,29,CA,desktop,4,0,15,25,4,1,0,0,97.749972,48.92002799999999,1.5004607725057888
60.92,fashion,20,IL,tablet,3,0,11,25,3,5,1,0,97.749972,-36.829972,0.6232226785372105
288.72,grocery,45,IL,mobile,4,0,15,10,9,1,0,0,97.749972,190.970028,2.9536581048467405
20.56,grocery,52,TX,desktop,2,0,16,14,11,0,0,0,97.749972,-77.189972,0.2103325389153816
51.86,grocery,65,FL,desktop,5,0,23,20,10,4,0,1,97.749972,-45.889972,0.5305372309412301
128.04,electronics,33,IL,desktop,2,0,6,2,5,3,0,0,97.749972,30.290027999999992,1.309872484568359
135.34,entertainment,27,IL,mobile,6,0,17,14,5,1,0,0,97.749972,37.590028000000004,1.384552812101544
88.42,grocery,31,CA,desktop,3,0,12,11,11,5,1,0,97.749972,-9.329971999999998,0.9045526795183872
25.63,electronics,32,IL,tablet,5,0,0,2,12,5,1,1,97.749972,-72.119972,0.26219956091445673
199.78,entertainment,35,NY,mobile,4,0,8,15,6,3,0,0,97.749972,102.030028,2.043785730764345
15.43,fuel,28,NY,tablet,6,0,19,2,1,0,0,0,97.749972,-82.319972,0.1578517060050748
101.99,entertainment,42,NY,mobile,2,0,8,14,9,3,0,0,97.749972,4.240027999999995,1.0433762472752806
81.79,entertainment,52,TX,desktop,2,0,4,6,4,3,0,1,97.749972,-15.959971999999993,0.836726573827289
8.09,electronics,43,NY,mobile,3,0,18,5,2,0,0,0,97.749972,-89.659972,0.08276217119773527
183.95,grocery,53,CA,desktop,6,0,16,13,12,1,0,0,97.749972,86.20002799999999,1.8818419520177259
9.27,grocery,52,CA,tablet,2,0,0,21,4,3,0,1,97.749972,-88.479972,0.09483378578529121
304.46,electronics,60,FL,mobile,1,0,11,27,2,6,1,0,97.749972,206.71002799999997,3.1146811672265113
7.0,fashion,58,TX,tablet,1,0,8,21,5,6,1,0,97.749972,-90.749972,0.07161127297702681
289.62,electronics,52,CA,mobile,2,0,10,26,11,5,1,0,97.749972,191.870028,2.962865268515215
70.48,entertainment,33,CA,desktop,1,0,19,22,10,6,1,0,97.749972,-27.269971999999996,0.7210232170601214
155.33,electronics,39,NY,desktop,3,0,8,5,3,1,0,0,97.749972,57.58002800000001,1.589054147360225
23.05,electronics,42,FL,tablet,1,0,5,29,7,4,0,1,97.749972,-74.699972,0.23580569173149543
15.63,electronics,46,IL,mobile,1,0,3,7,11,0,0,1,97.749972,-82.119972,0.159897742375847
103.71,fuel,61,TX,tablet,2,0,3,30,11,3,0,1,97.749972,5.960027999999994,1.0609721600639215
121.91,electronics,59,NY,mobile,4,0,4,16,6,6,1,1,97.749972,24.160027999999997,1.247161469804191
48.98,entertainment,19,CA,mobile,2,0,7,21,11,0,0,0,97.749972,-48.769972,0.5010743072021104
290.07,electronics,30,TX,tablet,1,0,15,29,9,6,1,0,97.749972,192.32002799999998,2.9674688503494524
25.47,grocery,42,IL,desktop,3,1,21,27,1,3,0,0,97.749972,-72.279972,0.26056273181783896
117.34,entertainment,66,FL,tablet,4,0,14,7,12,3,0,0,97.749972,19.590028000000004,1.2004095387320466
50.41,entertainment,58,TX,desktop,1,0,4,13,7,5,1,1,97.749972,-47.339972,0.5157034672531317
113.04,electronics,67,IL,desktop,2,0,22,29,6,5,1,1,97.749972,15.290028000000007,1.1564197567604444
152.51,electronics,35,NY,mobile,6,0,7,6,5,4,0,0,97.749972,54.76002799999999,1.5602050345323368
1.32,fuel,32,NY,mobile,2,0,14,26,11,6,1,0,97.749972,-96.429972,0.013503840047096484
36.7,electronics,19,FL,desktop,2,0,12,20,3,6,1,0,97.749972,-61.049972,0.3754476740366977
2.22,entertainment,50,IL,desktop,1,0,2,24,12,5,1,1,97.749972,-95.529972,0.022711003715571363
190.77,grocery,50,NY,desktop,1,0,3,26,12,1,0,1,97.749972,93.02002800000001,1.9516117922610579
23.4,fashion,58,FL,desktop,3,0,15,11,5,2,0,0,97.749972,-74.34997200000001,0.23938625538034675
2.28,entertainment,55,TX,desktop,5,0,17,5,6,2,0,0,97.749972,-95.469972,0.023324814626803015
21.67,electronics,37,FL,mobile,2,0,11,8,10,1,0,0,97.749972,-76.079972,0.22168804077316728
60.21,entertainment,35,TX,tablet,3,0,20,28,6,2,0,0,97.749972,-37.539972,0.6159592494209691
17.54,entertainment,59,TX,tablet,1,0,12,22,11,2,0,0,97.749972,-80.209972,0.17943738971672146
34.13,electronics,57,TX,desktop,5,0,5,2,6,4,0,1,97.749972,-63.619972,0.34915610667227504
13.64,electronics,65,TX,mobile,3,0,21,13,3,0,0,0,97.749972,-84.109972,0.13953968048666368
1.15,electronics,52,TX,desktop,6,0,14,6,5,5,1,0,97.749972,-96.599972,0.011764709131940118
3.14,fuel,57,IL,mobile,6,0,2,8,3,1,0,1,97.749972,-94.609972,0.03212277102112346
3.23,entertainment,28,IL,tablet,6,1,1,22,10,1,0,1,97.749972,-94.519972,0.03304348738797094
3.71,entertainment,30,CA,mobile,3,0,6,17,6,4,0,0,97.749972,-94.039972,0.03795397467782421
8.94,fuel,32,NY,mobile,7,0,12,16,1,6,1,0,97.749972,-88.809972,0.09145782577351709
30.13,fuel,35,CA,tablet,2,0,20,25,8,3,0,0,97.749972,-67.619972,0.3082353792568311
73.43,grocery,32,CA,desktop,0,0,7,15,2,2,0,0,97.749972,-24.319971999999993,0.7512022535290113
59.88,entertainment,60,NY,mobile,1,0,13,9,6,3,0,0,97.749972,-37.869972,0.612583289409195
5.38,fashion,22,IL,mobile,2,0,17,10,9,6,1,0,97.749972,-92.369972,0.05503837837377203
89.58,fashion,31,FL,mobile,3,0,22,30,11,5,1,1,97.749972,-8.169972000000001,0.916419690468866
17.9,entertainment,26,CA,mobile,2,0,2,29,5,2,0,1,97.749972,-79.84997200000001,0.1831202551841114
88.76,fuel,30,NY,tablet,0,0,7,1,9,6,1,0,97.749972,-8.989971999999995,0.9080309413487
51.38,grocery,68,TX,mobile,3,0,8,23,2,4,0,0,97.749972,-46.369972,0.5256267436513768
159.16,electronics,67,NY,desktop,2,0,11,18,4,0,0,0,97.749972,61.410028,1.6282357438605124
67.73,grocery,31,TX,mobile,4,0,9,15,3,2,0,0,97.749972,-30.019971999999996,0.6928902169620037
77.71,electronics,24,FL,mobile,2,0,5,30,7,6,1,1,97.749972,-20.039972000000006,0.7949874318635362
431.55,grocery,57,IL,tablet,2,0,3,19,4,1,0,1,97.749972,333.800028,4.414834979033703
609.66,entertainment,42,NY,tablet,5,0,3,13,5,4,0,1,97.749972,511.91002799999995,6.23693266902488
72.31,grocery,43,FL,desktop,5,0,2,5,11,5,1,1,97.749972,-25.439971999999997,0.739744449852687
139.33,fashion,44,TX,desktop,7,0,4,5,11,1,0,1,97.749972,41.58002800000001,1.4253712376984495
21.21,fashion,28,FL,desktop,2,0,2,25,12,6,1,1,97.749972,-76.539972,0.21698215712039123
55.67,entertainment,62,FL,tablet,1,0,2,1,1,0,0,1,97.749972,-42.079972,0.5695142238044404
38.0,fashion,56,TX,desktop,4,0,8,22,8,1,0,0,97.749972,-59.749972,0.38874691044671694
60.21,entertainment,18,FL,desktop,3,0,9,5,12,0,0,0,97.749972,-37.539972,0.6159592494209691
291.46,entertainment,34,CA,desktop,2,0,4,25,2,4,0,1,97.749972,193.71002799999997,2.981688803126319
220.92,electronics,40,NY,desktop,3,0,12,7,10,5,1,0,97.749972,123.17002799999999,2.260051775154966
149.1,grocery,34,TX,desktop,1,0,0,23,1,6,1,1,97.749972,51.350027999999995,1.525320114410671
11.18,grocery,18,TX,desktop,1,0,10,24,11,3,0,0,97.749972,-86.569972,0.11437343312616567
57.74,electronics,19,NY,mobile,5,0,18,22,11,1,0,0,97.749972,-40.009972,0.5906907002419326
53.99,fuel,46,IL,mobile,2,0,12,25,6,5,1,0,97.749972,-43.759972,0.552327518289954
102.48,electronics,36,FL,tablet,2,0,8,3,5,1,0,0,97.749972,4.730028000000004,1.0483890363836725
149.27,fuel,58,CA,tablet,1,0,15,4,3,4,0,0,97.749972,51.52002800000001,1.5270592453258276
90.68,electronics,57,TX,desktop,2,0,2,22,8,1,0,1,97.749972,-7.069971999999993,0.9276728905081131
41.92,grocery,36,TX,tablet,3,0,1,8,4,4,0,1,97.749972,-55.829972,0.428849223313852
123.85,fuel,45,NY,mobile,2,0,16,21,4,3,0,0,97.749972,26.100027999999995,1.2670080226006815
23.19,fuel,39,NY,desktop,5,0,7,15,9,6,1,0,97.749972,-74.559972,0.23723791719103596
197.13,grocery,61,IL,mobile,2,0,11,5,3,5,1,0,97.749972,99.380028,2.0166757488516134
136.0,grocery,68,TX,mobile,5,0,16,9,1,1,0,0,97.749972,38.250028,1.3913047321250922
215.92,grocery,35,TX,tablet,1,0,14,7,4,3,0,0,97.749972,118.17002799999999,2.2089008658856613
21.36,grocery,30,FL,mobile,3,0,2,6,7,3,0,1,97.749972,-76.389972,0.21851668439847038
43.19,electronics,22,IL,tablet,6,0,23,29,11,4,0,1,97.749972,-54.559972,0.4418415542682554
65.98,fashion,50,CA,mobile,3,0,15,25,10,1,0,0,97.749972,-31.769971999999996,0.674987398717747
19.42,grocery,32,TX,desktop,3,1,11,29,6,3,0,0,97.749972,-78.329972,0.1986701316019801
32.6,electronics,66,FL,desktop,3,0,23,11,8,4,0,1,97.749972,-65.14997199999999,0.33350392843586774
347.71,grocery,64,CA,desktop,5,0,16,20,3,6,1,0,97.749972,249.96002799999997,3.5571365324059987
344.27,fashion,46,CA,desktop,1,0,21,3,2,4,0,0,97.749972,246.52002799999997,3.521944706828717
17.9,entertainment,47,TX,desktop,2,0,6,26,1,3,0,0,97.749972,-79.84997200000001,0.1831202551841114
17.05,fashion,53,TX,mobile,3,0,7,10,10,0,0,0,97.749972,-80.699972,0.1744246006083296
94.09,entertainment,25,CA,tablet,4,0,8,10,5,2,0,0,97.749972,-3.6599719999999962,0.962557810629779
115.84,fashion,64,NY,mobile,1,0,3,15,12,3,0,1,97.749972,18.090028000000004,1.1850642659512551
32.95,fashion,48,IL,tablet,4,0,22,28,10,0,0,1,97.749972,-64.799972,0.3370844920847191
58.83,entertainment,68,TX,desktop,2,0,15,23,3,5,1,0,97.749972,-38.919972,0.601841598462641
61.56,grocery,31,FL,mobile,4,0,6,30,5,3,0,0,97.749972,-36.189972,0.6297699949236815
152.92,grocery,49,IL,mobile,3,0,6,11,3,5,1,0,97.749972,55.17002799999999,1.5643994090924198
2.39,fuel,34,TX,mobile,5,0,3,16,10,2,0,1,97.749972,-95.359972,0.024450134630727725
50.57,fashion,52,CA,tablet,2,0,16,1,2,3,0,0,97.749972,-47.179972,0.5173402963497494
49.79,fuel,56,IL,mobile,5,0,23,8,5,2,0,1,97.749972,-47.959972,0.5093607545037379
0.55,grocery,24,IL,desktop,1,0,13,13,5,5,1,0,97.749972,-97.199972,0.005626600019623535
391.05,electronics,36,IL,tablet,4,0,3,26,1,4,0,1,97.749972,293.300028,4.000512613952334
47.79,grocery,20,CA,mobile,2,0,10,1,11,1,0,0,97.749972,-49.959972,0.4889003907960159
150.39,entertainment,19,TX,mobile,8,0,11,17,3,6,1,0,97.749972,52.64002799999999,1.5385170490021516
28.8,grocery,26,TX,mobile,5,0,4,13,12,1,0,1,97.749972,-68.949972,0.294629237391196
7.53,grocery,64,NY,mobile,5,0,14,30,1,0,0,0,97.749972,-90.219972,0.07703326935957312
5.74,electronics,54,NY,mobile,1,0,14,27,8,5,1,0,97.749972,-92.009972,0.05872124384116199
5.37,fuel,19,NY,tablet,4,1,8,13,2,0,0,0,97.749972,-92.379972,0.05493607655523342
356.78,electronics,50,NY,mobile,3,0,2,20,5,4,0,1,97.749972,259.03002799999996,3.6499242818205175
110.58,fashion,57,CA,tablet,2,0,12,15,9,6,1,0,97.749972,12.830027999999999,1.1312535093999463
68.61,fuel,25,IL,desktop,2,0,4,2,4,1,0,1,97.749972,-29.139972,0.7018927769934014
51.11,electronics,24,CA,desktop,1,0,0,6,6,1,0,1,97.749972,-46.639972,0.5228645945508343
181.43,grocery,24,TX,desktop,2,0,9,1,10,1,0,0,97.749972,83.68002800000001,1.8560618937459963
42.74,entertainment,62,NY,mobile,5,0,4,28,9,2,0,1,97.749972,-55.009972,0.437237972434018
102.3,electronics,47,CA,desktop,7,0,4,11,10,1,0,1,97.749972,4.5500279999999975,1.0465476036499775
13.07,electronics,54,IL,tablet,1,0,6,21,9,3,0,0,97.749972,-84.67997199999999,0.13370847682996292
94.02,fashion,50,CA,mobile,0,0,6,11,3,5,1,0,97.749972,-3.7299720000000036,0.9618416979000086
41.83,entertainment,62,IL,mobile,1,0,23,7,2,2,0,1,97.749972,-55.919972,0.42792850694700446
114.63,electronics,55,NY,desktop,4,0,8,9,3,3,0,0,97.749972,16.880027999999996,1.1726857459080833
102.94,fuel,57,IL,tablet,0,0,15,6,6,0,0,0,97.749972,5.190027999999998,1.0530949200364486
18.84,electronics,30,NY,tablet,1,0,7,15,1,0,0,0,97.749972,-78.909972,0.19273662612674072
196.51,fashion,37,IL,tablet,6,0,12,17,7,6,1,0,97.749972,98.76002799999999,2.0103330361022196
129.5,electronics,37,NY,tablet,0,0,14,6,2,1,0,0,97.749972,31.750028,1.324808550074996
13.78,entertainment,68,FL,mobile,3,0,1,16,7,1,0,1,97.749972,-83.969972,0.1409719059462042
41.93,grocery,22,CA,desktop,5,0,2,4,4,3,0,1,97.749972,-55.819972,0.4289515251323906
113.05,grocery,43,TX,tablet,4,0,3,12,9,3,0,1,97.749972,15.300027999999998,1.156522058578983
71.38,fuel,23,NY,desktop,2,0,11,23,9,5,1,0,97.749972,-26.369972000000004,0.7302303807285961
273.95,fuel,63,NY,tablet,1,0,23,23,4,1,0,1,97.749972,176.20002799999997,2.8025583188652132
100.55,electronics,34,FL,desktop,2,0,11,20,5,5,1,0,97.749972,2.8000279999999975,1.0286447854057208
1.31,fashion,47,IL,mobile,3,0,18,6,3,0,0,0,97.749972,-96.439972,0.013401538228557875
34.29,grocery,27,TX,tablet,3,0,7,2,2,4,0,0,97.749972,-63.459972,0.35079293576889276
13.82,fuel,22,FL,mobile,2,0,12,20,6,1,0,0,97.749972,-83.92997199999999,0.14138111322035865
133.49,entertainment,43,FL,mobile,1,0,9,16,6,6,1,0,97.749972,35.74002800000001,1.3656269756719013
22.12,grocery,35,IL,mobile,5,0,16,25,10,2,0,0,97.749972,-75.629972,0.22629162260740474
51.95,electronics,55,IL,desktop,2,0,16,19,10,5,1,0,97.749972,-45.799972,0.5314579473080776
34.65,grocery,25,IL,desktop,1,0,13,2,1,6,1,0,97.749972,-63.099972,0.3544758012362827
8.67,fashion,32,NY,mobile,3,0,10,13,12,4,0,0,97.749972,-89.079972,0.08869567667297464
95.77,entertainment,53,IL,tablet,2,0,6,29,5,0,0,0,97.749972,-1.9799720000000036,0.9797445161442653
10.51,entertainment,28,FL,tablet,0,0,4,20,6,3,0,1,97.749972,-87.239972,0.10751921128407882
125.16,fuel,45,CA,desktop,5,0,21,19,5,6,1,0,97.749972,27.410027999999997,1.2804095608292394
143.04,fashion,57,NY,mobile,4,0,4,14,10,0,0,1,97.749972,45.29002799999999,1.4633252123762734
31.27,entertainment,54,IL,tablet,2,0,20,27,4,5,1,0,97.749972,-66.479972,0.3198977865702326
33.0,fuel,62,IL,tablet,5,0,1,3,12,1,0,1,97.749972,-64.749972,0.3375960011774121
47.45,fuel,65,NY,desktop,2,0,10,3,7,2,0,0,97.749972,-50.299972,0.4854221289657032
139.59,fuel,46,IL,desktop,3,0,21,1,5,6,1,0,97.749972,41.840028000000004,1.4280310849804532
86.12,entertainment,38,FL,desktop,0,0,1,14,2,0,0,1,97.749972,-11.629971999999995,0.881023261254507
92.11,entertainment,50,IL,desktop,5,0,6,17,6,5,1,0,97.749972,-5.639972,0.9423020505591342
95.01,electronics,21,TX,tablet,0,0,22,27,5,5,1,1,97.749972,-2.7399719999999945,0.9719695779353311
116.28,grocery,62,TX,mobile,3,0,3,28,2,1,0,1,97.749972,18.530028,1.1895655459669539
12.71,fashion,57,CA,mobile,2,0,1,17,12,1,0,1,97.749972,-85.039972,0.13002561136257298
110.24,fashion,63,IL,desktop,1,0,8,15,10,5,1,0,97.749972,12.490027999999995,1.1277752475696337
61.32,electronics,29,TX,desktop,2,0,22,11,1,1,0,1,97.749972,-36.429972,0.6273147512787548
189.48,fashion,30,CA,tablet,6,0,10,17,6,4,0,0,97.749972,91.73002799999999,1.938414857669577
67.07,fuel,18,NY,desktop,2,0,23,6,5,0,0,1,97.749972,-30.679972000000006,0.6861382969384554
86.69,fashion,39,TX,mobile,4,0,5,20,4,5,1,1,97.749972,-11.059972000000002,0.8868544649112077
351.52,entertainment,20,IL,tablet,2,0,14,13,8,6,1,0,97.749972,253.77002799999997,3.596113525269209
108.46,electronics,27,CA,desktop,5,0,16,6,5,4,0,0,97.749972,10.710027999999994,1.109565523869761
30.59,grocery,67,NY,desktop,5,0,10,27,9,2,0,0,97.749972,-67.159972,0.31294126290960717
123.55,entertainment,55,TX,desktop,4,0,21,2,7,6,1,0,97.749972,25.800027999999998,1.2639389680445232
114.98,electronics,50,IL,tablet,4,0,14,23,7,6,1,0,97.749972,17.230028000000004,1.1762663095569348
393.58,electronics,59,TX,mobile,1,0,7,3,11,3,0,0,97.749972,295.83002799999997,4.026394974042601
38.65,grocery,30,TX,mobile,2,0,23,13,2,6,1,1,97.749972,-59.099972,0.3953965286517266
35.15,fuel,66,IL,tablet,1,0,17,30,7,5,1,0,97.749972,-62.599972,0.35959089216321316
14.22,electronics,65,IL,tablet,1,0,15,9,1,0,0,0,97.749972,-83.529972,0.14547318596190303
73.78,grocery,33,FL,desktop,4,0,5,20,7,3,0,1,97.749972,-23.969972,0.7547828171778626
78.72,fashion,45,CA,mobile,3,0,3,2,11,5,1,1,97.749972,-19.029972,0.8053199155359357
34.82,fashion,48,NY,mobile,1,0,7,17,9,1,0,0,97.749972,-62.929972,0.35621493215143907
35.58,grocery,23,IL,tablet,1,0,14,28,11,0,0,0,97.749972,-62.169972,0.3639898703603734
63.06,entertainment,40,CA,mobile,5,0,9,6,7,2,0,0,97.749972,-34.689972,0.6451152677044729
291.82,fuel,25,TX,mobile,4,0,14,9,4,6,1,0,97.749972,194.07002799999998,2.985371668593709
233.36,fashion,44,NY,desktop,4,0,3,22,12,6,1,1,97.749972,135.610028,2.387315237416997
192.68,fuel,68,FL,mobile,1,0,15,29,4,5,1,0,97.749972,94.93002800000001,1.9711514396019323
235.7,fuel,34,NY,mobile,1,0,20,14,9,3,0,0,97.749972,137.95002799999997,2.4112538629550313
7.49,fuel,52,NY,tablet,2,0,23,9,8,2,0,1,97.749972,-90.259972,0.07662406208541869
8.59,electronics,54,CA,mobile,4,0,16,3,10,0,0,0,97.749972,-89.159972,0.08787726212466575
22.39,grocery,41,FL,desktop,3,0,19,12,10,3,0,0,97.749972,-75.359972,0.2290537717079472
207.74,entertainment,53,CA,desktop,3,0,0,20,2,0,0,1,97.749972,109.99002800000001,2.1252179783210785
373.3,electronics,35,TX,mobile,5,0,1,30,8,2,0,1,97.749972,275.550028,3.818926886046301
142.05,electronics,25,TX,mobile,2,0,19,19,2,0,0,0,97.749972,44.30002800000001,1.4531973323409513
50.89,entertainment,55,IL,mobile,3,0,22,3,6,4,0,1,97.749972,-46.859972,0.5206139545429849
86.75,electronics,46,FL,tablet,1,0,7,5,8,0,0,0,97.749972,-10.999972,0.8874682758224394
60.69,electronics,52,CA,desktop,3,0,7,27,4,2,0,0,97.749972,-37.059972,0.6208697367108225
93.14,fuel,43,IL,mobile,2,0,16,3,6,4,0,0,97.749972,-4.609971999999999,0.952839137868611
132.28,electronics,36,CA,mobile,3,0,18,29,7,5,1,0,97.749972,34.530028,1.3532484556287294
179.77,electronics,26,FL,desktop,2,0,7,19,8,4,0,0,97.749972,82.02002800000001,1.8390797918685873
103.96,electronics,60,FL,mobile,1,0,13,24,3,3,0,0,97.749972,6.210027999999994,1.0635297055273867
38.81,fashion,23,NY,mobile,4,0,18,1,2,3,0,0,97.749972,-58.939972,0.39703335774834436
130.57,electronics,22,TX,desktop,2,0,14,25,7,0,0,0,97.749972,32.82002799999999,1.3357548446586271
29.09,fuel,66,NY,tablet,4,0,22,6,7,5,1,1,97.749972,-68.659972,0.2975959901288157
19.28,fashion,47,IL,tablet,2,0,17,10,6,0,0,0,97.749972,-78.469972,0.19723790614243958
25.78,entertainment,49,NY,desktop,1,0,11,17,9,5,1,0,97.749972,-71.969972,0.2637340881925359
27.57,electronics,54,TX,tablet,4,0,22,14,9,2,0,1,97.749972,-70.17997199999999,0.282046113710947
5.42,entertainment,62,TX,mobile,0,0,4,7,3,1,0,1,97.749972,-92.329972,0.05544758564792647
17.0,electronics,51,CA,mobile,2,0,9,13,10,6,1,0,97.749972,-80.749972,0.17391309151563653
164.56,fashion,26,TX,desktop,0,0,20,18,5,3,0,0,97.749972,66.810028,1.6834787258713617
76.74,fuel,50,IL,desktop,1,0,9,24,2,5,1,0,97.749972,-21.009972000000005,0.785064155465291
9.09,grocery,28,CA,desktop,6,0,12,27,1,3,0,0,97.749972,-88.659972,0.09299235305159624
157.34,fashion,45,IL,mobile,4,0,21,3,3,4,0,0,97.749972,59.590028000000004,1.6096168128864854
78.9,electronics,36,TX,desktop,1,0,3,20,11,6,1,1,97.749972,-18.849971999999994,0.8071613482696308
2.22,fashion,38,IL,mobile,2,0,14,21,11,0,0,0,97.749972,-95.529972,0.022711003715571363
41.17,fashion,25,CA,desktop,0,0,11,14,3,0,0,0,97.749972,-56.579972,0.4211765869234563
49.04,fashion,18,IL,tablet,4,0,21,13,10,6,1,0,97.749972,-48.709972,0.5016881181133421
85.2,fuel,34,TX,tablet,3,0,3,9,6,6,1,1,97.749972,-12.549971999999997,0.8716114939489549
52.0,entertainment,42,IL,desktop,5,0,0,9,12,5,1,1,97.749972,-45.749972,0.5319694564007705
18.52,electronics,42,IL,mobile,5,0,17,22,7,4,0,0,97.749972,-79.229972,0.1894629679335052
22.55,electronics,41,TX,desktop,1,0,0,2,11,3,0,1,97.749972,-75.199972,0.23069060080456494
24.17,entertainment,52,CA,desktop,2,0,22,28,3,0,0,1,97.749972,-73.579972,0.24726349540781972
17.61,fuel,65,NY,mobile,1,0,18,18,10,2,0,0,97.749972,-80.139972,0.18015350244649173
60.74,electronics,49,CA,tablet,2,0,17,19,2,0,0,0,97.749972,-37.009972,0.6213812458035155
42.66,entertainment,23,NY,desktop,4,0,7,27,6,0,0,0,97.749972,-55.089972,0.4364195578857091
7.36,grocery,30,TX,desktop,4,0,9,4,9,6,1,0,97.749972,-90.389972,0.07529413844441676
55.83,grocery,67,NY,desktop,4,0,0,26,3,6,1,1,97.749972,-41.919972,0.571151052901058
18.09,entertainment,36,FL,mobile,5,0,0,25,11,4,0,1,97.749972,-79.659972,0.185063989736345
17.63,entertainment,42,CA,desktop,1,0,15,12,10,5,1,0,97.749972,-80.119972,0.18035810608356895
0.61,entertainment,25,NY,tablet,1,0,16,10,2,4,0,0,97.749972,-97.139972,0.006240410930855193
66.88,fuel,56,NY,desktop,3,0,11,10,1,0,0,0,97.749972,-30.869972000000004,0.6841945623862218
23.2,fashion,54,TX,mobile,1,0,15,21,6,1,0,0,97.749972,-74.549972,0.23734021900957455
84.82,entertainment,29,IL,mobile,2,0,8,21,7,3,0,0,97.749972,-12.929972000000006,0.8677240248444876
276.18,entertainment,53,NY,desktop,2,0,7,23,8,4,0,0,97.749972,178.430028,2.8253716243993234
150.5,fashion,25,NY,desktop,3,0,14,23,9,5,1,0,97.749972,52.750028,1.5396423690060763
86.01,grocery,26,NY,desktop,3,0,1,4,2,6,1,1,97.749972,-11.739971999999995,0.8798979412505823
109.97,fashion,50,CA,tablet,3,0,19,8,11,4,0,0,97.749972,12.220028,1.1250130984690911
54.15,fuel,26,FL,desktop,4,0,21,9,11,2,0,0,97.749972,-43.599972,0.5539643473865716
114.92,fuel,61,TX,desktop,2,0,9,5,7,2,0,0,97.749972,17.170028000000002,1.175652498645703
26.42,fashion,64,FL,mobile,2,0,19,2,11,3,0,0,97.749972,-71.329972,0.2702814045790069
265.93,entertainment,20,TX,mobile,2,0,7,29,11,2,0,0,97.749972,168.180028,2.7205122603972485
335.58,entertainment,27,CA,mobile,3,0,18,16,12,0,0,0,97.749972,237.83002799999997,3.433044426518665
77.83,grocery,40,TX,desktop,2,0,16,1,6,3,0,0,97.749972,-19.919972,0.7962150536859995
359.61,fuel,58,CA,tablet,1,0,17,11,4,1,0,0,97.749972,261.860028,3.6788756964669447
162.23,entertainment,23,NY,tablet,6,0,9,12,3,1,0,0,97.749972,64.48002799999999,1.6596424021518654
119.76,fuel,28,NY,desktop,3,0,1,9,4,1,0,1,97.749972,22.010028000000005,1.22516657881839
69.44,fashion,41,FL,mobile,3,0,9,8,4,4,0,0,97.749972,-28.309972000000002,0.710383827932106
211.18,electronics,23,FL,mobile,5,0,15,3,12,1,0,0,97.749972,113.43002800000001,2.1604098038983603
9.16,electronics,39,FL,mobile,2,0,17,15,2,2,0,0,97.749972,-88.589972,0.09370846578136652
7.22,fuel,64,FL,tablet,2,0,18,9,8,2,0,0,97.749972,-90.529972,0.07386191298487622
8.72,electronics,53,IL,tablet,3,0,19,26,9,3,0,0,97.749972,-89.029972,0.08920718576566769
106.04,entertainment,67,NY,desktop,5,0,6,8,2,1,0,0,97.749972,8.290028000000007,1.0848084837834175
30.66,grocery,54,NY,desktop,3,0,2,9,11,3,0,1,97.749972,-67.089972,0.3136573756393774
37.6,electronics,55,TX,tablet,3,0,17,11,7,3,0,0,97.749972,-60.149972,0.3846548377051726
1.06,entertainment,43,FL,desktop,3,0,12,2,2,3,0,0,97.749972,-96.689972,0.010843992765092632
77.37,fuel,52,NY,mobile,5,0,3,30,9,0,0,1,97.749972,-20.379971999999995,0.7915091700332235
7.04,fuel,40,TX,desktop,5,0,5,6,5,4,0,1,97.749972,-90.709972,0.07202048025118125
198.63,fashion,59,CA,desktop,1,0,1,1,1,0,0,1,97.749972,100.880028,2.032021021632405
44.41,entertainment,47,IL,mobile,1,0,22,30,4,6,1,1,97.749972,-53.339972,0.4543223761299658
181.32,grocery,54,NY,desktop,1,0,10,14,6,1,0,0,97.749972,83.570028,1.8549365737420715
78.24,fuel,35,FL,mobile,5,0,2,18,4,3,0,1,97.749972,-19.509972000000005,0.8004094282460824
26.19,fashion,59,FL,mobile,5,0,11,9,5,3,0,0,97.749972,-71.559972,0.2679284627526189
12.37,entertainment,23,CA,mobile,3,0,1,7,8,6,1,1,97.749972,-85.379972,0.1265473495322602
121.5,entertainment,58,TX,desktop,4,0,14,11,8,3,0,0,97.749972,23.750028,1.242967095244108
117.88,grocery,66,NY,desktop,1,0,7,22,10,1,0,0,97.749972,20.130027999999996,1.2059338369331314
31.66,grocery,26,TX,desktop,4,0,9,26,12,3,0,0,97.749972,-66.089972,0.3238875574932384
12.03,electronics,44,NY,tablet,4,0,23,14,12,2,0,1,97.749972,-85.719972,0.1230690877019475
77.93,fuel,69,NY,tablet,5,0,3,24,8,3,0,1,97.749972,-19.819971999999993,0.7972380718713856
36.64,fuel,28,IL,desktop,4,0,20,1,11,4,0,0,97.749972,-61.109972,0.37483386312546607
6.18,electronics,26,TX,tablet,5,0,23,13,6,0,0,1,97.749972,-91.569972,0.06322252385686081
310.5,grocery,33,IL,desktop,2,0,9,8,4,4,0,0,97.749972,212.750028,3.176471465623832
54.13,fashion,30,NY,desktop,5,0,15,21,4,3,0,0,97.749972,-43.619972,0.5537597437494944
45.98,entertainment,69,CA,desktop,3,0,2,11,8,6,1,1,97.749972,-51.769972,0.4703837616405275
178.09,electronics,43,FL,tablet,5,0,16,27,8,6,1,0,97.749972,80.340028,1.8218930863541007
9.59,fuel,22,NY,mobile,4,0,11,22,7,0,0,0,97.749972,-88.159972,0.09810744397852672
60.51,grocery,32,NY,tablet,1,0,1,18,2,4,0,1,97.749972,-37.239972,0.6190283039771275
118.37,grocery,56,CA,tablet,5,0,21,23,10,6,1,0,97.749972,20.620028000000005,1.2109466260415234
101.61,electronics,52,FL,mobile,5,0,12,24,12,1,0,0,97.749972,3.860028,1.0394887781708135
41.71,fashion,54,TX,desktop,3,0,0,24,8,3,0,1,97.749972,-56.039972,0.4267008851245412
149.02,entertainment,40,TX,mobile,2,0,7,3,6,4,0,0,97.749972,51.27002800000001,1.5245016998623622
117.13,fuel,44,TX,tablet,5,0,4,25,7,3,0,1,97.749972,19.380027999999996,1.1982612005427358
44.0,fuel,23,FL,tablet,3,0,21,8,12,4,0,0,97.749972,-53.749972,0.4501280015698828
164.0,grocery,34,CA,desktop,1,0,21,29,3,1,0,0,97.749972,66.250028,1.6777498240331996
45.81,fuel,55,FL,desktop,2,0,12,16,8,1,0,0,97.749972,-51.939972,0.46864463072537116
125.93,entertainment,27,NY,desktop,3,0,22,22,6,5,1,1,97.749972,28.180028000000007,1.2882868008567123
40.77,fashion,42,NY,mobile,2,0,14,19,3,1,0,0,97.749972,-56.979972,0.4170845141819119
100.07,fuel,37,NY,tablet,1,0,11,16,11,2,0,0,97.749972,2.3200279999999935,1.0237342981158675
187.43,fashion,36,TX,desktop,2,0,3,8,1,0,0,1,97.749972,89.68002800000001,1.917442984869162
13.87,fashion,34,NY,desktop,2,0,16,13,11,6,1,0,97.749972,-83.879972,0.1418926223130517
159.6,entertainment,63,NY,mobile,10,0,20,10,4,2,0,0,97.749972,61.850027999999995,1.6327370238762111
19.11,fuel,52,FL,desktop,5,0,9,28,8,0,0,0,97.749972,-78.639972,0.19549877522728318
249.48,entertainment,38,FL,tablet,5,0,1,24,1,1,0,1,97.749972,151.730028,2.5522257689012355
31.44,electronics,59,FL,desktop,3,0,8,19,12,0,0,0,97.749972,-66.309972,0.321636917485389
20.95,fashion,50,CA,desktop,4,0,23,30,12,4,0,1,97.749972,-76.799972,0.21432230983838738
146.42,entertainment,18,FL,tablet,1,0,18,9,10,6,1,0,97.749972,48.67002799999999,1.4979032270423236
158.86,fuel,28,NY,tablet,6,0,16,7,5,1,0,0,97.749972,61.110028000000014,1.6251666893043544
27.13,grocery,26,TX,tablet,3,0,15,31,5,2,0,0,97.749972,-70.619972,0.2775448336952482
12.5,fuel,68,NY,desktop,2,0,18,23,11,5,1,0,97.749972,-85.249972,0.12787727317326217
75.91,fashion,49,IL,desktop,4,0,15,29,1,0,0,0,97.749972,-21.839972000000003,0.7765731045265865
403.86,fashion,49,CA,tablet,1,0,15,2,4,1,0,0,97.749972,306.110028,4.131561243500292
33.58,electronics,53,FL,mobile,3,0,3,18,8,4,0,1,97.749972,-64.169972,0.3435295066526515
95.24,entertainment,32,NY,tablet,2,0,8,21,11,1,0,0,97.749972,-2.5099720000000048,0.974322519761719
37.89,electronics,28,TX,mobile,3,0,3,15,1,5,1,1,97.749972,-59.859972,0.38762159044279226
14.12,entertainment,20,IL,mobile,3,0,15,27,3,0,0,0,97.749972,-83.629972,0.14445016777651692
80.14,electronics,37,FL,mobile,1,0,15,26,11,6,1,0,97.749972,-17.609972,0.8198467737684184
16.94,fashion,34,NY,desktop,4,0,7,16,2,2,0,0,97.749972,-80.809972,0.1732992806044049
84.56,electronics,42,CA,tablet,4,0,17,15,5,6,1,0,97.749972,-13.189971999999997,0.8650641775624839
252.41,grocery,49,NY,desktop,4,0,9,10,7,2,0,0,97.749972,154.660028,2.582200201733048
287.86,grocery,31,NY,desktop,2,0,2,13,4,2,0,1,97.749972,190.110028,2.94486014845242
91.45,electronics,57,CA,desktop,1,0,17,10,11,6,1,0,97.749972,-6.299971999999997,0.935550130535586
68.33,grocery,58,FL,tablet,2,0,15,13,12,4,0,0,97.749972,-29.419972,0.6990283260743202
12.65,fuel,40,CA,mobile,2,0,22,7,4,6,1,1,97.749972,-85.099972,0.12941180045134132
43.6,fuel,20,CA,tablet,2,0,11,13,12,4,0,0,97.749972,-54.149972,0.4460359288283384
88.06,electronics,43,FL,mobile,2,0,14,5,1,3,0,0,97.749972,-9.689971999999997,0.9008698140509973
28.1,grocery,59,TX,mobile,0,0,23,12,4,4,0,1,97.749972,-69.64997199999999,0.2874681100934933
53.08,fuel,59,NY,mobile,5,0,16,30,8,4,0,0,97.749972,-44.669972,0.5430180528029405
68.75,fuel,49,CA,desktop,3,0,11,27,12,4,0,0,97.749972,-28.999972,0.7033250024529418
39.44,grocery,50,NY,desktop,1,0,13,6,6,0,0,0,97.749972,-58.309972,0.40347837231627676
29.12,grocery,43,FL,desktop,3,0,18,20,8,5,1,0,97.749972,-68.629972,0.29790289558443156
140.7,electronics,62,IL,desktop,2,0,8,29,3,1,0,0,97.749972,42.95002799999999,1.4393865868382387
67.65,fuel,62,FL,tablet,2,0,4,24,1,1,0,1,97.749972,-30.099971999999994,0.6920718024136948
21.5,fashion,30,TX,mobile,4,0,1,6,8,1,0,1,97.749972,-76.249972,0.2199489098580109
252.39,entertainment,69,FL,tablet,3,0,4,22,2,2,0,1,97.749972,154.64002799999997,2.5819955980959706
44.65,grocery,18,FL,mobile,2,0,6,13,10,4,0,0,97.749972,-53.099972,0.4567776197748924
64.79,fuel,59,CA,mobile,0,0,10,23,7,1,0,0,97.749972,-32.95997199999999,0.6628134823116525
90.04,fashion,25,CA,mobile,4,0,9,30,12,5,1,0,97.749972,-7.709971999999993,0.9211255741216421
83.26,electronics,68,CA,mobile,2,0,13,31,5,2,0,0,97.749972,-14.489971999999995,0.8517649411524646
149.32,grocery,27,NY,mobile,5,0,4,10,3,4,0,1,97.749972,51.57002799999999,1.5275707544185204
280.51,fashion,19,FL,desktop,2,0,9,20,12,2,0,0,97.749972,182.76002799999998,2.8696683118265414
129.46,grocery,57,IL,desktop,4,0,15,12,4,4,0,0,97.749972,31.71002800000001,1.3243993428008416
30.78,fuel,38,FL,desktop,4,0,16,4,4,3,0,0,97.749972,-66.969972,0.31488499746184073
143.64,grocery,33,CA,tablet,1,0,23,23,4,1,0,1,97.749972,45.89002799999999,1.46946332148859
83.23,fuel,56,FL,tablet,8,0,9,16,1,1,0,0,97.749972,-14.519971999999996,0.8514580356968487
28.35,grocery,45,CA,tablet,4,0,3,21,10,0,0,1,97.749972,-69.39997199999999,0.2900256555569586
47.8,entertainment,58,FL,desktop,3,0,21,6,6,1,0,0,97.749972,-49.949972,0.4890026926145545
94.63,entertainment,41,NY,desktop,5,0,23,30,12,4,0,1,97.749972,-3.119972000000004,0.9680821088308638
190.98,entertainment,29,CA,mobile,4,0,19,14,1,6,1,0,97.749972,93.23002799999999,1.9537601304503684
106.32,electronics,46,CA,mobile,4,0,16,18,5,2,0,0,97.749972,8.570027999999994,1.0876729347024985
41.7,electronics,65,IL,mobile,4,0,2,30,8,2,0,1,97.749972,-56.049972,0.4265985833060026
166.85,fuel,36,CA,mobile,3,0,16,20,1,5,1,0,97.749972,69.100028,1.7069058423167032
197.37,entertainment,30,FL,tablet,5,1,21,24,4,2,0,0,97.749972,99.620028,2.01913099249654
157.28,entertainment,27,FL,desktop,0,0,3,12,6,0,0,1,97.749972,59.530028,1.6090030019752537
21.85,entertainment,66,FL,desktop,2,0,20,1,8,1,0,0,97.749972,-75.89997199999999,0.22352947350686228
87.16,grocery,33,TX,desktop,3,0,5,17,6,4,0,1,97.749972,-10.589972000000003,0.8916626503825223
130.26,fuel,18,IL,desktop,4,0,18,25,7,1,0,0,97.749972,32.51002799999999,1.3325834882839303
103.26,fashion,21,NY,desktop,5,0,21,7,6,2,0,0,97.749972,5.5100280000000055,1.056368578229684
29.88,entertainment,58,IL,tablet,4,0,17,11,7,3,0,0,97.749972,-67.869972,0.3056778337933658
9.58,entertainment,61,IL,tablet,4,0,2,16,3,3,0,1,97.749972,-88.169972,0.09800514215998812
18.84,entertainment,49,CA,desktop,3,0,13,29,11,2,0,0,97.749972,-78.909972,0.19273662612674072
164.09,electronics,28,FL,desktop,5,0,23,1,10,5,1,1,97.749972,66.340028,1.678670540400047
99.8,electronics,27,NY,desktop,3,0,11,20,6,0,0,0,97.749972,2.0500279999999975,1.020972149015325
30.02,fashion,46,TX,tablet,1,0,7,1,6,2,0,0,97.749972,-67.729972,0.3071100592529064
9.69,electronics,37,FL,mobile,2,0,18,26,8,0,0,0,97.749972,-88.059972,0.09913046216391282
135.47,fuel,57,TX,desktop,4,0,11,14,8,6,1,0,97.749972,37.720028,1.385882735742546
42.74,fuel,58,TX,desktop,3,0,7,8,5,6,1,0,97.749972,-55.009972,0.437237972434018
182.75,grocery,26,CA,mobile,0,0,6,12,8,5,1,0,97.749972,85.000028,1.8695657337930927
213.07,fashion,22,TX,mobile,5,0,7,2,12,5,1,0,97.749972,115.320028,2.1797448476021573
80.73,entertainment,55,IL,mobile,5,0,10,22,8,1,0,0,97.749972,-17.019971999999996,0.8258825810621964
90.91,grocery,52,TX,tablet,5,0,11,4,3,5,1,0,97.749972,-6.839972000000003,0.930025832334501
277.59,fashion,35,IL,mobile,2,0,2,15,3,4,0,1,97.749972,179.84002799999996,2.8397961808132672
37.75,fuel,37,IL,mobile,4,0,7,24,7,6,1,0,97.749972,-59.999972,0.38618936498325174
213.46,electronics,49,TX,desktop,5,0,17,16,10,0,0,0,97.749972,115.71002800000001,2.1837346185251634
12.76,electronics,33,CA,desktop,3,0,10,21,3,0,0,0,97.749972,-84.989972,0.130537120455266
159.85,electronics,38,TX,desktop,1,0,22,21,6,1,0,1,97.749972,62.100027999999995,1.6352945693396765
0.08,entertainment,30,NY,desktop,1,1,2,13,10,3,0,1,97.749972,-97.669972,0.0008184145483088778
85.65,electronics,64,FL,tablet,1,0,3,22,5,2,0,1,97.749972,-12.099971999999994,0.8762150757831924
65.64,fuel,49,IL,mobile,1,0,0,28,3,0,0,1,97.749972,-32.109972,0.6715091368874343
128.32,grocery,20,FL,tablet,4,0,20,29,12,6,1,0,97.749972,30.570027999999994,1.3127369354874399
14.03,entertainment,67,IL,mobile,4,0,3,16,10,6,1,1,97.749972,-83.719972,0.14352945140966944
119.32,electronics,67,TX,tablet,4,0,19,17,3,4,0,0,97.749972,21.570027999999994,1.2206652988026911
13.28,entertainment,30,IL,mobile,3,0,3,10,9,1,0,1,97.749972,-84.469972,0.1358568150192737
286.0,electronics,18,CA,tablet,3,0,16,28,9,2,0,0,97.749972,188.250028,2.925832010204238
92.64,entertainment,18,CA,mobile,1,0,4,30,1,0,0,1,97.749972,-5.109971999999999,0.9477240469416806
49.13,entertainment,29,FL,tablet,4,0,14,28,10,0,0,0,97.749972,-48.619972,0.5026088344801897
6.35,grocery,22,TX,tablet,7,0,13,19,10,5,1,0,97.749972,-91.399972,0.06496165477201718
69.8,fuel,42,CA,desktop,4,0,8,16,2,4,0,0,97.749972,-27.949972000000002,0.7140666933994959
3.92,fashion,33,FL,tablet,4,0,10,8,3,2,0,0,97.749972,-93.829972,0.04010231286713501
33.71,fashion,21,FL,tablet,3,0,4,14,10,4,0,1,97.749972,-64.039972,0.3448594302936534
28.55,fuel,51,IL,tablet,6,0,22,27,3,0,0,1,97.749972,-69.199972,0.2920716919277308
31.2,electronics,22,FL,mobile,2,0,13,8,4,4,0,0,97.749972,-66.549972,0.31918167384046237
16.69,fashion,34,CA,desktop,2,0,21,13,11,6,1,0,97.749972,-81.059972,0.17074173514093965
163.57,grocery,44,IL,mobile,5,0,3,2,12,0,0,1,97.749972,65.820028,1.6733508458360393
125.82,fashion,44,TX,desktop,3,0,15,2,2,3,0,0,97.749972,28.070027999999994,1.2871614808527876
278.84,electronics,62,FL,desktop,3,0,17,9,4,1,0,0,97.749972,181.09002799999996,2.8525839081305935
237.14,electronics,66,CA,desktop,2,0,1,16,7,6,1,1,97.749972,139.39002799999997,2.425985324824591
414.08,electronics,33,FL,desktop,3,0,14,29,12,3,0,0,97.749972,316.33002799999997,4.236113702046752
131.98,grocery,52,TX,mobile,3,0,11,16,8,4,0,0,97.749972,34.23002799999999,1.3501794010725712
167.01,grocery,31,NY,mobile,3,0,13,17,3,3,0,0,97.749972,69.26002799999999,1.708542671413321
68.57,grocery,22,CA,mobile,2,0,5,30,4,1,0,1,97.749972,-29.179972000000006,0.7014835697192469
164.64,fashion,41,CA,desktop,2,0,16,5,8,5,1,0,97.749972,66.89002799999999,1.6842971404196705
35.0,fuel,43,IL,mobile,4,0,9,15,3,2,0,0,97.749972,-62.749972,0.35805636488513404
64.33,entertainment,62,CA,desktop,3,0,20,8,1,6,1,0,97.749972,-33.419972,0.6581075986588764
10.8,entertainment,46,IL,desktop,8,0,11,8,2,2,0,0,97.749972,-86.949972,0.11048596402169851
138.1,electronics,38,TX,mobile,3,0,2,30,4,1,0,1,97.749972,40.350027999999995,1.4127881140182004
363.02,fashion,58,IL,mobile,3,0,18,25,5,2,0,0,97.749972,265.27002799999997,3.71376061658861
105.23,electronics,45,CA,desktop,3,0,16,23,3,3,0,0,97.749972,7.480028000000004,1.0765220364817902
40.18,entertainment,60,IL,tablet,2,0,18,12,4,4,0,0,97.749972,-57.569972,0.4110487068881339
72.15,fashion,45,NY,mobile,0,1,20,15,6,3,0,0,97.749972,-25.599971999999994,0.7381076207560693
143.14,fuel,34,FL,tablet,3,0,16,27,9,1,0,0,97.749972,45.39002799999999,1.4643482305616595
7.0,electronics,34,IL,mobile,4,0,4,14,11,0,0,1,97.749972,-90.749972,0.07161127297702681
66.36,entertainment,45,IL,desktop,6,0,4,20,12,4,0,1,97.749972,-31.389972,0.6788748678222142
36.47,entertainment,64,TX,desktop,4,0,2,15,5,6,1,1,97.749972,-61.279972,0.37309473221030964
152.86,entertainment,22,IL,mobile,3,0,13,27,11,0,0,0,97.749972,55.110028000000014,1.5637855981811883
39.73,fuel,44,TX,tablet,5,0,7,17,7,6,1,0,97.749972,-58.019972,0.4064451250538964
75.79,fashion,39,FL,tablet,3,0,12,6,4,3,0,0,97.749972,-21.959971999999993,0.7753454827041232
142.73,grocery,38,NY,tablet,3,0,9,9,10,0,0,0,97.749972,44.98002799999999,1.4601538560015765
3.63,fuel,67,FL,tablet,4,0,22,19,11,6,1,1,97.749972,-94.119972,0.03713556012951533
35.48,grocery,43,NY,desktop,1,0,16,30,8,1,0,0,97.749972,-62.269972,0.36296685217498725
131.76,fuel,26,IL,tablet,4,0,3,24,2,4,0,1,97.749972,34.01002799999999,1.3479287610647217
24.13,entertainment,46,TX,desktop,5,0,2,25,12,6,1,1,97.749972,-73.619972,0.24685428813366525
0.46,fuel,54,IL,tablet,6,0,11,14,9,2,0,0,97.749972,-97.289972,0.004705883652776048
129.01,fashion,38,NY,desktop,3,0,10,12,3,6,1,0,97.749972,31.26002799999999,1.319795760966604
14.69,entertainment,24,CA,desktop,2,0,19,19,7,1,0,0,97.749972,-83.059972,0.15028137143321768
30.77,electronics,26,IL,desktop,2,0,19,13,1,5,1,0,97.749972,-66.979972,0.31478269564330214
92.52,fashion,65,FL,desktop,5,0,8,30,9,0,0,0,97.749972,-5.229972000000004,0.9464964251192172
23.83,fuel,21,NY,desktop,2,0,15,18,5,2,0,0,97.749972,-73.919972,0.24378523357750695
295.05,grocery,43,CA,desktop,3,0,9,4,1,1,0,0,97.749972,197.300028,3.01841515598168
9.23,entertainment,37,NY,tablet,1,0,13,22,5,6,1,0,97.749972,-88.519972,0.09442457851113678
113.66,fuel,24,FL,mobile,2,0,15,12,1,4,0,0,97.749972,15.910027999999997,1.1627624695098382
18.29,fashion,61,NY,tablet,3,0,2,5,12,0,0,1,97.749972,-79.459972,0.1871100261071172
55.71,electronics,22,TX,desktop,6,0,16,16,6,4,0,0,97.749972,-42.039972,0.5699234310785948
232.53,fuel,33,NY,mobile,3,0,9,18,5,2,0,0,97.749972,134.78002800000002,2.378824186478292
55.23,fuel,52,CA,desktop,4,0,5,6,11,2,0,1,97.749972,-42.519972,0.5650129437887415
36.02,electronics,33,FL,tablet,6,0,0,18,3,5,1,1,97.749972,-61.729972,0.3684911503760723
7.31,fuel,18,NY,desktop,6,0,23,30,4,6,1,1,97.749972,-90.439972,0.07478262935172371
135.56,entertainment,45,IL,desktop,0,0,5,20,8,5,1,1,97.749972,37.810028,1.3868034521093935
255.94,grocery,51,IL,tablet,4,0,13,14,3,0,0,0,97.749972,158.19002799999998,2.618312743677177
26.62,fashion,22,CA,tablet,3,0,5,8,6,2,0,1,97.749972,-71.129972,0.2723274409497791
12.61,electronics,54,IL,tablet,6,0,13,9,11,5,1,0,97.749972,-85.139972,0.12900259317718685
24.62,entertainment,48,NY,desktop,6,0,15,18,11,4,0,0,97.749972,-73.129972,0.25186707724205715
150.53,fuel,54,TX,tablet,7,0,5,14,12,3,0,1,97.749972,52.780028,1.5399492744616923
7.51,entertainment,44,FL,tablet,2,0,21,27,3,0,0,0,97.749972,-90.239972,0.0768286657224959
167.06,entertainment,31,TX,tablet,3,0,4,31,5,2,0,1,97.749972,69.310028,1.7090541805060142
118.16,fashion,27,CA,desktop,2,0,21,3,12,1,0,0,97.749972,20.410027999999997,1.2087982878522125
94.96,grocery,29,CA,tablet,1,0,12,20,4,2,0,0,97.749972,-2.789972000000006,0.9714580688426379
156.1,fashion,28,TX,desktop,6,0,17,27,12,4,0,0,97.749972,58.350027999999995,1.5969313873876978
105.54,fashion,29,NY,tablet,3,0,15,20,9,2,0,0,97.749972,7.790028000000007,1.0796933928564871
93.36,fashion,51,TX,tablet,1,0,11,22,3,4,0,0,97.749972,-4.389972,0.9550897778764604
287.22,grocery,59,IL,mobile,3,1,1,5,9,1,0,1,97.749972,189.470028,2.938312832065949
88.15,fashion,43,CA,mobile,1,0,9,5,3,5,1,0,97.749972,-9.599971999999994,0.9017905304178448
54.7,grocery,59,TX,tablet,2,0,19,3,1,0,0,0,97.749972,-43.049972,0.5595909474061952
36.43,fashion,52,NY,tablet,6,0,2,17,4,0,0,1,97.749972,-61.319972,0.37268552493615525
4.58,fuel,64,NY,tablet,0,0,8,17,7,2,0,0,97.749972,-93.169972,0.04685423289068326
81.6,grocery,45,TX,desktop,2,0,11,31,3,6,1,0,97.749972,-16.149972000000005,0.8347828392750554
36.44,entertainment,36,CA,tablet,2,0,5,10,4,2,0,1,97.749972,-61.309972,0.3727878267546938
57.63,electronics,28,TX,tablet,0,0,0,29,11,2,0,1,97.749972,-40.119972,0.5895653802380079
14.99,electronics,31,TX,tablet,3,0,15,23,10,0,0,0,97.749972,-82.759972,0.15335042598937598
6.94,grocery,61,IL,mobile,4,0,9,24,7,0,0,0,97.749972,-90.809972,0.07099746206579516
70.85,electronics,46,TX,tablet,2,0,21,30,10,0,0,0,97.749972,-26.899972000000005,0.7248083843460499
84.54,grocery,62,NY,mobile,6,0,18,24,7,0,0,0,97.749972,-13.209971999999993,0.8648595739254067
21.75,entertainment,28,FL,mobile,5,0,1,19,8,5,1,1,97.749972,-75.999972,0.22250645532147614
35.31,fashion,26,NY,desktop,3,0,1,10,10,3,0,1,97.749972,-62.439972,0.361227721259831
45.97,fashion,32,IL,mobile,0,0,22,4,9,6,1,1,97.749972,-51.779972,0.4702814598219889
29.01,fashion,48,IL,tablet,0,0,4,26,4,4,0,1,97.749972,-68.739972,0.2967775755805068
166.93,fashion,30,FL,desktop,3,0,8,21,9,5,1,0,97.749972,69.18002800000001,1.7077242568650122
69.44,electronics,48,FL,tablet,2,0,0,13,8,5,1,1,97.749972,-28.309972000000002,0.710383827932106
175.29,fuel,33,IL,desktop,4,1,20,21,4,4,0,0,97.749972,77.54002799999999,1.7932485771632898
95.51,grocery,31,TX,mobile,4,0,14,6,12,4,0,0,97.749972,-2.2399719999999945,0.9770846688622615
70.17,fashion,28,CA,mobile,4,0,22,17,6,5,1,1,97.749972,-27.579971999999998,0.7178518606854245
212.84,fuel,56,IL,desktop,4,0,16,8,3,2,0,0,97.749972,115.090028,2.1773919057757696
72.83,fashion,50,TX,tablet,1,0,11,17,5,4,0,0,97.749972,-24.919972,0.7450641444166947
182.4,electronics,50,CA,tablet,2,0,13,23,6,3,0,0,97.749972,84.650028,1.8659851701442416
3.33,entertainment,32,IL,desktop,3,0,7,9,5,1,0,0,97.749972,-94.419972,0.03406650557335704
167.74,grocery,41,NY,desktop,3,0,16,20,6,3,0,0,97.749972,69.99002800000001,1.7160107041666397
137.34,fuel,68,CA,mobile,5,0,20,8,6,5,1,0,97.749972,39.590028000000004,1.405013175809266
9.59,entertainment,48,FL,desktop,4,0,9,18,11,0,0,0,97.749972,-88.159972,0.09810744397852672
58.53,fashion,31,TX,desktop,5,0,15,27,3,6,1,0,97.749972,-39.219972,0.5987725439064827
159.43,electronics,32,FL,mobile,3,0,3,2,12,0,0,1,97.749972,61.68002800000001,1.630997892961055
129.07,entertainment,31,TX,desktop,2,0,3,11,7,3,0,1,97.749972,31.320027999999994,1.3204095718778357
45.27,fashion,20,CA,mobile,3,0,18,27,6,1,0,0,97.749972,-52.479972,0.46312033252428625
69.44,electronics,52,IL,desktop,2,0,15,30,10,6,1,0,97.749972,-28.309972000000002,0.710383827932106
72.08,fashion,41,CA,desktop,2,0,21,21,10,5,1,0,97.749972,-25.669972,0.7373915080262989
29.79,fuel,54,TX,tablet,3,0,20,9,12,0,0,0,97.749972,-67.959972,0.30475711742651834
8.79,fashion,60,FL,mobile,2,0,15,25,8,3,0,0,97.749972,-88.959972,0.08992329849543794
121.64,grocery,18,TX,tablet,0,0,18,27,9,4,0,0,97.749972,23.890028,1.2443993207036488
15.86,grocery,30,CA,tablet,2,0,10,17,11,3,0,0,97.749972,-81.889972,0.162250684202235
228.21,electronics,31,TX,desktop,1,0,8,13,10,6,1,0,97.749972,130.46002800000002,2.3346298008696125
41.59,fuel,32,NY,mobile,4,0,23,5,8,4,0,1,97.749972,-56.159971999999996,0.4254732633020779
418.92,electronics,64,IL,mobile,3,0,21,17,11,6,1,0,97.749972,321.170028,4.285627782219439
48.63,entertainment,21,IL,desktop,3,0,21,6,2,6,1,0,97.749972,-49.119972,0.49749374355325915
20.75,fuel,58,CA,desktop,5,0,5,14,5,5,1,1,97.749972,-76.999972,0.21227627346761518
67.2,electronics,50,IL,mobile,2,0,1,20,5,5,1,1,97.749972,-30.549971999999997,0.6874682205794574
58.26,fashion,63,CA,tablet,3,0,16,25,12,0,0,0,97.749972,-39.489972,0.5960103948059402
31.6,fashion,52,IL,mobile,2,0,16,14,6,2,0,0,97.749972,-66.14997199999999,0.32327374658200675
16.65,fuel,65,CA,desktop,4,0,3,16,8,1,0,1,97.749972,-81.09997200000001,0.17033252786678518
236.72,electronics,32,TX,tablet,5,0,3,17,2,4,0,1,97.749972,138.970028,2.4216886484459694
64.15,electronics,39,FL,mobile,1,0,6,7,1,6,1,0,97.749972,-33.599971999999994,0.6562661659251815
97.0,entertainment,42,NY,desktop,6,0,16,26,6,6,1,0,97.749972,-0.7499719999999996,0.9923276398245143
83.92,entertainment,39,IL,desktop,4,0,14,24,2,3,0,0,97.749972,-13.829971999999998,0.8585168611760129
40.04,fuel,48,NY,desktop,5,0,5,26,3,1,0,1,97.749972,-57.709972,0.40961648142859336
75.95,electronics,28,NY,tablet,5,0,7,20,6,0,0,0,97.749972,-21.799971999999997,0.776982311800741
28.21,fuel,57,TX,mobile,3,0,16,27,4,3,0,0,97.749972,-69.539972,0.28859343009741806
5.78,entertainment,36,CA,desktop,2,0,17,30,10,2,0,0,97.749972,-91.969972,0.059130451115316424
200.3,fashion,64,NY,tablet,1,0,10,2,7,1,0,0,97.749972,102.55002800000001,2.049105425328353
16.82,fuel,60,CA,tablet,4,0,19,24,10,0,0,0,97.749972,-80.92997199999999,0.17207165878194156
395.08,grocery,32,CA,desktop,3,0,10,29,1,5,1,0,97.749972,297.33002799999997,4.041740246823393
1.33,electronics,24,TX,mobile,4,0,17,15,6,5,1,0,97.749972,-96.419972,0.013606141865635095
41.21,grocery,53,TX,desktop,2,0,11,2,10,6,1,0,97.749972,-56.539972,0.4215857941976107
312.31,grocery,20,NY,mobile,1,0,8,2,6,4,0,0,97.749972,214.560028,3.1949880947793203
19.77,entertainment,65,FL,mobile,3,0,10,19,4,4,0,0,97.749972,-77.979972,0.20225069525083142
0.0,grocery,28,FL,desktop,4,0,20,4,8,3,0,0,97.749972,-97.749972,0.0
76.77,fuel,55,IL,mobile,0,0,3,4,8,6,1,1,97.749972,-20.979972000000004,0.7853710609209068
4.02,electronics,67,CA,tablet,6,0,10,28,4,3,0,0,97.749972,-93.729972,0.04112533105252111
4.01,electronics,28,FL,desktop,3,0,10,12,4,1,0,0,97.749972,-93.739972,0.041023029233982496
15.43,fashion,44,FL,mobile,2,0,16,28,10,5,1,0,97.749972,-82.319972,0.1578517060050748
28.89,fashion,54,FL,desktop,4,0,6,28,2,1,0,0,97.749972,-68.859972,0.2955499537580435
26.61,fuel,53,TX,desktop,3,0,12,7,3,3,0,0,97.749972,-71.139972,0.27222513913124047
30.69,electronics,20,IL,tablet,3,0,23,2,3,3,0,1,97.749972,-67.059972,0.31396428109499325
9.85,fuel,57,IL,desktop,0,0,1,17,9,5,1,1,97.749972,-87.899972,0.10076729126053058
94.51,electronics,60,IL,tablet,1,0,10,8,7,4,0,0,97.749972,-3.2399719999999945,0.9668544870084006
6.32,grocery,29,FL,mobile,1,0,0,27,8,1,0,1,97.749972,-91.42997199999999,0.06465474931640135
28.4,fuel,43,NY,mobile,4,0,19,2,8,4,0,0,97.749972,-69.34997200000001,0.2905371646496516
117.06,fashion,69,NY,desktop,3,0,10,18,9,0,0,0,97.749972,19.310028000000003,1.1975450878129654
31.36,fashion,42,FL,desktop,4,0,12,7,12,3,0,0,97.749972,-66.389972,0.3208185029370801
36.35,grocery,36,TX,tablet,3,0,13,17,5,1,0,0,97.749972,-61.399972,0.37186711038784637
41.37,grocery,54,IL,tablet,6,0,16,26,9,3,0,0,97.749972,-56.379972,0.42322262329422844
26.61,fuel,25,NY,tablet,4,0,13,2,5,0,0,0,97.749972,-71.139972,0.27222513913124047
157.43,fuel,42,CA,mobile,1,0,8,1,8,1,0,0,97.749972,59.68002800000001,1.610537529253333
17.07,fuel,65,CA,tablet,3,0,11,17,3,6,1,0,97.749972,-80.67997199999999,0.17462920424540682
20.6,fuel,35,NY,mobile,2,0,13,16,1,0,0,0,97.749972,-77.14997199999999,0.21074174618953606
70.42,fuel,69,CA,desktop,3,0,21,13,2,0,0,0,97.749972,-27.329971999999998,0.7204094061488897
69.59,fashion,35,FL,mobile,4,0,21,1,9,3,0,0,97.749972,-28.159971999999996,0.7119183552101851
110.53,fashion,26,CA,mobile,3,0,2,5,7,1,0,1,97.749972,12.780028000000001,1.1307420003072532
86.77,entertainment,39,TX,desktop,3,0,9,23,12,0,0,0,97.749972,-10.979972000000004,0.8876728794595166
371.36,electronics,37,TX,desktop,2,0,14,21,2,0,0,0,97.749972,273.610028,3.799080333249811
285.05,fuel,32,IL,tablet,5,0,5,25,4,0,0,1,97.749972,187.300028,2.9161133374430706
14.22,electronics,49,TX,desktop,4,0,11,23,8,1,0,0,97.749972,-83.529972,0.14547318596190303
202.57,electronics,46,FL,tablet,4,0,16,22,2,2,0,0,97.749972,104.820028,2.0723279381366173
314.19,fashion,44,NY,mobile,4,0,9,6,12,1,0,0,97.749972,216.44002799999998,3.214220836664579
38.43,entertainment,20,IL,desktop,2,0,13,18,12,0,0,0,97.749972,-59.319972,0.3931458886438772
35.79,fashion,53,FL,tablet,1,0,10,7,3,1,0,0,97.749972,-61.959972,0.3661382085496842
83.41,grocery,28,TX,tablet,2,0,22,4,5,3,0,1,97.749972,-14.339972000000003,0.8532994684305437
8.01,fuel,23,CA,tablet,1,0,14,16,5,1,0,0,97.749972,-89.739972,0.0819437566494264
28.47,electronics,18,CA,desktop,5,0,16,27,10,4,0,0,97.749972,-69.279972,0.29125327737942186
4.67,electronics,33,TX,desktop,1,0,14,3,6,5,1,0,97.749972,-93.079972,0.047774949257530744
43.03,entertainment,44,IL,desktop,2,0,10,23,8,4,0,0,97.749972,-54.719972,0.44020472517163767
9.82,grocery,26,TX,desktop,6,0,8,29,11,1,0,0,97.749972,-87.92997199999999,0.10046038580491476
58.2,grocery,60,TX,desktop,0,0,10,2,4,6,1,0,97.749972,-39.549972,0.5953965838947086
60.48,entertainment,58,CA,tablet,3,0,12,4,1,1,0,0,97.749972,-37.269972,0.6187213985215116
20.04,electronics,41,TX,desktop,3,0,23,20,9,4,0,1,97.749972,-77.709972,0.20501284435137387
248.6,electronics,21,CA,desktop,4,0,3,28,8,0,0,1,97.749972,150.850028,2.5432232088698377
0.91,grocery,62,FL,desktop,6,0,11,27,7,5,1,0,97.749972,-96.839972,0.009309465487013486
107.06,fashion,47,NY,desktop,4,0,2,23,9,5,1,1,97.749972,9.310028000000003,1.0952432692743557
2.47,entertainment,52,CA,desktop,3,0,15,11,10,4,0,0,97.749972,-95.279972,0.025268549179036606
4.16,fashion,50,TX,desktop,4,0,2,7,2,0,0,1,97.749972,-93.589972,0.042557556512061646
714.01,fashion,69,CA,tablet,2,0,12,31,1,0,0,0,97.749972,616.260028,7.304452145475273
34.81,fashion,48,NY,mobile,2,0,7,27,4,3,0,0,97.749972,-62.939972,0.35611263033290047
179.37,entertainment,51,CA,tablet,4,0,2,8,11,1,0,1,97.749972,81.620028,1.8349877191270427
23.79,electronics,26,CA,tablet,3,0,4,30,11,3,0,1,97.749972,-73.959972,0.24337602630335253
18.6,electronics,48,CA,tablet,2,0,20,6,12,1,0,0,97.749972,-79.14997199999999,0.19028138248181412
61.75,fashion,32,CA,tablet,4,0,4,24,5,1,0,1,97.749972,-35.999972,0.6317137294759151
70.33,fashion,33,CA,desktop,4,0,15,19,1,2,0,0,97.749972,-27.419972,0.7194886897820422
26.41,entertainment,61,NY,desktop,3,0,12,28,1,6,1,0,97.749972,-71.339972,0.2701791027604683
15.89,electronics,24,NY,mobile,8,0,20,3,6,4,0,0,97.749972,-81.859972,0.16255758965785086
26.11,fashion,66,CA,desktop,3,0,2,26,12,1,0,1,97.749972,-71.639972,0.26711004820431
37.16,entertainment,18,NY,tablet,2,0,15,12,12,0,0,0,97.749972,-60.589972,0.38015355768947373
35.82,grocery,27,CA,tablet,1,0,4,27,3,2,0,1,97.749972,-61.929972,0.36644511400530005
5.99,fuel,53,IL,mobile,3,0,23,18,6,6,1,1,97.749972,-91.759972,0.061278789304627226
41.75,electronics,67,NY,tablet,5,0,7,13,11,0,0,0,97.749972,-55.999972,0.42711009239869563
75.95,grocery,59,NY,mobile,1,0,14,25,7,1,0,0,97.749972,-21.799971999999997,0.776982311800741
135.31,grocery,67,CA,tablet,2,0,1,6,8,1,0,1,97.749972,37.560028,1.3842459066459283
7.63,grocery,54,IL,desktop,2,0,9,18,11,5,1,0,97.749972,-90.119972,0.07805628754495922
33.15,grocery,65,FL,desktop,5,0,7,18,11,5,1,0,97.749972,-64.59997200000001,0.33913052845549124
90.81,fashion,35,NY,desktop,4,0,12,15,6,5,1,0,97.749972,-6.939971999999997,0.929002814149115
47.08,grocery,45,TX,tablet,2,0,14,11,11,5,1,0,97.749972,-50.669972,0.4816369616797746
3.38,grocery,48,CA,desktop,5,0,13,23,3,3,0,0,97.749972,-94.369972,0.03457801466605009
2.82,electronics,54,FL,mobile,5,0,21,23,7,5,1,0,97.749972,-94.929972,0.028849112827887942
21.23,fashion,47,CA,mobile,2,0,8,28,5,6,1,0,97.749972,-76.519972,0.21718676075746846
177.74,entertainment,21,NY,desktop,2,0,14,13,1,4,0,0,97.749972,79.99002800000001,1.8183125227052495
22.01,grocery,43,NY,mobile,2,0,5,8,10,1,0,1,97.749972,-75.739972,0.22516630260348003
8.19,fuel,38,CA,desktop,0,0,5,3,4,0,0,1,97.749972,-89.559972,0.08378518938312136
78.6,fashion,52,FL,mobile,2,0,17,21,2,0,0,0,97.749972,-19.149972000000005,0.8040922937134724
22.81,fuel,63,NY,mobile,2,0,0,23,4,6,1,1,97.749972,-74.939972,0.23335044808656877
10.07,entertainment,45,TX,tablet,5,0,11,19,1,4,0,0,97.749972,-87.67997199999999,0.10301793126837999
130.63,grocery,39,FL,tablet,1,0,1,23,1,0,0,1,97.749972,32.880027999999996,1.3363686555698588
7.6,electronics,40,NY,desktop,2,0,10,21,5,6,1,0,97.749972,-90.149972,0.07774938208934339
29.95,fuel,40,TX,desktop,5,0,0,4,1,3,0,1,97.749972,-67.799972,0.3063939465231361
201.06,fashion,48,TX,tablet,6,0,22,26,8,5,1,1,97.749972,103.310028,2.056880363537287
70.8,grocery,67,TX,mobile,4,1,13,18,9,2,0,0,97.749972,-26.949972000000002,0.7242968752533568
123.93,electronics,64,NY,mobile,4,0,13,8,8,1,0,0,97.749972,26.180028000000007,1.2678264371489905
82.22,fuel,58,FL,desktop,1,0,22,14,8,6,1,1,97.749972,-15.529972,0.8411255520244492
323.77,fuel,43,FL,tablet,3,0,9,26,10,5,1,0,97.749972,226.02002799999997,3.312225978824567
119.21,entertainment,38,CA,tablet,4,0,2,29,11,1,0,1,97.749972,21.460027999999994,1.2195399787987664
42.77,fuel,62,IL,desktop,3,0,0,18,11,5,1,1,97.749972,-54.979972,0.4375448778896338
50.47,electronics,25,NY,mobile,3,0,20,20,11,0,0,0,97.749972,-47.279972,0.5163172781643632
48.96,entertainment,60,CA,desktop,6,0,9,18,5,2,0,0,97.749972,-48.789972,0.5008697035650332
19.06,entertainment,64,FL,tablet,1,0,6,15,9,6,1,0,97.749972,-78.689972,0.19498726613459014
145.46,grocery,47,IL,mobile,3,0,5,15,1,5,1,1,97.749972,47.71002800000001,1.4880822524626172
76.27,electronics,51,IL,desktop,2,0,10,9,4,6,1,0,97.749972,-21.479972000000004,0.7802559699939764
1.44,fashion,37,TX,tablet,2,0,19,5,9,1,0,0,97.749972,-96.309972,0.0147314618695598
111.2,grocery,22,CA,tablet,1,0,7,4,5,3,0,0,97.749972,13.450028000000003,1.13759622214934
16.46,entertainment,36,FL,mobile,3,0,8,2,11,5,1,0,97.749972,-81.289972,0.16838879331455162
28.4,fashion,65,FL,mobile,4,0,8,29,11,2,0,0,97.749972,-69.34997200000001,0.2905371646496516
12.22,grocery,67,CA,desktop,5,0,12,22,10,5,1,0,97.749972,-85.529972,0.1250128222541811
147.95,electronics,53,IL,mobile,5,0,18,29,12,3,0,0,97.749972,50.20002799999999,1.5135554052787308
157.31,fashion,56,IL,tablet,1,0,2,13,9,4,0,1,97.749972,59.560028,1.6093099074308697
2.35,electronics,24,CA,desktop,4,0,4,16,7,5,1,1,97.749972,-95.399972,0.02404092735657329
175.54,electronics,31,NY,mobile,2,0,11,25,3,0,0,0,97.749972,77.79002799999999,1.795806122626755
211.68,fuel,56,FL,desktop,2,0,16,19,7,2,0,0,97.749972,113.93002800000001,2.1655248948252908
7.15,fuel,21,IL,tablet,5,0,4,31,1,1,0,1,97.749972,-90.599972,0.07314580025510596
111.34,electronics,49,IL,desktop,3,0,5,28,3,1,0,1,97.749972,13.590028000000004,1.1390284476088808
32.17,grocery,29,CA,tablet,3,0,12,2,9,0,0,0,97.749972,-65.579972,0.3291049502387075
20.02,entertainment,32,CA,desktop,4,0,6,4,2,6,1,0,97.749972,-77.729972,0.20480824071429668
67.69,fashion,32,TX,desktop,0,0,21,4,2,5,1,0,97.749972,-30.059972000000002,0.6924810096878492
52.27,grocery,24,TX,mobile,2,0,20,29,12,6,1,0,97.749972,-45.479972,0.534731605501313
77.15,electronics,43,CA,tablet,2,0,19,23,7,6,1,0,97.749972,-20.599971999999994,0.789258530025374
0.37,grocery,56,CA,desktop,3,0,16,13,4,5,1,0,97.749972,-97.379972,0.0037851672859285598
329.1,fashion,41,FL,tablet,2,0,5,23,8,4,0,1,97.749972,231.350028,3.3667528481056466
5.8,grocery,33,TX,tablet,4,0,10,16,8,1,0,0,97.749972,-91.949972,0.05933505475239364
12.81,electronics,41,IL,tablet,4,0,12,1,5,6,1,0,97.749972,-84.939972,0.13104862954795907
16.42,fuel,56,NY,tablet,1,0,12,15,3,4,0,0,97.749972,-81.329972,0.1679795860403972
170.07,grocery,68,FL,mobile,6,0,23,1,5,0,0,1,97.749972,72.320028,1.7398470278861355
221.62,electronics,45,FL,desktop,4,0,10,5,3,5,1,0,97.749972,123.870028,2.267212902452669
52.32,electronics,18,IL,desktop,0,0,1,29,3,2,0,1,97.749972,-45.429972,0.5352431145940061
195.89,electronics,22,TX,desktop,3,0,13,8,12,3,0,0,97.749972,98.14002799999999,2.003990323352826
46.7,grocery,58,NY,desktop,1,0,8,30,10,0,0,0,97.749972,-51.049972,0.47774949257530747
50.97,electronics,18,IL,desktop,5,0,3,29,4,0,0,1,97.749972,-46.779972,0.5214323690912938
25.11,fashion,34,TX,desktop,6,0,22,26,5,6,1,1,97.749972,-72.639972,0.256879866350449
38.7,fashion,19,FL,tablet,6,0,16,30,10,6,1,0,97.749972,-59.049972,0.3959080377444197
35.89,entertainment,29,FL,desktop,1,0,16,18,5,3,0,0,97.749972,-61.859972,0.3671612267350703
27.2,electronics,47,TX,mobile,3,0,6,31,12,6,1,0,97.749972,-70.549972,0.2782609464250185
16.09,fuel,64,TX,tablet,2,0,12,21,3,3,0,0,97.749972,-81.659972,0.16460362602862305
161.63,entertainment,38,NY,tablet,4,0,1,10,4,6,1,1,97.749972,63.880027999999996,1.653504293039549
14.73,fashion,68,FL,tablet,4,0,7,9,1,1,0,0,97.749972,-83.019972,0.15069057870737212
20.89,grocery,68,IL,desktop,2,1,22,1,10,5,1,1,97.749972,-76.859972,0.21370849892715574
57.8,electronics,38,CA,tablet,6,0,7,4,1,1,0,0,97.749972,-39.949972,0.5913045111531642
163.02,grocery,18,NY,tablet,4,0,14,12,6,6,1,0,97.749972,65.27002800000001,1.6677242458164159
119.1,entertainment,65,NY,desktop,4,0,18,29,1,6,1,0,97.749972,21.350027999999995,1.218414658794842
217.31,electronics,45,CA,desktop,1,0,0,26,3,5,1,1,97.749972,119.560028,2.223120818662528
143.5,grocery,46,NY,desktop,5,0,14,5,2,5,1,0,97.749972,45.750028,1.4680310960290497
10.59,grocery,30,TX,tablet,7,0,21,3,12,6,1,0,97.749972,-87.159972,0.1083376258323877
191.85,grocery,20,TX,mobile,3,0,17,20,9,4,0,0,97.749972,94.100028,1.9626603886632275
493.81,grocery,53,IL,desktop,2,0,10,31,7,0,0,0,97.749972,396.060028,5.051766101255087
93.42,grocery,45,IL,desktop,4,0,16,19,9,3,0,0,97.749972,-4.329971999999998,0.9557035887876921
97.86,fuel,31,TX,mobile,2,0,1,12,6,6,1,1,97.749972,0.11002799999999979,1.0011255962188348
15.17,entertainment,54,FL,mobile,2,0,19,25,2,4,0,0,97.749972,-82.579972,0.15519185872307095
53.47,fashion,60,IL,tablet,5,0,19,13,4,5,1,0,97.749972,-44.279972,0.5470078237259463
25.0,fashion,24,IL,mobile,5,0,8,12,2,0,0,0,97.749972,-72.749972,0.25575454634652434
67.68,fashion,29,FL,mobile,8,0,3,15,7,0,0,1,97.749972,-30.069971999999993,0.6923787078693107
3.15,grocery,57,IL,tablet,2,0,10,7,9,2,0,0,97.749972,-94.599972,0.03222507283966206
36.28,entertainment,33,TX,mobile,6,0,17,28,4,3,0,0,97.749972,-61.469972,0.3711509976580761
217.49,fuel,63,TX,tablet,3,0,7,17,7,2,0,0,97.749972,119.74002800000001,2.224962251396223
80.41,fuel,41,CA,tablet,4,0,3,17,7,0,0,1,97.749972,-17.339972000000003,0.8226089228689608
138.32,grocery,48,CA,mobile,4,0,17,14,9,5,1,0,97.749972,40.57002799999999,1.4150387540260496
50.25,grocery,51,CA,mobile,3,1,6,5,5,3,0,0,97.749972,-47.499972,0.5140666381565139
110.14,grocery,23,NY,tablet,2,0,0,12,7,2,0,1,97.749972,12.390028000000001,1.1267522293842476
38.61,electronics,22,CA,desktop,3,0,4,21,10,0,0,1,97.749972,-59.139972,0.39498732137757214
3.83,electronics,31,FL,tablet,5,0,11,17,6,5,1,0,97.749972,-93.919972,0.039181596500287526
60.53,fuel,49,NY,mobile,7,0,22,24,7,2,0,1,97.749972,-37.219972,0.6192329076142047
60.31,fashion,29,TX,tablet,1,0,16,28,11,0,0,0,97.749972,-37.439972,0.6169822676063553
236.39,electronics,65,FL,mobile,0,0,18,25,2,5,1,0,97.749972,138.64002799999997,2.4183126884341952
79.12,electronics,68,TX,mobile,3,0,8,16,5,0,0,0,97.749972,-18.629971999999995,0.8094119882774802
160.22,fuel,66,IL,tablet,1,0,1,5,9,3,0,1,97.749972,62.470028,1.6390797366256051
311.56,electronics,44,IL,desktop,2,0,1,1,4,4,0,1,97.749972,213.810028,3.1873154583889245
4.6,grocery,36,IL,tablet,2,0,6,20,9,4,0,0,97.749972,-93.149972,0.047058836527760474
112.09,grocery,36,IL,mobile,1,0,1,14,8,0,0,1,97.749972,14.340028000000004,1.1467010839992764
155.19,electronics,38,TX,mobile,4,0,18,9,12,4,0,0,97.749972,57.440028,1.5876219219006844
115.34,grocery,40,TX,tablet,5,0,11,26,12,3,0,0,97.749972,17.590028000000004,1.1799491750243247
217.33,fuel,60,IL,tablet,7,0,5,27,6,3,0,1,97.749972,119.58002800000001,2.2233254222996055
169.76,fashion,58,CA,desktop,4,0,19,14,10,5,1,0,97.749972,72.01002799999999,1.7366756715114386
63.8,fuel,58,IL,tablet,5,0,8,11,10,1,0,0,97.749972,-33.949972,0.65268560227633
18.6,fuel,62,TX,mobile,3,0,20,11,5,5,1,0,97.749972,-79.14997199999999,0.19028138248181412
350.37,fashion,57,FL,mobile,4,0,8,22,11,4,0,0,97.749972,252.620028,3.584348816137269
167.5,electronics,35,TX,mobile,1,0,0,17,7,2,0,1,97.749972,69.750028,1.713555460521713
123.04,grocery,23,CA,desktop,5,0,6,26,11,6,1,0,97.749972,25.290028000000007,1.2587215752990542
62.41,electronics,56,CA,tablet,2,0,11,12,12,3,0,0,97.749972,-35.339972,0.6384656494994633
62.28,entertainment,52,NY,tablet,3,0,0,9,12,5,1,1,97.749972,-35.469972,0.6371357258584613
54.63,fashion,56,NY,desktop,4,0,23,16,11,5,1,1,97.749972,-43.119972,0.558874834676425
154.27,electronics,61,FL,mobile,2,0,0,30,3,5,1,1,97.749972,56.52002800000001,1.5782101545951324
44.2,entertainment,19,TX,mobile,3,0,12,7,2,1,0,0,97.749972,-53.549972,0.452174037940655
132.61,electronics,68,FL,mobile,4,0,21,26,3,6,1,0,97.749972,34.860028000000014,1.3566244156405036
3.67,electronics,28,IL,tablet,2,0,2,21,10,4,0,1,97.749972,-94.079972,0.03754476740366977
246.22,entertainment,60,CA,mobile,7,0,19,27,7,5,1,0,97.749972,148.470028,2.5188753760576486
84.68,electronics,58,IL,tablet,7,0,13,3,8,3,0,0,97.749972,-13.069971999999993,0.8662917993849473
92.76,fuel,67,TX,mobile,3,0,8,14,3,1,0,0,97.749972,-4.9899719999999945,0.9489516687641438
87.47,grocery,25,FL,tablet,5,0,6,19,5,4,0,0,97.749972,-10.279972,0.8948340067572192
60.58,fuel,59,TX,mobile,1,0,4,3,5,1,0,1,97.749972,-37.169972,0.6197444167068977
5.34,fashion,40,NY,mobile,2,0,1,5,4,1,0,1,97.749972,-92.409972,0.054629171099617596
154.02,fashion,34,NY,desktop,3,0,0,30,7,6,1,1,97.749972,56.27002800000001,1.5756526091316672
49.58,electronics,68,IL,tablet,4,0,16,12,9,3,0,0,97.749972,-48.169972,0.507212416314427
72.12,entertainment,38,FL,tablet,2,0,18,16,3,2,0,0,97.749972,-25.629971999999995,0.7378007153004534
42.45,electronics,54,TX,desktop,2,0,9,20,9,2,0,0,97.749972,-55.299972,0.4342712196963983
325.49,fuel,28,CA,desktop,1,0,22,17,2,4,0,1,97.749972,227.740028,3.329821891613208
82.36,electronics,42,TX,tablet,5,0,2,21,11,0,0,1,97.749972,-15.389972,0.8425577774839897
22.87,fashion,40,IL,tablet,1,0,6,15,9,6,1,0,97.749972,-74.879972,0.23396425899780046
4.02,entertainment,44,IL,mobile,4,0,18,6,6,0,0,0,97.749972,-93.729972,0.04112533105252111
128.13,fashion,40,TX,tablet,2,0,15,10,11,4,0,0,97.749972,30.380027999999996,1.3107932009352063
45.84,grocery,37,NY,desktop,2,0,3,21,5,1,0,1,97.749972,-51.909971999999996,0.468951536180987
187.21,grocery,55,FL,tablet,3,0,12,12,12,1,0,0,97.749972,89.46002800000001,1.9151923448613128
8.18,grocery,39,NY,desktop,4,0,2,17,12,1,0,1,97.749972,-89.569972,0.08368288756458275
220.73,entertainment,19,FL,desktop,4,0,10,25,4,0,0,0,97.749972,122.98002799999999,2.2581080406027323
228.31,fuel,62,IL,tablet,1,0,2,5,5,6,1,1,97.749972,130.560028,2.3356528190549986
139.35,grocery,63,CA,mobile,3,0,13,31,10,0,0,0,97.749972,41.600027999999995,1.4255758413355264
90.01,entertainment,47,NY,tablet,4,0,20,1,12,3,0,0,97.749972,-7.7399719999999945,0.9208186686660262
159.3,entertainment,66,CA,tablet,5,0,9,29,11,4,0,0,97.749972,61.55002800000001,1.629667969320053
5.7,entertainment,19,FL,tablet,3,0,22,1,12,4,0,1,97.749972,-92.049972,0.05831203656700755
26.63,fashion,26,IL,mobile,0,0,15,26,3,1,0,0,97.749972,-71.119972,0.2724297427683177
20.96,grocery,43,NY,tablet,3,0,1,11,5,3,0,1,97.749972,-76.789972,0.214424611656926
66.53,entertainment,21,NY,tablet,2,0,15,27,2,1,0,0,97.749972,-31.219972,0.6806139987373705
15.85,fashion,39,FL,tablet,5,0,0,18,5,2,0,1,97.749972,-81.899972,0.16214838238369642
65.53,fashion,24,CA,tablet,2,0,19,10,9,1,0,0,97.749972,-32.219972,0.6703838168835096
109.09,fuel,47,CA,tablet,1,0,12,2,10,6,1,0,97.749972,11.340028000000004,1.1160105384376935
27.69,grocery,24,NY,tablet,4,0,6,19,2,6,1,0,97.749972,-70.059972,0.28327373553341034
16.2,grocery,64,TX,desktop,4,0,17,28,3,0,0,0,97.749972,-81.549972,0.16572894603254776
26.39,grocery,36,TX,tablet,4,0,10,26,8,4,0,0,97.749972,-71.359972,0.26997449912339105
29.4,grocery,61,FL,mobile,4,0,3,15,3,2,0,1,97.749972,-68.34997200000001,0.30076734650351256
198.31,grocery,67,IL,tablet,0,0,22,17,1,2,0,1,97.749972,100.560028,2.0287473634391695
126.56,fuel,38,TX,tablet,2,0,13,15,11,2,0,0,97.749972,28.810028000000003,1.2947318154246448
129.71,fashion,43,IL,desktop,1,0,14,6,6,1,0,0,97.749972,31.96002800000001,1.3269568882643068
216.22,fuel,37,FL,tablet,5,0,1,27,8,6,1,1,97.749972,118.470028,2.2119699204418195
18.26,fashion,52,TX,tablet,3,0,3,7,4,6,1,1,97.749972,-79.489972,0.18680312065150137
103.8,fashion,69,IL,tablet,5,0,19,9,11,3,0,0,97.749972,6.0500279999999975,1.061892876430769
80.74,electronics,54,FL,desktop,2,0,12,13,9,1,0,0,97.749972,-17.009972000000005,0.8259848828807349
173.61,grocery,65,FL,desktop,1,0,6,11,10,1,0,0,97.749972,75.86002800000001,1.7760618716488037
14.03,entertainment,67,IL,desktop,2,0,11,28,10,4,0,0,97.749972,-83.719972,0.14352945140966944
84.6,fuel,57,NY,desktop,1,0,14,5,12,1,0,0,97.749972,-13.149972000000005,0.8654733848366383
5.41,entertainment,43,FL,mobile,2,0,19,5,9,3,0,0,97.749972,-92.339972,0.055345283829387866
45.3,grocery,61,IL,tablet,1,0,3,27,9,2,0,1,97.749972,-52.449972,0.46342723797990204
277.88,fuel,44,CA,tablet,3,0,7,15,9,4,0,0,97.749972,180.13002799999998,2.8427629335508873
8.01,fuel,33,CA,tablet,4,0,1,24,11,6,1,1,97.749972,-89.739972,0.0819437566494264
293.92,electronics,35,FL,desktop,4,0,2,25,12,6,1,1,97.749972,196.170028,3.0068550504868172
35.09,entertainment,66,NY,desktop,5,0,22,15,11,1,0,1,97.749972,-62.659971999999996,0.3589770812519816
10.99,entertainment,54,IL,mobile,4,0,13,7,2,1,0,0,97.749972,-86.759972,0.11242969857393209
129.36,fuel,33,CA,desktop,6,0,17,19,12,3,0,0,97.749972,31.610028000000014,1.3233763246154555
88.25,grocery,18,IL,mobile,4,0,21,13,8,5,1,0,97.749972,-9.499972,0.9028135486032308
97.65,fuel,57,IL,tablet,3,0,10,16,12,5,1,0,97.749972,-0.09997199999999395,0.9989772580295241
77.95,entertainment,33,TX,desktop,1,0,9,25,2,6,1,0,97.749972,-19.799971999999997,0.7974426755084628
226.56,fuel,69,NY,tablet,4,0,3,15,2,1,0,1,97.749972,128.810028,2.317750000810742
49.89,entertainment,65,CA,mobile,5,0,8,4,9,6,1,0,97.749972,-47.859972,0.5103837726891239
5.53,entertainment,50,FL,desktop,1,0,21,10,11,4,0,0,97.749972,-92.219972,0.056572905651851184
339.99,grocery,54,FL,desktop,4,0,1,3,8,2,0,1,97.749972,242.240028,3.478159528494192
328.74,electronics,22,NY,tablet,1,0,8,26,6,2,0,0,97.749972,230.990028,3.3630699826382564
78.75,grocery,61,CA,tablet,5,0,10,18,6,6,1,0,97.749972,-18.999972,0.8056268209915516
73.51,electronics,29,CA,tablet,1,0,13,24,8,3,0,0,97.749972,-24.239971999999995,0.7520206680773202
4.06,electronics,42,IL,desktop,3,0,0,29,3,2,0,1,97.749972,-93.689972,0.041534538326675544
103.27,electronics,56,CA,tablet,4,0,8,8,3,2,0,0,97.749972,5.520027999999996,1.0564708800482225
34.02,grocery,56,CA,mobile,5,0,18,20,2,6,1,0,97.749972,-63.729972,0.3480307866683503
46.52,fuel,55,IL,tablet,2,0,21,2,6,3,0,0,97.749972,-51.229972,0.4759080598416125
110.49,entertainment,57,TX,tablet,0,0,4,20,6,3,0,1,97.749972,12.740027999999995,1.1303327930330989
417.69,fashion,33,IL,tablet,5,0,13,2,3,5,1,0,97.749972,319.940028,4.27304465853919
15.94,grocery,27,CA,mobile,4,0,10,5,2,6,1,0,97.749972,-81.809972,0.1630690987505439
47.08,fuel,46,FL,tablet,4,0,14,30,1,6,1,0,97.749972,-50.669972,0.4816369616797746
107.73,fashion,68,CA,tablet,1,0,16,1,9,6,1,0,97.749972,9.980028000000004,1.1020974911164427
123.59,electronics,19,NY,desktop,2,0,16,24,10,1,0,0,97.749972,25.840028000000004,1.2643481753186776
26.74,fuel,18,IL,mobile,1,0,4,17,4,2,0,1,97.749972,-71.009972,0.2735550627722424
133.19,entertainment,32,CA,tablet,4,1,19,15,3,1,0,0,97.749972,35.440028,1.362557921115743
263.63,electronics,49,FL,tablet,4,0,21,17,9,5,1,0,97.749972,165.88002799999998,2.696982842133368
60.18,fashion,68,TX,mobile,5,0,9,23,1,6,1,0,97.749972,-37.569972,0.6156523439653533
45.19,electronics,57,TX,tablet,3,0,4,7,4,6,1,1,97.749972,-52.559972,0.46230191797597736
5.61,grocery,31,TX,tablet,3,0,19,4,3,5,1,0,97.749972,-92.139972,0.05739132020016006
25.24,grocery,37,TX,desktop,2,0,14,17,12,1,0,0,97.749972,-72.509972,0.25820978999145094
190.71,electronics,38,FL,tablet,2,0,3,20,6,3,0,1,97.749972,92.96002800000001,1.9509979813498262
143.07,electronics,67,FL,mobile,7,0,20,31,5,2,0,0,97.749972,45.32002799999999,1.4636321178318894
75.48,fashion,37,TX,mobile,2,0,9,18,5,3,0,0,97.749972,-22.269971999999996,0.7721741263294263
112.08,grocery,24,TX,desktop,5,0,5,25,12,2,0,1,97.749972,14.330027999999999,1.1465987821807377
4.56,entertainment,68,IL,mobile,4,0,10,16,12,0,0,0,97.749972,-93.189972,0.04664962925360603
112.14,grocery,50,NY,mobile,4,0,9,3,1,0,0,0,97.749972,14.390028000000001,1.1472125930919694
127.08,electronics,52,TX,mobile,1,0,10,28,5,5,1,0,97.749972,29.330028,1.3000515099886525
6.91,electronics,21,FL,mobile,5,0,7,12,8,4,0,0,97.749972,-90.839972,0.07069055661017933
248.28,electronics,34,CA,mobile,0,0,14,21,11,1,0,0,97.749972,150.53002800000002,2.539949550676602
275.13,electronics,29,TX,desktop,3,0,0,16,7,1,0,1,97.749972,177.38002799999998,2.8146299334527694
21.39,fuel,40,IL,tablet,5,0,11,30,11,5,1,0,97.749972,-76.359972,0.2188235898540862
73.43,entertainment,50,NY,desktop,4,0,17,17,6,5,1,0,97.749972,-24.319971999999993,0.7512022535290113
225.14,grocery,21,IL,desktop,2,0,7,2,7,1,0,0,97.749972,127.39002799999999,2.3032231425782594
20.48,entertainment,28,CA,tablet,0,0,16,6,4,5,1,0,97.749972,-77.269972,0.20951412436707273
96.79,grocery,24,TX,mobile,3,0,13,19,2,0,0,0,97.749972,-0.9599719999999934,0.9901793016352036
270.59,fashion,62,IL,tablet,5,0,13,9,6,4,0,0,97.749972,172.84002799999996,2.76818490783624
39.69,entertainment,22,IL,desktop,2,0,13,7,6,2,0,0,97.749972,-58.059972,0.40603591777974196
57.38,electronics,24,NY,desktop,4,0,18,1,4,4,0,0,97.749972,-40.369972,0.5870078347745427
25.85,grocery,53,TX,desktop,1,0,18,27,7,5,1,0,97.749972,-71.89997199999999,0.26445020092230614
67.71,grocery,44,CA,desktop,5,0,17,12,6,0,0,0,97.749972,-30.039972000000006,0.6926856133249264
216.3,grocery,54,FL,tablet,3,0,5,27,2,0,0,1,97.749972,118.55002800000001,2.2127883349901287
113.1,grocery,39,NY,mobile,3,0,4,2,2,2,0,1,97.749972,15.350027999999995,1.1570335676716759
25.77,fashion,63,IL,desktop,3,0,17,29,7,5,1,0,97.749972,-71.979972,0.26363178637399726
137.91,fuel,35,FL,desktop,4,0,6,30,9,0,0,0,97.749972,40.160028,1.4108443794659666
125.99,fashion,33,NY,mobile,4,0,0,13,8,6,1,1,97.749972,28.240027999999995,1.2889006117679438
474.76,fashion,42,IL,desktop,3,0,11,25,1,1,0,0,97.749972,377.010028,4.856881136939036
15.41,entertainment,26,TX,mobile,2,0,9,26,4,1,0,0,97.749972,-82.339972,0.1576471023679976
25.67,fashion,55,FL,desktop,3,0,14,26,4,2,0,0,97.749972,-72.079972,0.2626087681886112
55.8,grocery,42,NY,tablet,6,0,12,13,11,6,1,0,97.749972,-41.949972,0.5708441474454422
107.71,grocery,33,FL,mobile,1,0,11,4,4,1,0,0,97.749972,9.960027999999994,1.1018928874793652
123.46,entertainment,35,IL,mobile,2,0,6,23,1,0,0,0,97.749972,25.710027999999994,1.2630182516776756
103.28,electronics,68,TX,mobile,3,0,5,18,2,6,1,1,97.749972,5.5300280000000015,1.0565731818667612
45.77,grocery,68,TX,desktop,3,0,13,4,3,4,0,0,97.749972,-51.979972,0.46823542345121677
34.21,grocery,29,CA,tablet,1,0,7,3,1,0,0,0,97.749972,-63.539972,0.34997452122058387
76.72,entertainment,36,CA,desktop,3,0,7,8,7,4,0,0,97.749972,-21.029972,0.7848595518282138
3.7,grocery,47,FL,mobile,3,0,15,9,6,4,0,0,97.749972,-94.049972,0.037851672859285604
343.77,entertainment,34,FL,mobile,1,0,20,3,7,0,0,0,97.749972,246.02002799999997,3.5168296159017864
105.45,fuel,45,TX,mobile,3,0,1,27,11,6,1,1,97.749972,7.700028000000003,1.0787726764896397
31.2,fuel,47,CA,mobile,6,0,7,13,12,2,0,0,97.749972,-66.549972,0.31918167384046237
104.63,entertainment,20,TX,desktop,0,0,14,30,6,3,0,0,97.749972,6.880027999999996,1.0703839273694735
105.89,entertainment,25,FL,desktop,8,0,10,4,1,1,0,0,97.749972,8.140028000000001,1.0832739565053384
172.52,fuel,39,IL,desktop,4,0,18,17,1,0,0,0,97.749972,74.77002800000001,1.7649109734280952
321.37,fashion,20,IL,desktop,5,0,14,14,6,1,0,0,97.749972,223.620028,3.287673542375301
180.68,electronics,66,FL,mobile,2,0,19,19,5,3,0,0,97.749972,82.93002800000001,1.8483892573556007
133.19,electronics,24,NY,mobile,3,0,14,4,3,5,1,0,97.749972,35.440028,1.362557921115743
269.98,electronics,69,FL,desktop,2,0,18,31,3,3,0,0,97.749972,172.230028,2.7619444969053855
4.67,grocery,26,CA,tablet,2,0,10,20,1,4,0,0,97.749972,-93.079972,0.047774949257530744
80.85,fashion,26,IL,desktop,3,0,4,24,8,3,0,1,97.749972,-16.899972000000005,0.8271102028846596
28.89,grocery,44,FL,desktop,3,0,15,18,2,5,1,0,97.749972,-68.859972,0.2955499537580435
33.78,grocery,52,NY,mobile,1,0,1,24,10,0,0,1,97.749972,-63.969972,0.3455755430234237
56.87,fuel,33,NY,desktop,1,0,17,20,12,2,0,0,97.749972,-40.879972,0.5817904420290735
209.94,fuel,45,IL,desktop,2,0,6,16,12,0,0,0,97.749972,112.190028,2.1477243783995728
44.85,fuel,59,TX,tablet,4,0,7,30,3,2,0,0,97.749972,-52.899972,0.4588236561456646
66.55,entertainment,53,FL,mobile,1,0,22,5,4,1,0,1,97.749972,-31.199972000000002,0.6808186023744477
22.15,fashion,42,IL,mobile,5,0,3,30,10,0,0,1,97.749972,-75.59997200000001,0.22659852806302053
429.64,fashion,63,CA,mobile,6,0,3,5,10,2,0,1,97.749972,331.890028,4.395295331692828
38.74,fuel,64,FL,mobile,5,0,20,5,10,5,1,0,97.749972,-59.009972,0.3963172450185741
37.0,grocery,62,FL,tablet,5,0,19,27,8,6,1,0,97.749972,-60.749972,0.378516728592856
20.06,electronics,20,CA,tablet,4,0,23,31,8,3,0,1,97.749972,-77.689972,0.2052174479884511
31.56,grocery,69,FL,desktop,5,0,22,20,5,4,0,1,97.749972,-66.189972,0.3228645393078523
37.87,entertainment,63,TX,mobile,2,0,17,10,9,6,1,0,97.749972,-59.879972,0.387416986805715
5.32,grocery,63,NY,mobile,3,0,2,2,5,0,0,1,97.749972,-92.42997199999999,0.05442456746254038
11.43,entertainment,40,FL,desktop,2,0,22,27,9,1,0,1,97.749972,-86.319972,0.11693097858963092
128.28,electronics,52,CA,desktop,4,0,6,1,12,4,0,0,97.749972,30.530028,1.3123277282132857
262.77,fuel,68,IL,mobile,6,0,2,24,3,3,0,1,97.749972,165.02002799999997,2.6881848857390476
101.17,fuel,54,FL,desktop,0,0,17,18,3,0,0,0,97.749972,3.420028000000002,1.0349874981551146
103.61,entertainment,58,NY,tablet,6,0,9,1,12,4,0,0,97.749972,5.860028,1.0599491418785354
49.34,fuel,65,NY,tablet,3,0,19,28,1,5,1,0,97.749972,-48.409971999999996,0.5047571726695004
11.29,electronics,57,TX,mobile,3,0,3,30,8,1,0,1,97.749972,-86.459972,0.11549875313009038
73.35,electronics,33,FL,mobile,3,0,13,7,3,0,0,0,97.749972,-24.399972000000005,0.7503838389807023
59.62,electronics,48,FL,tablet,6,0,15,2,8,2,0,0,97.749972,-38.129972,0.6099234421271912
80.68,entertainment,49,TX,tablet,2,0,5,1,8,0,0,1,97.749972,-17.069971999999993,0.8253710719695033
205.12,fuel,26,NY,desktop,4,0,6,30,8,2,0,0,97.749972,107.370028,2.0984149018639626
23.61,fuel,58,FL,desktop,5,0,5,16,4,5,1,1,97.749972,-74.139972,0.24153459356965756
56.71,fashion,23,IL,mobile,1,0,17,26,6,0,0,0,97.749972,-41.039972,0.5801536129324558
16.6,fashion,39,IL,tablet,2,0,1,29,9,4,0,1,97.749972,-81.14997199999999,0.16982101877409217
189.2,entertainment,58,TX,tablet,2,0,3,18,12,0,0,1,97.749972,91.45002799999999,1.9355504067504958
122.79,entertainment,50,FL,tablet,3,0,7,6,12,2,0,0,97.749972,25.040028000000007,1.256164029835589
12.2,entertainment,56,NY,tablet,2,0,4,2,5,1,0,1,97.749972,-85.549972,0.12480821861710387
36.79,entertainment,44,IL,mobile,3,0,7,4,2,5,1,0,97.749972,-60.959972,0.3763683904035452
199.81,grocery,30,TX,desktop,5,0,17,26,6,0,0,0,97.749972,102.060028,2.044092636219961
66.3,grocery,20,NY,mobile,4,0,19,25,4,1,0,0,97.749972,-31.449972000000002,0.6782610569109825
128.53,fashion,30,CA,tablet,5,0,21,4,2,5,1,0,97.749972,30.780028,1.314885273676751
92.51,fashion,69,FL,tablet,6,0,8,15,7,0,0,0,97.749972,-5.2399719999999945,0.9463941233006786
96.65,electronics,28,FL,mobile,4,0,1,2,11,5,1,1,97.749972,-1.099971999999994,0.988747076175663
36.15,fuel,19,TX,mobile,2,0,13,30,10,2,0,0,97.749972,-61.599972,0.36982107401707415
48.38,electronics,65,NY,mobile,3,0,10,22,6,3,0,0,97.749972,-49.369972,0.4949361980897939
27.55,fuel,60,NY,desktop,5,0,6,19,1,3,0,0,97.749972,-70.199972,0.2818415100738698
139.01,electronics,60,NY,tablet,4,0,0,1,7,4,0,1,97.749972,41.26002799999999,1.4220975795052138
170.07,electronics,33,IL,desktop,2,0,9,1,4,4,0,0,97.749972,72.320028,1.7398470278861355
50.73,entertainment,48,FL,desktop,3,0,0,4,12,0,0,1,97.749972,-47.019972,0.5189771254463671
96.15,fuel,51,FL,desktop,3,0,8,11,7,1,0,0,97.749972,-1.599971999999994,0.9836319852487326
26.28,grocery,53,NY,tablet,5,0,3,15,1,0,0,1,97.749972,-71.469972,0.2688491791194664
460.12,entertainment,62,FL,desktop,1,0,12,21,7,4,0,0,97.749972,362.370028,4.70711127459851
115.74,grocery,37,TX,desktop,4,0,6,17,5,1,0,0,97.749972,17.990027999999995,1.1840412477658688
152.08,fashion,46,IL,mobile,3,0,19,27,1,4,0,0,97.749972,54.33002800000001,1.5558060563351768
14.17,electronics,66,CA,tablet,3,0,9,18,1,1,0,0,97.749972,-83.579972,0.14496167686921
146.73,entertainment,53,FL,desktop,1,0,13,25,8,3,0,0,97.749972,48.98002799999999,1.5010745834170205
8.16,grocery,44,CA,tablet,2,0,8,15,8,1,0,0,97.749972,-89.589972,0.08347828392750554
118.99,electronics,20,CA,tablet,1,0,23,12,6,0,0,1,97.749972,21.240027999999995,1.2172893387909172
78.44,fuel,59,IL,tablet,3,0,19,4,5,5,1,0,97.749972,-19.309972000000002,0.8024554646168547
23.78,entertainment,19,FL,mobile,5,0,9,16,7,5,1,0,97.749972,-73.969972,0.24327372448481394
55.81,fashion,66,NY,mobile,0,0,23,17,8,2,0,1,97.749972,-41.939972,0.5709464492639809
13.0,fashion,31,TX,desktop,4,0,5,27,11,2,0,1,97.749972,-84.749972,0.13299236410019263
88.33,entertainment,41,FL,mobile,1,0,12,25,11,4,0,0,97.749972,-9.419972000000001,0.9036319631515397
36.57,entertainment,57,NY,tablet,2,0,14,29,1,5,1,0,97.749972,-61.179972,0.3741177503956958
99.31,fuel,46,FL,tablet,1,0,13,24,9,5,1,0,97.749972,1.5600280000000026,1.0159593599069332
61.3,entertainment,68,NY,desktop,2,0,4,21,1,5,1,1,97.749972,-36.449972,0.6271101476416776
134.32,entertainment,32,CA,desktop,3,0,17,4,6,6,1,0,97.749972,36.57002799999999,1.374118026610606
127.82,electronics,66,FL,mobile,3,0,3,24,7,6,1,1,97.749972,30.070027999999994,1.3076218445605094
234.32,fuel,48,FL,tablet,3,0,13,12,1,2,0,0,97.749972,136.57002799999998,2.397136211996703
30.03,grocery,31,TX,desktop,3,0,19,30,4,1,0,0,97.749972,-67.719972,0.307212361071445
81.37,entertainment,18,CA,desktop,2,0,11,18,11,0,0,0,97.749972,-16.379971999999995,0.8324298974486674
13.82,fashion,38,FL,tablet,2,0,3,12,5,6,1,1,97.749972,-83.92997199999999,0.14138111322035865
39.09,electronics,67,FL,mobile,1,0,11,27,6,0,0,0,97.749972,-58.659971999999996,0.39989780866742547
20.07,electronics,41,TX,desktop,2,0,16,29,8,0,0,0,97.749972,-77.67997199999999,0.20531974980698972
4.51,fashion,57,TX,tablet,8,0,6,9,4,1,0,0,97.749972,-93.239972,0.04613812016091298
1.0,electronics,49,FL,mobile,3,0,8,25,12,2,0,0,97.749972,-96.749972,0.010230181853860973
51.14,entertainment,69,CA,mobile,3,0,7,22,6,2,0,0,97.749972,-46.609972,0.5231715000064502
251.82,fashion,30,IL,desktop,6,0,9,18,7,0,0,0,97.749972,154.07002799999998,2.57616439443927
147.04,entertainment,49,IL,mobile,1,0,11,11,11,0,0,0,97.749972,49.29002799999999,1.5042459397917174
300.4,grocery,32,IL,tablet,7,0,12,19,12,3,0,0,97.749972,202.65002799999996,3.073146628899836
312.17,fuel,61,CA,mobile,3,0,2,31,10,1,0,1,97.749972,214.420028,3.19355586931978
85.72,electronics,67,NY,tablet,1,0,9,13,3,2,0,0,97.749972,-12.029972,0.8769311885129626
49.06,entertainment,58,IL,mobile,1,0,6,19,12,0,0,0,97.749972,-48.689972,0.5018927217504193
50.22,grocery,58,NY,tablet,4,0,12,12,7,1,0,0,97.749972,-47.529972,0.513759732700898
17.75,electronics,23,IL,desktop,4,0,12,31,8,3,0,0,97.749972,-79.999972,0.18158572790603228
66.4,entertainment,52,TX,desktop,2,0,5,13,7,5,1,1,97.749972,-31.349971999999994,0.6792840750963687
16.17,grocery,20,FL,tablet,3,0,10,8,4,5,1,0,97.749972,-81.579972,0.16542204057693194
119.68,fashion,35,NY,tablet,4,0,23,3,8,5,1,1,97.749972,21.930028000000007,1.2243481642700813
101.88,entertainment,21,FL,tablet,2,0,15,17,9,5,1,0,97.749972,4.130027999999996,1.0422509272713558
111.63,electronics,19,TX,tablet,2,0,23,1,4,0,0,1,97.749972,13.880027999999996,1.1419952003465004
70.5,fuel,58,CA,mobile,4,0,11,10,11,6,1,0,97.749972,-27.249972,0.7212278206971986
149.44,fuel,38,IL,mobile,3,0,6,28,2,0,0,0,97.749972,51.690028,1.5287983762409838
205.01,grocery,59,CA,mobile,2,0,8,28,11,0,0,0,97.749972,107.26002799999999,2.097289581860038
61.95,fashion,62,IL,desktop,2,0,23,4,7,1,0,1,97.749972,-35.799972,0.6337597658466873
9.27,fuel,23,NY,mobile,3,0,7,16,11,5,1,0,97.749972,-88.479972,0.09483378578529121
31.03,fashion,21,NY,mobile,4,0,9,23,2,4,0,0,97.749972,-66.719972,0.317442542925306
212.75,grocery,29,NY,mobile,4,0,4,3,12,5,1,1,97.749972,115.000028,2.176471189408922
138.07,entertainment,44,CA,tablet,8,0,14,15,11,4,0,0,97.749972,40.32002799999999,1.4124812085625844
20.31,grocery,60,NY,mobile,2,0,5,24,1,2,0,1,97.749972,-77.439972,0.20777499345191636
279.8,fashion,27,CA,tablet,4,0,15,31,8,3,0,0,97.749972,182.050028,2.8624048827103
52.95,fuel,25,TX,desktop,5,0,2,29,6,5,1,1,97.749972,-44.799972,0.5416881291619385
9.53,fashion,39,FL,tablet,3,0,10,30,10,0,0,0,97.749972,-88.219972,0.09749363306729507
375.03,electronics,53,CA,tablet,2,0,5,19,7,2,0,1,97.749972,277.28002799999996,3.8366251006534804
70.55,entertainment,21,IL,tablet,4,1,1,25,9,6,1,1,97.749972,-27.199972000000002,0.7217393297898916
82.57,fuel,53,NY,mobile,1,0,17,10,12,1,0,0,97.749972,-15.179972000000006,0.8447061156733005
154.63,entertainment,19,FL,mobile,8,0,23,27,3,0,0,1,97.749972,56.880027999999996,1.581893020062522
28.67,fashion,62,NY,desktop,0,0,2,28,7,6,1,1,97.749972,-69.079972,0.2932993137501941
11.06,fuel,29,FL,desktop,6,0,21,24,6,0,0,0,97.749972,-86.689972,0.11314581130370237
76.15,entertainment,21,TX,desktop,1,0,6,24,2,4,0,0,97.749972,-21.599971999999994,0.7790283481715131
156.85,fashion,59,CA,desktop,2,0,1,9,1,1,0,1,97.749972,59.100027999999995,1.6046040237780934
172.18,grocery,56,NY,mobile,5,0,12,23,4,1,0,0,97.749972,74.43002800000001,1.7614327115977824
161.72,electronics,31,IL,tablet,0,0,1,27,3,0,0,1,97.749972,63.970028,1.6544250094063966
36.15,fashion,47,NY,mobile,2,0,4,2,6,3,0,1,97.749972,-61.599972,0.36982107401707415
73.0,electronics,23,TX,tablet,2,0,23,5,7,2,0,1,97.749972,-24.749972,0.746803275331851
41.08,electronics,22,FL,tablet,2,0,22,18,10,1,0,1,97.749972,-56.669972,0.42025587055660873
13.97,grocery,69,TX,mobile,0,0,10,18,11,0,0,0,97.749972,-83.779972,0.1429156404984378
49.24,fashion,44,IL,mobile,2,0,18,22,12,4,0,0,97.749972,-48.509972,0.5037341544841143
62.07,grocery,67,IL,mobile,2,0,3,15,7,5,1,1,97.749972,-35.679972,0.6349873876691505
84.22,fashion,62,CA,desktop,1,1,14,18,3,0,0,0,97.749972,-13.529972,0.8615859157321711
88.57,electronics,38,FL,mobile,0,0,21,11,1,1,0,0,97.749972,-9.179972000000006,0.9060872067964663
1.45,fashion,19,FL,desktop,6,0,7,24,8,3,0,0,97.749972,-96.299972,0.01483376368809841
134.17,entertainment,55,FL,desktop,4,0,16,26,1,3,0,0,97.749972,36.42002799999999,1.3725834993325265
517.26,fashion,31,FL,tablet,4,0,1,17,2,5,1,1,97.749972,419.510028,5.291663865728126
6.53,fashion,38,IL,tablet,1,0,17,15,11,1,0,0,97.749972,-91.219972,0.06680308750571215
477.16,fuel,18,TX,mobile,1,0,7,20,9,2,0,0,97.749972,379.410028,4.881433573388302
254.75,fashion,30,CA,desktop,3,0,1,1,1,0,0,1,97.749972,157.000028,2.606138827271083
10.82,electronics,28,IL,mobile,3,0,18,10,9,5,1,0,97.749972,-86.92997199999999,0.11069056765877573
123.7,fuel,66,FL,mobile,3,0,4,15,2,3,0,1,97.749972,25.950028000000003,1.2654734953226023
59.52,fashion,32,NY,mobile,2,0,2,21,5,1,0,1,97.749972,-38.229972,0.6089004239418051
102.75,grocery,33,TX,mobile,1,0,17,11,6,1,0,0,97.749972,5.000028,1.051151185484215
301.13,electronics,65,FL,desktop,3,0,11,25,8,6,1,0,97.749972,203.38002799999998,3.0806146616531547
132.81,entertainment,27,IL,desktop,1,0,21,22,1,5,1,0,97.749972,35.060028,1.3586704520112758
59.29,electronics,45,FL,desktop,4,0,10,13,7,3,0,0,97.749972,-38.459972,0.6065474821154171
19.03,fuel,33,FL,desktop,1,0,13,7,5,6,1,0,97.749972,-78.719972,0.19468036067897432
23.71,entertainment,67,TX,desktop,3,0,20,24,4,2,0,0,97.749972,-74.039972,0.24255761175504367
118.86,entertainment,49,TX,desktop,2,0,10,5,1,3,0,0,97.749972,21.110028,1.2159594151499151
146.28,fashion,34,IL,desktop,1,0,1,1,12,6,1,1,97.749972,48.530028,1.4964710015827831
91.27,fuel,27,CA,mobile,3,0,13,13,6,1,0,0,97.749972,-6.479972000000004,0.9337086978018909
30.42,fashion,67,FL,desktop,7,0,8,10,6,0,0,0,97.749972,-67.329972,0.3112021319944508
184.86,entertainment,54,TX,mobile,3,0,14,27,12,1,0,0,97.749972,87.11002800000001,1.8911514175047395
54.77,electronics,45,NY,desktop,4,0,23,31,3,4,0,1,97.749972,-42.979972,0.5603070601359655
187.93,fuel,64,NY,mobile,3,0,2,27,12,1,0,1,97.749972,90.18002800000001,1.9225580757960927
15.49,grocery,36,CA,mobile,5,0,1,28,9,5,1,1,97.749972,-82.259972,0.15846551691630648
28.93,electronics,24,IL,tablet,5,0,9,27,9,4,0,0,97.749972,-68.819972,0.29595916103219794
34.21,electronics,66,IL,mobile,0,0,10,9,4,5,1,0,97.749972,-63.539972,0.34997452122058387
12.09,fuel,49,TX,desktop,5,0,5,12,10,2,0,1,97.749972,-85.659972,0.12368289861317916
244.52,entertainment,19,IL,mobile,0,0,6,23,8,4,0,0,97.749972,146.77002800000002,2.501484066906085
125.31,fashion,60,TX,mobile,3,0,4,21,9,5,1,1,97.749972,27.560028000000003,1.2819440881073185
111.97,fashion,27,TX,tablet,4,0,13,14,3,0,0,0,97.749972,14.220028,1.145473462176813
32.44,electronics,27,CA,mobile,6,0,5,19,8,4,0,1,97.749972,-65.309972,0.3318670993392499
478.83,entertainment,55,TX,desktop,2,0,18,2,4,1,0,0,97.749972,381.08002799999997,4.898517977084249
68.89,fuel,19,FL,mobile,1,0,8,31,8,2,0,0,97.749972,-28.859972,0.7047572279124824
189.18,grocery,62,TX,desktop,3,0,9,29,9,3,0,0,97.749972,91.43002800000001,1.935345803113419
33.06,entertainment,37,NY,mobile,4,0,4,9,8,4,0,1,97.749972,-64.689972,0.33820981208864376
55.92,electronics,29,NY,tablet,1,0,19,29,5,6,1,0,97.749972,-41.829972,0.5720717692679056
319.48,fuel,66,IL,tablet,5,0,11,24,4,2,0,0,97.749972,221.730028,3.2683384986715036
68.71,grocery,60,FL,tablet,4,0,10,4,7,3,0,0,97.749972,-29.039972000000006,0.7029157951787873
17.87,electronics,31,FL,mobile,5,0,20,17,9,1,0,0,97.749972,-79.879972,0.18281334972849558
195.73,fashion,47,CA,desktop,4,0,6,6,9,4,0,0,97.749972,97.98002799999999,2.0023534942562082
69.75,fashion,25,FL,desktop,2,0,18,27,9,4,0,0,97.749972,-27.999972,0.7135551843068029
112.6,grocery,51,FL,tablet,4,0,15,5,9,3,0,0,97.749972,14.850027999999995,1.1519184767447455
97.71,grocery,29,CA,desktop,4,0,5,14,1,4,0,1,97.749972,-0.03997200000000589,0.9995910689407556
33.08,entertainment,63,NY,mobile,3,0,14,2,10,6,1,0,97.749972,-64.669972,0.33841441572572095
18.12,fuel,19,IL,tablet,3,1,7,26,10,5,1,0,97.749972,-79.629972,0.18537089519196084
39.98,grocery,61,NY,mobile,4,0,7,20,11,2,0,0,97.749972,-57.769972,0.40900267051736167
159.73,entertainment,21,FL,desktop,2,0,15,13,3,2,0,0,97.749972,61.98002799999999,1.6340669475172132
265.74,electronics,48,TX,desktop,3,0,14,21,11,0,0,0,97.749972,167.990028,2.718568525845015
196.13,grocery,41,CA,tablet,4,0,22,11,10,4,0,1,97.749972,98.380028,2.0064455669977526
87.5,fuel,21,TX,desktop,1,0,11,15,9,4,0,0,97.749972,-10.249972,0.8951409122128351
108.18,fuel,56,FL,desktop,4,0,11,29,7,4,0,0,97.749972,10.430028000000007,1.10670107295068
15.1,fashion,57,TX,desktop,2,0,16,9,3,2,0,0,97.749972,-82.649972,0.1544757459933007
113.05,electronics,25,NY,mobile,1,0,1,18,5,3,0,1,97.749972,15.300027999999998,1.156522058578983
128.26,entertainment,62,TX,desktop,4,0,0,2,10,0,0,1,97.749972,30.51002799999999,1.3121231245762082
173.58,electronics,30,TX,mobile,0,0,17,30,9,0,0,0,97.749972,75.83002800000001,1.7757549661931877
0.5,entertainment,44,NY,desktop,6,0,11,10,2,3,0,0,97.749972,-97.249972,0.0051150909269304864
385.64,fashion,55,CA,mobile,4,0,16,7,2,2,0,0,97.749972,287.890028,3.9451673301229455
87.64,electronics,35,NY,mobile,7,0,8,29,4,4,0,0,97.749972,-10.109971999999999,0.8965731376723757
15.83,entertainment,63,CA,desktop,2,0,19,27,2,6,1,0,97.749972,-81.919972,0.1619437787466192
239.07,fuel,35,NY,tablet,1,0,18,12,5,4,0,0,97.749972,141.32002799999998,2.4457295758025426
210.58,electronics,22,TX,mobile,1,0,15,10,7,6,1,0,97.749972,112.83002800000001,2.154271694786044
158.31,fuel,62,IL,mobile,2,0,12,15,12,4,0,0,97.749972,60.560028,1.6195400892847307
45.7,grocery,21,NY,desktop,3,0,10,8,1,5,1,0,97.749972,-52.049972,0.4675193107214465
192.38,electronics,58,NY,tablet,4,0,15,30,9,5,1,0,97.749972,94.630028,1.9680823850457738
36.17,fuel,62,FL,desktop,3,0,0,22,12,6,1,1,97.749972,-61.579972,0.3700256776541514
290.09,electronics,37,TX,mobile,3,0,8,23,1,0,0,0,97.749972,192.34002799999996,2.9676734539865293
37.08,fashion,19,IL,mobile,1,0,3,5,2,5,1,1,97.749972,-60.669972,0.37933514314116484
327.51,entertainment,69,CA,desktop,0,0,8,30,10,0,0,0,97.749972,229.76002799999998,3.350486858958007
34.74,grocery,42,CA,desktop,4,0,18,25,9,6,1,0,97.749972,-63.009972,0.35539651760313024
175.0,fashion,32,TX,tablet,1,0,21,1,8,1,0,0,97.749972,77.250028,1.7902818244256702
52.85,grocery,48,TX,desktop,2,0,19,16,8,4,0,0,97.749972,-44.899972,0.5406651109765525
18.75,entertainment,60,FL,tablet,5,0,15,4,1,2,0,0,97.749972,-78.999972,0.19181590975989324
25.8,fashion,63,FL,mobile,3,0,21,30,6,3,0,0,97.749972,-71.949972,0.2639386918296131
77.09,fashion,34,NY,mobile,5,0,5,29,8,0,0,1,97.749972,-20.659971999999996,0.7886447191141425
168.18,fashion,28,CA,desktop,0,0,13,12,4,2,0,0,97.749972,70.43002800000001,1.7205119841823384
191.42,grocery,29,NY,desktop,2,0,14,29,2,3,0,0,97.749972,93.67002799999999,1.9582614104660672
53.12,electronics,49,TX,tablet,1,0,10,30,11,2,0,0,97.749972,-44.629972,0.5434272600770949
90.54,fashion,37,IL,tablet,6,0,8,11,8,6,1,0,97.749972,-7.209971999999993,0.9262406650485725
276.4,fashion,69,TX,desktop,2,0,7,29,12,3,0,0,97.749972,178.65002799999996,2.8276222644071725
63.07,electronics,67,CA,mobile,3,0,21,25,1,3,0,0,97.749972,-34.679972,0.6452175695230116
236.54,entertainment,28,IL,tablet,1,0,16,29,11,4,0,0,97.749972,138.790028,2.4198472157122746
58.93,fuel,44,NY,desktop,1,0,16,6,8,6,1,0,97.749972,-38.819972,0.6028646166480272
255.75,entertainment,62,CA,tablet,2,0,18,16,7,1,0,0,97.749972,158.000028,2.6163690091249436
38.99,fashion,32,CA,desktop,4,0,17,23,4,5,1,0,97.749972,-58.759972,0.39887479048203933
48.85,fashion,29,FL,desktop,6,0,15,14,4,3,0,0,97.749972,-48.899972,0.4997443835611085
56.15,fuel,62,CA,desktop,3,0,17,12,10,5,1,0,97.749972,-41.599972,0.5744247110942936
22.94,fuel,33,NY,desktop,6,0,12,8,4,0,0,0,97.749972,-74.809972,0.23468037172757072
75.69,electronics,50,TX,tablet,1,0,6,23,1,0,0,0,97.749972,-22.059972000000002,0.774322464518737
184.62,grocery,66,NY,tablet,4,0,20,20,2,1,0,0,97.749972,86.870028,1.888696173859813
46.56,grocery,30,FL,mobile,2,0,11,21,1,6,1,0,97.749972,-51.189972,0.47631726711576694
33.85,electronics,19,FL,tablet,3,0,23,18,3,0,0,1,97.749972,-63.899972,0.3462916557531939
195.72,grocery,25,IL,desktop,0,0,0,5,7,2,0,1,97.749972,97.970028,2.0022511924376696
48.12,electronics,30,TX,tablet,2,0,9,23,1,0,0,0,97.749972,-49.629972,0.49227635080779
83.25,electronics,33,CA,mobile,2,0,13,16,10,6,1,0,97.749972,-14.499972,0.8516626393339259
0.58,entertainment,21,CA,tablet,5,0,6,20,9,4,0,0,97.749972,-97.169972,0.005933505475239364
2.12,grocery,44,CA,desktop,3,0,5,9,6,6,1,1,97.749972,-95.629972,0.021687985530185264
283.83,entertainment,53,CA,desktop,2,0,15,1,4,5,1,0,97.749972,186.08002799999997,2.90363251558136
19.75,entertainment,19,TX,desktop,6,0,3,14,3,3,0,1,97.749972,-77.999972,0.20204609161375423
106.22,electronics,51,IL,desktop,2,0,13,28,4,6,1,0,97.749972,8.470028,1.0866499165171124
193.38,grocery,40,IL,tablet,2,0,13,17,12,1,0,0,97.749972,95.630028,1.9783125668996349
58.44,electronics,44,FL,mobile,4,0,15,9,9,0,0,0,97.749972,-39.309972,0.5978518275396352
100.87,electronics,34,CA,tablet,2,0,21,3,2,5,1,0,97.749972,3.120028000000005,1.0319184435989563
133.61,electronics,25,IL,tablet,3,0,3,2,11,3,0,1,97.749972,35.860028000000014,1.3668545974943647
93.39,fashion,56,TX,mobile,1,0,10,13,9,1,0,0,97.749972,-4.359971999999999,0.9553966833320763
37.41,entertainment,61,FL,mobile,3,0,16,17,6,4,0,0,97.749972,-60.339972,0.38271110315293894
125.94,fashion,62,CA,mobile,4,0,21,7,11,1,0,0,97.749972,28.190027999999998,1.288389102675251
27.71,fuel,23,FL,desktop,2,0,3,8,3,1,0,1,97.749972,-70.039972,0.28347833917048754
36.59,fashion,67,FL,mobile,0,0,18,20,8,6,1,0,97.749972,-61.159971999999996,0.37432235403277303
25.65,fashion,42,IL,mobile,2,0,6,11,4,0,0,0,97.749972,-72.09997200000001,0.2624041645515339
111.09,fuel,36,TX,desktop,7,0,9,29,5,6,1,0,97.749972,13.340028000000004,1.1364709021454156
30.71,electronics,22,IL,tablet,2,0,14,14,10,0,0,0,97.749972,-67.039972,0.3141688847320705
117.22,fashion,28,IL,desktop,3,0,10,24,9,1,0,0,97.749972,19.470028,1.1991819169095832
33.88,fashion,69,TX,tablet,4,0,17,29,7,5,1,0,97.749972,-63.869972,0.3465985612088098
62.64,electronics,20,TX,mobile,4,1,3,20,9,4,0,1,97.749972,-35.109972,0.6408185913258513
56.24,entertainment,33,NY,desktop,6,0,14,26,8,0,0,0,97.749972,-41.509972,0.5753454274611411
201.75,electronics,65,IL,mobile,0,0,14,3,11,6,1,0,97.749972,104.000028,2.0639391890164513
46.17,grocery,48,FL,tablet,4,0,13,30,10,0,0,0,97.749972,-51.579972,0.47232749619276115
41.61,fuel,63,FL,tablet,5,0,23,14,10,0,0,1,97.749972,-56.139972,0.42567786693915505
10.37,grocery,58,FL,mobile,3,0,13,23,11,5,1,0,97.749972,-87.379972,0.10608698582453828
70.81,fuel,52,FL,desktop,3,0,14,31,10,0,0,0,97.749972,-26.939971999999997,0.7243991770718955
32.86,fuel,29,TX,desktop,2,0,5,31,1,2,0,1,97.749972,-64.889972,0.33616377571787154
71.63,electronics,28,NY,desktop,10,0,3,27,5,5,1,1,97.749972,-26.119972000000004,0.7327879261920615
219.94,fuel,39,FL,tablet,5,0,17,5,9,0,0,0,97.749972,122.190028,2.2500261969381823
138.22,grocery,64,CA,tablet,4,0,16,16,1,0,0,0,97.749972,40.470028,1.4140157358406635
90.84,fuel,28,CA,mobile,1,0,18,21,9,3,0,0,97.749972,-6.909971999999996,0.9293097196047307
5.26,entertainment,44,FL,tablet,4,0,16,23,9,4,0,0,97.749972,-92.489972,0.053810756551308715
60.89,fuel,54,FL,tablet,2,0,7,1,6,3,0,0,97.749972,-36.859972,0.6229157730815946
89.24,electronics,22,IL,mobile,2,0,22,25,8,4,0,1,97.749972,-8.509972000000005,0.9129414286385531
110.43,fashion,18,TX,desktop,4,0,7,9,3,3,0,0,97.749972,12.680028000000007,1.1297189821218674
9.92,entertainment,43,NY,mobile,5,0,7,18,5,3,0,0,97.749972,-87.829972,0.10148340399030086
1.5,fashion,55,IL,desktop,3,0,3,25,1,3,0,1,97.749972,-96.249972,0.01534527278079146
227.8,grocery,23,FL,tablet,6,0,14,18,10,2,0,0,97.749972,130.050028,2.3304354263095295
27.11,electronics,54,TX,tablet,3,0,23,12,7,4,0,1,97.749972,-70.639972,0.277340230058171
19.9,fashion,18,TX,desktop,2,0,6,30,6,3,0,0,97.749972,-77.84997200000001,0.20358061889183335
172.3,fuel,19,NY,tablet,1,0,6,14,8,6,1,0,97.749972,74.55002800000001,1.7626603334202458
164.2,entertainment,64,IL,tablet,1,0,23,5,6,6,1,1,97.749972,66.45002799999999,1.6797958604039716
166.61,entertainment,64,NY,tablet,3,0,20,28,4,4,0,0,97.749972,68.86002800000001,1.7044505986717768
142.29,fashion,35,CA,tablet,1,0,15,30,4,1,0,0,97.749972,44.54002799999999,1.4556525759858778
27.11,fashion,33,CA,tablet,4,0,4,26,4,1,0,1,97.749972,-70.639972,0.277340230058171
165.46,fuel,24,CA,desktop,6,0,15,10,11,6,1,0,97.749972,67.71002800000001,1.6926858895398367
126.02,grocery,43,CA,tablet,8,0,1,31,10,3,0,1,97.749972,28.270027999999996,1.2892075172235598
203.33,fuel,56,NY,desktop,2,0,23,10,8,3,0,1,97.749972,105.58002800000001,2.080102876345552
34.73,fashion,43,FL,tablet,4,1,16,21,3,0,0,0,97.749972,-63.019972,0.3552942157845915
59.49,grocery,32,NY,tablet,2,1,11,31,3,4,0,0,97.749972,-38.259972,0.6085935184861893
30.94,fuel,21,TX,desktop,3,0,19,2,3,2,0,0,97.749972,-66.809972,0.3165218265584585
126.29,fashion,54,IL,desktop,2,0,2,6,11,6,1,1,97.749972,28.540028000000007,1.2919696663241023
73.03,fashion,32,CA,mobile,3,0,0,7,10,4,0,1,97.749972,-24.719972,0.7471101807874668
276.03,entertainment,45,CA,desktop,6,0,8,4,5,3,0,0,97.749972,178.28002799999996,2.823837097121244
27.86,grocery,33,TX,tablet,6,0,14,28,5,1,0,0,97.749972,-69.889972,0.2850128664485667
94.92,fashion,60,CA,mobile,8,0,12,13,12,4,0,0,97.749972,-2.829971999999998,0.9710488615684836
42.01,fuel,47,FL,desktop,5,0,12,18,3,4,0,0,97.749972,-55.739972,0.42976993968069943
24.68,fuel,54,FL,tablet,3,0,11,5,4,1,0,0,97.749972,-73.069972,0.2524808881532888
74.33,entertainment,31,TX,desktop,3,0,11,3,1,0,0,0,97.749972,-23.419972,0.7604094171974861
196.21,fashion,47,TX,tablet,2,0,22,22,9,4,0,1,97.749972,98.46002800000001,2.0072639815460613
92.42,grocery,67,FL,tablet,1,0,23,10,7,2,0,1,97.749972,-5.329971999999998,0.9454734069338311
62.41,grocery,35,IL,desktop,2,0,20,20,3,2,0,0,97.749972,-35.339972,0.6384656494994633
69.69,fashion,39,FL,tablet,1,0,20,28,3,1,0,0,97.749972,-28.059972000000002,0.7129413733955712
3.34,entertainment,38,TX,tablet,3,0,17,1,5,6,1,0,97.749972,-94.409972,0.03416880739189565
51.4,electronics,38,FL,desktop,5,0,6,25,6,5,1,0,97.749972,-46.349972,0.5258313472884539
46.39,entertainment,49,TX,mobile,1,0,14,12,1,4,0,0,97.749972,-51.359972,0.4745781362006105
49.33,entertainment,21,CA,tablet,2,0,11,27,3,2,0,0,97.749972,-48.419972,0.5046548708509617
58.09,fuel,32,CA,tablet,1,0,21,8,8,3,0,0,97.749972,-39.659971999999996,0.5942712638907839
31.77,fashion,37,NY,mobile,3,0,19,8,2,2,0,0,97.749972,-65.979972,0.3250128774971631
238.8,entertainment,34,NY,desktop,1,0,22,13,8,5,1,1,97.749972,141.050028,2.4429674267020003
68.45,fashion,38,CA,tablet,0,0,17,25,1,2,0,0,97.749972,-29.299971999999997,0.7002559478967836
8.3,fuel,36,TX,tablet,4,0,14,13,7,5,1,0,97.749972,-89.449972,0.08491050938704608
33.12,fashion,57,NY,desktop,1,0,10,25,5,2,0,0,97.749972,-64.62997200000001,0.3388236229998754
210.81,entertainment,21,CA,mobile,1,0,15,1,4,0,0,0,97.749972,113.060028,2.1566246366124315
278.61,entertainment,47,CA,desktop,4,0,23,2,7,1,0,1,97.749972,180.860028,2.850230966304206
70.71,electronics,32,CA,mobile,1,0,13,6,3,0,0,0,97.749972,-27.039972000000006,0.7233761588865093
111.63,grocery,36,TX,desktop,4,0,10,18,6,6,1,0,97.749972,13.880027999999996,1.1419952003465004
220.5,grocery,57,NY,desktop,4,0,17,12,6,0,0,0,97.749972,122.750028,2.2557550987763446
368.51,fashion,38,IL,desktop,2,0,22,2,1,1,0,1,97.749972,270.760028,3.769924314966307
22.18,grocery,59,FL,desktop,4,0,22,7,11,0,0,1,97.749972,-75.569972,0.22690543351863637
117.08,grocery,23,TX,desktop,4,0,19,15,4,4,0,0,97.749972,19.330028,1.1977496914500427
268.08,fuel,26,NY,tablet,2,0,7,23,2,3,0,0,97.749972,170.33002799999997,2.7425071513830495
9.48,entertainment,44,IL,desktop,2,0,7,26,3,5,1,0,97.749972,-88.269972,0.09698212397460203
144.23,electronics,42,NY,desktop,4,0,0,29,7,4,0,1,97.749972,46.48002799999999,1.475499128782368
9.1,fuel,65,FL,desktop,3,1,20,26,4,4,0,0,97.749972,-88.649972,0.09309465487013485
8.97,fuel,55,NY,tablet,1,0,3,24,5,4,0,1,97.749972,-88.779972,0.09176473122913294
102.29,grocery,26,FL,tablet,5,0,11,26,2,6,1,0,97.749972,4.540028000000007,1.046445301831439
4.06,grocery,25,IL,desktop,4,0,23,28,8,0,0,1,97.749972,-93.689972,0.041534538326675544
146.35,grocery,27,NY,tablet,6,0,14,25,2,6,1,0,97.749972,48.600027999999995,1.4971871143125532
82.2,fuel,28,IL,mobile,6,0,1,9,2,4,0,1,97.749972,-15.549971999999997,0.840920948387372
25.42,entertainment,67,NY,mobile,1,0,17,25,12,0,0,0,97.749972,-72.329972,0.26005122272514597
7.32,grocery,24,TX,tablet,4,0,12,26,2,5,1,0,97.749972,-90.42997199999999,0.07488493117026232
7.12,fuel,19,NY,tablet,2,0,19,4,12,6,1,0,97.749972,-90.629972,0.07283889479949013
78.43,grocery,49,NY,mobile,3,0,11,26,11,1,0,0,97.749972,-19.319971999999993,0.8023531627983161
53.59,entertainment,47,FL,mobile,1,0,17,3,3,3,0,0,97.749972,-44.159971999999996,0.5482354455484095
9.1,electronics,42,TX,desktop,5,0,2,3,9,1,0,1,97.749972,-88.649972,0.09309465487013485
20.63,fashion,67,NY,tablet,5,0,0,15,7,4,0,1,97.749972,-77.119972,0.21104865164515185
384.09,fuel,35,NY,desktop,4,0,0,23,4,6,1,1,97.749972,286.34002799999996,3.9293105482494606
162.94,fashion,40,IL,mobile,7,0,11,19,6,2,0,0,97.749972,65.190028,1.6669058312681069
169.87,fuel,27,IL,mobile,2,0,22,15,3,2,0,1,97.749972,72.120028,1.7378009915153634
50.83,grocery,34,NY,desktop,9,0,4,11,9,6,1,1,97.749972,-46.919972,0.5200001436317532
143.51,fashion,21,CA,mobile,6,0,15,25,12,2,0,0,97.749972,45.76002799999999,1.4681333978475881
6.56,fashion,58,IL,desktop,5,0,1,15,6,5,1,1,97.749972,-91.189972,0.06710999296132798
124.48,grocery,52,TX,mobile,4,0,14,24,6,5,1,0,97.749972,26.730028000000004,1.273453037168614
13.11,fashion,55,FL,mobile,1,1,19,10,3,3,0,0,97.749972,-84.639972,0.13411768410411734
112.14,electronics,38,IL,desktop,1,0,4,19,3,6,1,1,97.749972,14.390028000000001,1.1472125930919694
53.11,entertainment,44,FL,desktop,1,0,10,21,1,6,1,0,97.749972,-44.639972,0.5433249582585562
8.64,fuel,55,IL,mobile,3,0,0,28,12,5,1,1,97.749972,-89.109972,0.08838877121735882
12.37,electronics,59,FL,desktop,2,0,2,19,12,0,0,1,97.749972,-85.379972,0.1265473495322602
99.43,electronics,20,IL,mobile,3,0,19,2,2,4,0,0,97.749972,1.6800280000000072,1.0171869817293966
4.8,fashion,69,FL,mobile,2,0,22,4,5,2,0,1,97.749972,-92.949972,0.049104872898532666
1.84,fashion,27,TX,desktop,4,0,8,5,9,3,0,0,97.749972,-95.909972,0.01882353461110419
172.05,entertainment,54,FL,tablet,2,0,8,22,9,4,0,0,97.749972,74.30002800000001,1.7601027879567805
99.58,grocery,53,CA,desktop,3,0,22,8,1,5,1,1,97.749972,1.8300279999999987,1.0187215090074757
65.85,electronics,41,NY,mobile,5,0,0,6,9,2,0,1,97.749972,-31.899972000000005,0.673657475076745
121.75,grocery,23,IL,tablet,2,0,15,12,5,3,0,0,97.749972,24.000028,1.2455246407075735
95.18,entertainment,41,IL,tablet,3,0,16,2,5,0,0,0,97.749972,-2.569971999999993,0.9737087088504874
66.43,entertainment,32,NY,mobile,3,0,14,15,6,3,0,0,97.749972,-31.319971999999993,0.6795909805519845
172.15,entertainment,25,FL,tablet,4,0,8,5,12,1,0,0,97.749972,74.400028,1.7611258061421664
44.91,fashion,23,CA,desktop,5,0,20,17,5,1,0,0,97.749972,-52.839972,0.45943746705689625
81.68,fashion,29,TX,mobile,4,0,7,18,5,3,0,0,97.749972,-16.069971999999993,0.8356012538233644
141.19,fuel,55,FL,tablet,0,0,21,18,4,0,0,0,97.749972,43.440028,1.4443993759466307
37.19,fuel,69,IL,tablet,6,0,12,4,4,0,0,0,97.749972,-60.559972,0.3804604631450896
34.97,fuel,67,CA,mobile,4,0,13,14,8,2,0,0,97.749972,-62.779972,0.3577494594295182
73.02,electronics,41,IL,mobile,1,0,7,1,11,2,0,0,97.749972,-24.729972000000004,0.7470078789689282
220.93,electronics,20,TX,mobile,2,0,9,3,1,0,0,0,97.749972,123.18002800000001,2.260154076973505
12.83,grocery,29,IL,desktop,4,0,0,21,8,0,0,1,97.749972,-84.919972,0.1312532331850363
6.36,entertainment,43,CA,desktop,3,0,22,24,9,1,0,1,97.749972,-91.389972,0.06506395659055579
34.1,electronics,59,TX,mobile,3,0,13,2,7,1,0,0,97.749972,-63.649972,0.3488492012166592
145.29,fashion,64,IL,mobile,2,0,11,6,7,3,0,0,97.749972,47.54002799999999,1.4863431215474607
383.3,grocery,56,IL,desktop,3,0,8,14,3,1,0,0,97.749972,285.550028,3.921228704584911
89.73,fashion,28,IL,desktop,2,0,17,18,5,2,0,0,97.749972,-8.019971999999996,0.9179542177469451
59.04,fuel,69,IL,mobile,3,0,6,14,7,3,0,0,97.749972,-38.709972,0.6039899366519518
63.64,electronics,28,NY,desktop,3,0,20,23,11,3,0,0,97.749972,-34.109972,0.6510487731797123
83.03,grocery,54,CA,mobile,2,0,7,25,2,4,0,0,97.749972,-14.719971999999999,0.8494119993260766
33.86,fuel,51,IL,desktop,4,0,16,12,8,4,0,0,97.749972,-63.889972,0.3463939575717325
71.73,fuel,30,FL,tablet,4,0,15,22,10,6,1,0,97.749972,-26.019971999999996,0.7338109443774476
24.76,grocery,20,FL,mobile,5,0,12,9,4,5,1,0,97.749972,-72.989972,0.25329930270159773
27.32,fashion,49,CA,mobile,2,0,18,20,8,5,1,0,97.749972,-70.42997199999999,0.27948856824748175
174.15,fashion,68,FL,tablet,4,0,8,20,8,5,1,0,97.749972,76.400028,1.7815861698498885
217.89,fashion,36,FL,mobile,5,0,11,27,11,2,0,0,97.749972,120.14002799999999,2.2290543241377674
8.01,entertainment,66,IL,mobile,2,0,19,25,11,4,0,0,97.749972,-89.739972,0.0819437566494264
77.83,fuel,62,IL,mobile,5,0,20,21,10,0,0,0,97.749972,-19.919972,0.7962150536859995
10.27,entertainment,58,CA,mobile,3,0,23,13,11,2,0,1,97.749972,-87.479972,0.10506396763915218
79.85,entertainment,48,FL,mobile,3,0,11,19,10,3,0,0,97.749972,-17.899972000000005,0.8168800210307986
62.25,entertainment,33,CA,tablet,0,0,13,17,10,0,0,0,97.749972,-35.499972,0.6368288204028455
390.78,grocery,25,IL,mobile,5,0,23,2,10,6,1,1,97.749972,293.03002799999996,3.9977504648517908
80.28,electronics,22,NY,mobile,4,0,23,5,8,0,0,1,97.749972,-17.469972,0.8212789992279589
14.33,electronics,24,IL,desktop,2,0,22,25,9,0,0,1,97.749972,-83.419972,0.14659850596582774
18.49,grocery,42,NY,desktop,3,0,10,16,5,0,0,0,97.749972,-79.259972,0.18915606247788938
35.4,entertainment,26,IL,mobile,2,0,10,4,3,0,0,0,97.749972,-62.349972,0.3621484376266784
43.78,grocery,19,NY,mobile,6,0,8,11,5,5,1,0,97.749972,-53.969972,0.4478773615620334
8.8,fuel,67,IL,desktop,3,0,9,8,12,4,0,0,97.749972,-88.949972,0.09002560031397656
209.2,grocery,36,FL,tablet,2,0,22,15,9,6,1,1,97.749972,111.45002799999999,2.1401540438277156
13.13,grocery,18,NY,mobile,2,0,8,9,3,2,0,0,97.749972,-84.619972,0.1343222877411946
10.45,electronics,50,TX,mobile,1,0,7,4,2,5,1,0,97.749972,-87.299972,0.10690540037284715
165.82,electronics,56,NY,mobile,3,0,18,28,4,6,1,0,97.749972,68.070028,1.6963687550072264
251.24,electronics,23,FL,tablet,4,0,14,2,7,6,1,0,97.749972,153.490028,2.570230888964031
68.67,fuel,49,FL,mobile,2,0,10,17,1,1,0,0,97.749972,-29.079971999999998,0.702506587904633
5.37,electronics,29,NY,tablet,2,0,16,20,4,2,0,0,97.749972,-92.379972,0.05493607655523342
28.35,grocery,39,IL,tablet,2,0,14,27,3,0,0,0,97.749972,-69.39997199999999,0.2900256555569586
98.03,electronics,56,FL,mobile,2,1,5,30,8,1,0,1,97.749972,0.2800280000000015,1.0028647271339912
270.93,fashion,59,FL,desktop,2,0,16,13,1,3,0,0,97.749972,173.180028,2.7716631696665535
79.82,fashion,34,IL,mobile,2,0,16,29,6,3,0,0,97.749972,-17.929972000000006,0.8165731155751828
42.32,electronics,25,CA,desktop,5,0,14,7,12,3,0,0,97.749972,-55.429972,0.4329412960553964
18.42,grocery,53,FL,tablet,2,0,17,29,8,0,0,0,97.749972,-79.329972,0.18843994974811915
32.26,grocery,32,TX,mobile,4,0,12,29,1,6,1,0,97.749972,-65.489972,0.33002566660555493
106.13,grocery,26,TX,tablet,1,0,7,13,11,2,0,0,97.749972,8.380027999999996,1.085729200150265
5.35,grocery,22,NY,mobile,3,0,15,18,2,5,1,0,97.749972,-92.399972,0.0547314729181562
102.36,electronics,27,TX,tablet,3,0,23,31,12,6,1,1,97.749972,4.610028,1.0471614145612091
121.15,grocery,54,FL,mobile,3,0,18,21,4,4,0,0,97.749972,23.400028000000006,1.2393865315952568
19.38,fashion,26,FL,desktop,5,0,3,14,1,4,0,1,97.749972,-78.369972,0.19826092432782563
194.51,grocery,28,TX,tablet,4,0,10,11,10,4,0,0,97.749972,96.76002799999999,1.9898726723944977
168.27,fashion,40,CA,tablet,1,0,18,26,12,0,0,0,97.749972,70.52002800000001,1.721432700549186
4.49,grocery,48,CA,mobile,3,0,19,11,8,4,0,0,97.749972,-93.259972,0.04593351652383577
16.24,electronics,18,TX,tablet,1,0,3,16,2,2,0,1,97.749972,-81.509972,0.16613815330670217
21.72,fashion,41,FL,tablet,3,0,7,22,6,2,0,0,97.749972,-76.029972,0.22219954986586032
31.58,fashion,26,CA,tablet,2,0,13,24,5,2,0,0,97.749972,-66.169972,0.3230691429449295
134.89,fashion,23,IL,desktop,2,0,23,25,2,6,1,1,97.749972,37.14002799999999,1.3799492302673064
260.08,fashion,38,FL,tablet,4,0,10,2,12,4,0,0,97.749972,162.33002799999997,2.6606656965521616
279.0,fuel,18,TX,mobile,4,0,11,29,12,6,1,0,97.749972,181.250028,2.8542207372272115
42.66,electronics,18,CA,mobile,5,0,8,7,9,5,1,0,97.749972,-55.089972,0.4364195578857091
65.69,fuel,37,TX,desktop,3,0,4,23,3,2,0,1,97.749972,-32.059972,0.6720206459801272
54.29,entertainment,28,TX,desktop,4,0,6,31,10,3,0,0,97.749972,-43.459972,0.5553965728461122
65.42,entertainment,43,FL,tablet,5,0,8,18,9,6,1,0,97.749972,-32.329972,0.6692584968795848
5.87,grocery,54,TX,tablet,4,0,1,29,8,1,0,1,97.749972,-91.879972,0.06005116748216391
255.84,fuel,30,IL,mobile,2,0,18,14,10,0,0,0,97.749972,158.09002800000002,2.6172897254917915
123.3,entertainment,33,NY,tablet,2,0,2,15,8,1,0,1,97.749972,25.550027999999998,1.261381422581058
5.31,grocery,63,TX,desktop,3,0,23,28,6,2,0,1,97.749972,-92.439972,0.05432226564400176
13.89,electronics,68,IL,desktop,6,0,14,20,4,3,0,0,97.749972,-83.859972,0.1420972259501289
59.45,fuel,30,FL,desktop,5,0,8,8,1,5,1,0,97.749972,-38.299972,0.6081843112120349
4.08,fashion,50,CA,mobile,2,0,23,1,7,4,0,1,97.749972,-93.669972,0.04173914196375277
67.11,grocery,39,NY,tablet,3,1,9,4,3,4,0,0,97.749972,-30.639972,0.6865475042126099
65.66,electronics,25,FL,tablet,6,0,10,12,8,4,0,0,97.749972,-32.089972,0.6717137405245114
66.63,entertainment,34,FL,desktop,1,0,18,1,11,2,0,0,97.749972,-31.119972000000004,0.6816370169227566
49.95,fuel,27,IL,mobile,2,0,4,11,11,4,0,1,97.749972,-47.799972,0.5109975836003556
122.84,electronics,57,NY,mobile,5,0,0,20,7,2,0,1,97.749972,25.090028000000004,1.256675538928282
75.12,grocery,24,CA,desktop,1,0,22,20,4,5,1,1,97.749972,-22.629971999999995,0.7684912608620363
367.66,fashion,49,TX,tablet,2,0,0,2,4,6,1,1,97.749972,269.910028,3.7612286603905254
4.16,electronics,18,NY,tablet,3,0,4,22,9,3,0,1,97.749972,-93.589972,0.042557556512061646
38.87,entertainment,59,CA,tablet,2,0,22,14,8,0,0,1,97.749972,-58.879972,0.397647168659576
0.53,fashion,37,TX,mobile,2,0,19,17,12,5,1,0,97.749972,-97.219972,0.005421996382546316
186.35,fuel,28,NY,tablet,3,0,10,28,1,5,1,0,97.749972,88.600028,1.9063943884669923
268.17,entertainment,37,FL,tablet,4,0,21,22,3,1,0,0,97.749972,170.420028,2.7434278677498973
102.43,electronics,56,IL,mobile,3,0,7,5,12,0,0,0,97.749972,4.680028000000007,1.0478775272909795
189.8,entertainment,19,CA,mobile,1,0,10,30,3,5,1,0,97.749972,92.05002800000001,1.9416885158628128
212.29,entertainment,35,IL,tablet,2,0,1,22,4,0,0,1,97.749972,114.54002799999999,2.171765305756146
20.5,fuel,43,IL,mobile,4,0,22,22,2,2,0,1,97.749972,-77.249972,0.20971872800414995
20.72,fashion,19,CA,mobile,0,0,6,18,2,5,1,0,97.749972,-77.029972,0.21196936801199934
66.98,fuel,38,NY,mobile,4,0,21,16,11,3,0,0,97.749972,-30.769971999999996,0.685217580571608
162.46,fuel,30,FL,mobile,4,0,5,8,3,4,0,1,97.749972,64.71002800000001,1.6619953439782538
210.47,fashion,62,NY,tablet,2,0,7,10,3,4,0,0,97.749972,112.720028,2.153146374782119
81.74,fuel,45,FL,tablet,4,0,5,17,10,0,0,1,97.749972,-16.009972000000005,0.8362150647345958
443.32,entertainment,21,NY,mobile,6,0,5,2,12,4,0,1,97.749972,345.570028,4.535244219453646
239.09,fashion,29,IL,mobile,2,0,15,7,9,5,1,0,97.749972,141.34002800000002,2.44593417943962
12.06,fuel,67,IL,desktop,5,0,12,17,3,4,0,0,97.749972,-85.689972,0.12337599315756334
168.11,entertainment,26,NY,desktop,2,0,21,30,4,6,1,0,97.749972,70.36002800000001,1.7197958714525683
47.2,fuel,23,TX,mobile,3,0,8,16,4,5,1,0,97.749972,-50.549972,0.48286458350223793
1.22,grocery,51,CA,tablet,3,0,20,10,9,1,0,0,97.749972,-96.529972,0.012480821861710387
9.92,fashion,43,NY,tablet,2,0,5,3,3,6,1,1,97.749972,-87.829972,0.10148340399030086
39.85,fuel,56,NY,desktop,2,0,19,16,5,1,0,0,97.749972,-57.899972,0.4076727468763598
1.48,entertainment,29,TX,desktop,3,0,8,26,2,6,1,0,97.749972,-96.269972,0.015140669143714239
18.34,fuel,28,TX,tablet,4,0,3,16,6,6,1,1,97.749972,-79.409972,0.18762153519981023
41.4,electronics,36,TX,mobile,3,0,3,26,10,3,0,1,97.749972,-56.349972,0.42352952874984423
5.95,fashion,30,TX,mobile,6,0,2,19,9,3,0,1,97.749972,-91.799972,0.06086958203047279
37.03,fuel,33,IL,tablet,0,1,6,25,2,6,1,0,97.749972,-60.719972,0.37882363404847186
180.15,fashion,35,NY,tablet,2,0,19,3,11,6,1,0,97.749972,82.400028,1.8429672609730543
40.72,fashion,39,CA,desktop,4,0,5,25,10,4,0,1,97.749972,-57.029972,0.4165730050892188
66.42,fuel,34,CA,mobile,1,0,14,29,12,3,0,0,97.749972,-31.329971999999998,0.6794886787334459
67.42,fuel,62,TX,mobile,3,0,18,4,9,0,0,0,97.749972,-30.329971999999998,0.6897188605873068
130.56,fashion,32,TX,tablet,1,0,3,8,10,1,0,1,97.749972,32.810028,1.3356525428400887
120.24,fuel,35,IL,mobile,5,0,13,2,10,0,0,0,97.749972,22.490027999999995,1.2300770661082434
7.57,fuel,37,TX,mobile,2,0,1,30,3,3,0,1,97.749972,-90.17997199999999,0.07744247663372757
65.78,grocery,63,NY,desktop,3,0,4,3,12,5,1,1,97.749972,-31.969972,0.6729413623469748
120.6,fuel,65,CA,tablet,3,0,5,9,2,3,0,1,97.749972,22.850027999999995,1.2337599315756334
313.02,entertainment,20,NY,desktop,1,0,22,25,1,1,0,1,97.749972,215.27002799999997,3.2022515238955616
13.5,electronics,29,TX,tablet,3,0,8,4,1,2,0,0,97.749972,-84.249972,0.13810745502712313
52.94,electronics,31,NY,mobile,2,0,15,21,8,6,1,0,97.749972,-44.809972,0.5415858273433999
209.83,grocery,50,TX,desktop,3,0,9,23,4,6,1,0,97.749972,112.08002800000001,2.146599058395648
265.5,fuel,36,FL,mobile,5,0,16,12,6,6,1,0,97.749972,167.750028,2.716113282200088
109.13,fashion,42,CA,mobile,2,0,16,30,3,2,0,0,97.749972,11.380027999999996,1.1164197457118479
108.91,electronics,18,IL,mobile,4,0,22,18,2,4,0,1,97.749972,11.160027999999997,1.1141691057039984
71.45,grocery,69,CA,tablet,1,0,9,18,2,6,1,0,97.749972,-26.299971999999997,0.7309464934583665
44.87,electronics,21,NY,mobile,3,0,8,5,9,0,0,0,97.749972,-52.879972,0.4590282597827418
170.28,fuel,29,IL,mobile,4,0,18,14,7,6,1,0,97.749972,72.530028,1.7419953660754464
86.19,entertainment,28,CA,mobile,3,0,9,6,9,1,0,0,97.749972,-11.559972000000002,0.8817393739842773
84.6,electronics,50,TX,desktop,3,0,21,7,11,3,0,0,97.749972,-13.149972000000005,0.8654733848366383
64.64,fashion,54,FL,desktop,5,0,15,1,1,0,0,0,97.749972,-33.109972,0.6612789550335733
61.3,grocery,69,TX,tablet,8,0,14,3,1,2,0,0,97.749972,-36.449972,0.6271101476416776
3.62,entertainment,59,CA,desktop,2,0,20,14,11,1,0,0,97.749972,-94.129972,0.03703325831097672
38.87,grocery,53,NY,desktop,2,0,3,20,6,3,0,1,97.749972,-58.879972,0.397647168659576
42.34,fuel,52,IL,desktop,0,0,3,8,3,1,0,1,97.749972,-55.409971999999996,0.43314589969247363
55.07,grocery,59,FL,tablet,0,0,11,9,1,0,0,0,97.749972,-42.679972,0.5633761146921238
33.12,electronics,45,IL,tablet,1,0,9,23,7,1,0,0,97.749972,-64.62997200000001,0.3388236229998754
97.54,fuel,54,FL,tablet,2,0,11,22,11,4,0,0,97.749972,-0.2099719999999934,0.9978519380255993
67.7,fashion,30,FL,tablet,2,0,3,26,4,1,0,1,97.749972,-30.049971999999997,0.6925833115063879
3.53,fashion,34,TX,tablet,2,0,1,9,2,3,0,1,97.749972,-94.219972,0.03611254194412923
125.87,entertainment,54,CA,desktop,3,0,10,19,4,1,0,0,97.749972,28.120028000000005,1.2876729899454806
18.62,electronics,24,TX,mobile,1,0,2,21,1,4,0,1,97.749972,-79.129972,0.1904859861188913
66.63,entertainment,63,IL,mobile,3,0,4,17,6,0,0,1,97.749972,-31.119972000000004,0.6816370169227566
155.25,fuel,66,TX,tablet,2,0,22,22,5,2,0,1,97.749972,57.500028,1.588235732811916
165.17,fashion,37,FL,mobile,2,0,18,1,12,6,1,0,97.749972,67.42002799999999,1.6897191368022166
9.32,electronics,43,CA,tablet,1,0,11,10,8,3,0,0,97.749972,-88.42997199999999,0.09534529487798427
72.68,fuel,65,CA,tablet,3,0,18,25,12,6,1,0,97.749972,-25.069971999999993,0.7435296171386155
110.22,fashion,42,CA,mobile,6,0,3,18,6,1,0,1,97.749972,12.470028,1.1275706439325563
72.8,fashion,58,NY,tablet,8,0,10,20,12,1,0,0,97.749972,-24.949972000000002,0.7447572389610788
271.79,fashion,61,TX,desktop,4,0,21,11,3,4,0,0,97.749972,174.040028,2.780461126060874
28.76,fuel,57,TX,tablet,4,0,18,7,7,4,0,0,97.749972,-68.989972,0.29422003011704156
426.88,fuel,62,NY,desktop,2,0,3,11,6,6,1,1,97.749972,329.130028,4.367060029776172
6.14,grocery,18,FL,tablet,3,0,23,27,4,5,1,1,97.749972,-91.609972,0.06281331658270636
43.54,fashion,60,FL,mobile,0,0,22,31,7,6,1,1,97.749972,-54.209972,0.44542211791710673
120.78,fashion,27,TX,mobile,4,0,0,23,8,2,0,1,97.749972,23.030028,1.2356013643093282
110.66,fashion,50,FL,tablet,0,0,4,15,2,2,0,1,97.749972,12.910027999999997,1.1320719239482553
69.83,entertainment,51,CA,tablet,3,0,7,4,6,6,1,0,97.749972,-27.919972,0.7143735988551118
73.7,fuel,53,IL,tablet,5,0,16,28,1,5,1,0,97.749972,-24.049971999999997,0.7539644026295537
240.19,entertainment,31,TX,desktop,3,0,18,5,5,6,1,0,97.749972,142.44002799999998,2.4571873794788672
2.12,fuel,60,TX,desktop,4,0,8,23,8,4,0,0,97.749972,-95.629972,0.021687985530185264
47.33,electronics,48,CA,tablet,4,0,19,1,12,6,1,0,97.749972,-50.419972,0.4841945071432398
761.13,entertainment,40,NY,mobile,4,0,19,16,11,3,0,0,97.749972,663.380028,7.786498314429202
12.95,fuel,47,IL,tablet,2,0,6,8,2,2,0,0,97.749972,-84.799972,0.1324808550074996
19.3,grocery,32,NY,mobile,2,0,9,16,11,2,0,0,97.749972,-78.449972,0.19744250977951677
119.41,grocery,67,NY,desktop,9,0,8,4,8,6,1,0,97.749972,21.660027999999997,1.2215860151695388
44.55,electronics,35,FL,tablet,1,0,8,24,4,6,1,0,97.749972,-53.199972,0.4557546015895063
2.03,fashion,49,IL,tablet,2,0,3,21,7,3,0,1,97.749972,-95.719972,0.020767269163337772
182.11,electronics,36,CA,tablet,2,0,16,8,12,4,0,0,97.749972,84.36002800000001,1.8630184174066218
37.58,fashion,33,IL,mobile,2,0,17,7,9,3,0,0,97.749972,-60.169972,0.38445023406809536
97.52,electronics,22,TX,mobile,3,0,17,27,3,6,1,0,97.749972,-0.22997200000000362,0.997647334388522
4.48,fashion,41,NY,mobile,1,0,11,20,3,6,1,0,97.749972,-93.269972,0.04583121470529716
23.06,grocery,46,NY,mobile,4,0,17,12,6,0,0,0,97.749972,-74.689972,0.23590799355003403
105.04,entertainment,43,FL,desktop,1,0,0,28,5,5,1,1,97.749972,7.290028000000007,1.0745783019295567
58.72,fashion,30,FL,tablet,4,0,14,7,12,3,0,0,97.749972,-39.029972,0.6007162784587163
12.55,fashion,58,CA,mobile,5,0,14,8,7,5,1,0,97.749972,-85.199972,0.1283887822659552
179.14,fuel,43,CA,mobile,2,0,21,15,5,6,1,0,97.749972,81.39002799999999,1.8326347773006546
70.3,fashion,60,NY,desktop,5,0,5,4,7,1,0,1,97.749972,-27.449972000000002,0.7191817843264263
39.33,fuel,50,TX,mobile,4,0,17,15,4,0,0,0,97.749972,-58.419972,0.402353052312352
80.26,fuel,38,FL,desktop,2,0,17,20,9,2,0,0,97.749972,-17.489971999999995,0.8210743955908817
52.75,electronics,43,TX,mobile,5,0,9,24,3,6,1,0,97.749972,-44.999972,0.5396420927911663
228.87,fashion,38,NY,tablet,5,0,16,19,11,1,0,0,97.749972,131.120028,2.341381720893161
49.58,electronics,63,IL,tablet,4,0,22,20,3,2,0,1,97.749972,-48.169972,0.507212416314427
13.41,fashion,20,IL,tablet,2,0,13,18,12,0,0,0,97.749972,-84.339972,0.13718673866027564
25.44,entertainment,57,NY,desktop,1,0,15,21,9,5,1,0,97.749972,-72.309972,0.26025582636222316
60.51,fashion,55,IL,desktop,1,0,22,1,3,2,0,1,97.749972,-37.239972,0.6190283039771275
88.69,entertainment,65,NY,mobile,6,0,8,26,2,5,1,0,97.749972,-9.059972000000002,0.9073148286189296
73.92,grocery,28,TX,tablet,0,0,16,11,9,2,0,0,97.749972,-23.829971999999998,0.7562150426374031
16.16,fashion,41,CA,mobile,1,0,16,29,1,6,1,0,97.749972,-81.589972,0.16531973875839331
43.61,entertainment,55,NY,desktop,3,0,0,1,9,3,0,1,97.749972,-54.139972,0.446138230646877
56.24,electronics,21,CA,mobile,1,0,1,15,10,6,1,1,97.749972,-41.509972,0.5753454274611411
66.84,entertainment,43,NY,desktop,3,0,16,23,11,3,0,0,97.749972,-30.909971999999996,0.6837853551120675
46.48,electronics,62,NY,mobile,2,0,8,21,10,5,1,0,97.749972,-51.269972,0.475498852567458
124.95,fuel,38,FL,tablet,2,0,6,24,10,1,0,0,97.749972,27.200028000000003,1.2782612226399286
19.22,electronics,63,FL,tablet,4,0,11,29,10,1,0,0,97.749972,-78.529972,0.19662409523120788
63.23,fuel,52,FL,tablet,4,0,23,22,4,4,0,1,97.749972,-34.519972,0.6468543986196292
4.04,electronics,37,IL,tablet,2,1,15,27,1,3,0,0,97.749972,-93.709972,0.04132993468959833
5.05,grocery,49,CA,desktop,1,0,20,28,12,2,0,0,97.749972,-92.699972,0.05166241836199791
0.14,entertainment,60,NY,tablet,4,0,5,4,6,1,0,1,97.749972,-97.609972,0.0014322254595405363
91.21,grocery,62,TX,mobile,2,0,21,18,2,6,1,0,97.749972,-6.539972000000006,0.9330948868906592
163.82,grocery,19,FL,mobile,0,0,4,18,3,0,0,1,97.749972,66.070028,1.6759083912995045
1.99,grocery,64,CA,mobile,3,0,22,11,4,1,0,1,97.749972,-95.759972,0.020358061889183335
97.6,grocery,21,TX,tablet,1,0,16,4,5,5,1,0,97.749972,-0.14997200000000532,0.9984657489368309
20.02,fashion,63,NY,mobile,2,0,21,16,2,4,0,0,97.749972,-77.729972,0.20480824071429668
220.97,fashion,28,CA,mobile,1,0,17,21,10,4,0,0,97.749972,123.220028,2.260563284247659
13.89,grocery,42,TX,mobile,3,0,19,16,8,2,0,0,97.749972,-83.859972,0.1420972259501289
373.03,fuel,59,TX,desktop,3,0,22,1,8,0,0,1,97.749972,275.28002799999996,3.8161647369457583
109.78,fashion,33,TX,tablet,4,0,5,5,7,2,0,1,97.749972,12.030028000000001,1.1230693639168576
33.42,fashion,58,CA,desktop,2,0,14,17,11,3,0,0,97.749972,-64.329972,0.34189267755603375
7.77,fashion,48,NY,desktop,2,0,15,17,6,0,0,0,97.749972,-89.979972,0.07948851300449976
38.59,entertainment,52,CA,tablet,4,0,14,11,5,5,1,0,97.749972,-59.159971999999996,0.39478271774049495
34.62,electronics,57,FL,tablet,4,0,19,16,1,1,0,0,97.749972,-63.129972,0.35416889578066685
103.93,fashion,54,TX,desktop,3,0,1,24,2,3,0,1,97.749972,6.180028000000007,1.063222800071771
105.77,fashion,53,NY,tablet,3,0,16,16,7,1,0,0,97.749972,8.020027999999996,1.082046334682875
21.95,electronics,41,CA,tablet,0,1,2,23,4,6,1,1,97.749972,-75.799972,0.22455249169224833
19.5,grocery,28,IL,tablet,4,0,3,13,7,2,0,1,97.749972,-78.249972,0.19948854615028896
34.08,electronics,51,NY,mobile,2,0,23,11,6,5,1,1,97.749972,-63.669972,0.34864459757958194
341.51,entertainment,49,FL,tablet,1,0,7,23,3,2,0,0,97.749972,243.76002799999998,3.4937094049120607
51.77,fashion,58,FL,tablet,2,0,17,23,6,4,0,0,97.749972,-45.979972,0.5296165145743826
88.08,grocery,45,CA,mobile,2,0,17,17,9,5,1,0,97.749972,-9.669972000000001,0.9010744176880745
138.57,electronics,59,NY,desktop,2,0,2,26,6,0,0,1,97.749972,40.82002799999999,1.4175962994895148
1.41,electronics,55,NY,mobile,2,0,3,5,6,0,0,1,97.749972,-96.339972,0.014424556413943971
129.07,fuel,19,IL,mobile,5,0,13,10,10,0,0,0,97.749972,31.320027999999994,1.3204095718778357
77.29,fuel,31,FL,tablet,2,0,1,11,1,1,0,1,97.749972,-20.459971999999993,0.7906907554849146
68.97,electronics,27,IL,mobile,2,0,5,25,9,2,0,1,97.749972,-28.779972,0.7055756424607913
84.0,fashion,42,NY,mobile,3,0,11,3,5,4,0,0,97.749972,-13.749972,0.8593352757243217
111.44,fuel,44,FL,tablet,4,0,3,17,9,6,1,1,97.749972,13.690027999999998,1.1400514657942669
32.05,entertainment,29,CA,desktop,1,0,0,14,7,3,0,1,97.749972,-65.699972,0.3278773284162442
46.09,fashion,58,CA,desktop,2,0,23,9,7,5,1,1,97.749972,-51.659971999999996,0.47150908164445227
108.44,grocery,19,CA,tablet,1,0,18,28,3,3,0,0,97.749972,10.690027999999998,1.109360920232684
108.73,grocery,52,NY,mobile,1,0,6,24,2,5,1,0,97.749972,10.980028000000004,1.1123276729703035
264.54,fuel,54,FL,tablet,6,0,10,15,6,3,0,0,97.749972,166.790028,2.706292307620382
115.27,fashion,36,TX,mobile,5,0,18,29,9,6,1,0,97.749972,17.520027999999996,1.1792330622945544
329.33,fashion,28,CA,desktop,2,0,0,24,5,2,0,1,97.749972,231.58002799999997,3.369105789932034
17.95,electronics,56,TX,desktop,4,0,12,1,5,6,1,0,97.749972,-79.799972,0.18363176427680444
65.87,electronics,46,CA,mobile,2,0,2,20,12,1,0,1,97.749972,-31.879971999999995,0.6738620787138223
29.09,electronics,65,NY,tablet,2,0,17,13,9,1,0,0,97.749972,-68.659972,0.2975959901288157
65.49,fuel,29,NY,mobile,5,0,2,27,7,3,0,1,97.749972,-32.259972000000005,0.6699746096093551
16.87,electronics,24,NY,tablet,6,0,17,22,3,2,0,0,97.749972,-80.879972,0.17258316787463462
289.95,grocery,25,TX,tablet,2,0,8,7,8,2,0,0,97.749972,192.20002799999997,2.966241228526989
34.13,grocery,23,FL,mobile,2,0,17,8,9,4,0,0,97.749972,-63.619972,0.34915610667227504
14.39,entertainment,55,IL,mobile,2,0,15,22,7,5,1,0,97.749972,-83.359972,0.1472123168770594
226.04,electronics,32,NY,desktop,5,0,19,18,11,4,0,0,97.749972,128.290028,2.312430306246734
15.37,fuel,58,CA,desktop,4,0,5,28,9,3,0,1,97.749972,-82.379972,0.15723789509384314
14.32,fashion,49,TX,mobile,5,0,12,24,6,4,0,0,97.749972,-83.42997199999999,0.14649620414728914
102.73,entertainment,54,TX,mobile,5,0,16,15,10,6,1,0,97.749972,4.980028000000004,1.0509465818471377
100.16,fuel,47,TX,desktop,2,0,12,1,6,5,1,0,97.749972,2.410027999999997,1.024655014482715
67.85,electronics,30,TX,tablet,4,0,9,7,9,2,0,0,97.749972,-29.899972000000005,0.694117838784467
131.17,entertainment,21,CA,tablet,6,0,13,17,8,5,1,0,97.749972,33.42002799999999,1.3418929537709436
84.71,fashion,20,CA,desktop,1,0,22,23,11,2,0,1,97.749972,-13.039972000000006,0.8665987048405629
54.25,fuel,68,IL,mobile,4,0,8,5,5,3,0,0,97.749972,-43.499972,0.5549873655719578
227.68,entertainment,65,NY,desktop,6,0,17,1,6,5,1,0,97.749972,129.930028,2.3292078044870665
70.88,electronics,37,CA,mobile,6,0,7,11,1,1,0,0,97.749972,-26.869972000000004,0.7251152898016657
202.6,entertainment,41,CA,desktop,1,0,4,11,3,0,0,1,97.749972,104.850028,2.072634843592233
84.86,fuel,28,TX,tablet,1,0,18,21,3,1,0,0,97.749972,-12.889972,0.8681332321186421
219.03,electronics,25,FL,desktop,3,0,17,25,4,1,0,0,97.749972,121.280028,2.240716731451169
28.83,electronics,64,NY,desktop,3,0,10,21,9,3,0,0,97.749972,-68.919972,0.2949361428468118
75.03,electronics,22,TX,desktop,3,0,20,11,9,0,0,0,97.749972,-22.719972,0.7675705444951888
46.55,fuel,68,IL,tablet,5,0,0,28,7,6,1,1,97.749972,-51.199972,0.47621496529722823
3.13,electronics,29,NY,tablet,0,0,3,30,4,1,0,1,97.749972,-94.619972,0.03202046920258484
66.14,electronics,34,FL,desktop,3,0,13,7,9,3,0,0,97.749972,-31.609972,0.6766242278143647
141.35,fuel,59,IL,mobile,1,0,3,18,11,0,0,1,97.749972,43.600027999999995,1.4460362050432485
62.52,electronics,26,FL,desktop,2,0,7,9,7,1,0,0,97.749972,-35.229972,0.639590969503388
221.0,entertainment,40,NY,desktop,4,0,9,20,1,3,0,0,97.749972,123.250028,2.260870189703275
109.93,fuel,46,FL,tablet,7,0,8,7,8,2,0,0,97.749972,12.180028000000007,1.1246038911949368
41.0,fuel,58,FL,tablet,2,0,17,6,5,0,0,0,97.749972,-56.749972,0.4194374560082999
291.46,fashion,64,CA,desktop,0,0,14,25,1,3,0,0,97.749972,193.71002799999997,2.981688803126319
145.39,grocery,61,NY,desktop,4,0,14,27,6,3,0,0,97.749972,47.64002799999999,1.4873661397328466
240.72,grocery,49,CA,desktop,3,0,20,26,11,6,1,0,97.749972,142.970028,2.462609375861413
36.25,electronics,42,IL,tablet,5,0,15,30,9,4,0,0,97.749972,-61.499972,0.3708440922024603
73.13,fashion,59,FL,tablet,5,0,22,11,9,6,1,1,97.749972,-24.619972000000004,0.7481331989728529
72.86,fashion,55,FL,tablet,1,0,20,9,8,4,0,0,97.749972,-24.889972,0.7453710498723105
86.05,grocery,42,TX,desktop,3,0,13,26,7,1,0,0,97.749972,-11.699972000000002,0.8803071485247367
18.77,grocery,59,CA,mobile,5,0,16,18,7,3,0,0,97.749972,-78.979972,0.19202051339697046
53.72,fuel,32,NY,desktop,6,0,6,27,3,6,1,0,97.749972,-44.029972,0.5495653691894115
23.05,electronics,36,TX,mobile,3,0,10,7,10,5,1,0,97.749972,-74.699972,0.23580569173149543
8.98,electronics,28,IL,tablet,1,0,6,10,1,1,0,0,97.749972,-88.769972,0.09186703304767153
149.97,entertainment,61,NY,desktop,4,0,5,6,4,3,0,1,97.749972,52.220028,1.5342203726235302
3.42,electronics,28,TX,mobile,1,0,15,12,12,3,0,0,97.749972,-94.329972,0.034987221940204524
8.28,electronics,22,TX,desktop,1,0,18,18,12,2,0,0,97.749972,-89.469972,0.08470590574996885
308.89,entertainment,28,FL,mobile,2,0,14,22,12,4,0,0,97.749972,211.14002799999997,3.160000872839116
87.27,electronics,38,FL,tablet,3,0,11,27,7,2,0,0,97.749972,-10.479972000000004,0.8927879703864471
70.19,fuel,60,IL,mobile,4,0,11,14,7,3,0,0,97.749972,-27.559972000000002,0.7180564643225017
17.96,fuel,60,TX,mobile,3,0,11,31,12,5,1,0,97.749972,-79.789972,0.18373406609534307
269.64,entertainment,33,NY,mobile,0,0,18,11,7,0,0,0,97.749972,171.89002799999997,2.7584662350750726
7.92,grocery,69,IL,tablet,3,0,5,5,5,3,0,1,97.749972,-89.829972,0.08102304028257891
78.07,fashion,64,NY,mobile,0,0,3,20,1,4,0,1,97.749972,-19.679972000000006,0.7986702973309261
5.95,fashion,37,NY,desktop,4,0,21,30,4,6,1,0,97.749972,-91.799972,0.06086958203047279
32.19,electronics,63,IL,desktop,4,0,18,1,10,5,1,0,97.749972,-65.559972,0.3293095538757847
49.1,fashion,30,CA,tablet,2,0,6,6,12,4,0,0,97.749972,-48.649972,0.5023019290245738
58.66,fuel,34,CA,mobile,6,0,15,27,1,5,1,0,97.749972,-39.089972,0.6001024675474846
4.49,electronics,43,IL,tablet,5,0,9,10,9,6,1,0,97.749972,-93.259972,0.04593351652383577
331.92,fashion,47,CA,tablet,1,0,9,8,1,0,0,0,97.749972,234.170028,3.395601960933534
51.38,fuel,49,TX,desktop,3,0,5,18,6,5,1,1,97.749972,-46.369972,0.5256267436513768
84.12,fuel,60,FL,mobile,3,0,2,17,1,1,0,1,97.749972,-13.629971999999995,0.860562897546785
59.95,entertainment,48,CA,desktop,3,0,21,23,5,1,0,0,97.749972,-37.799972,0.6132994021389654
21.76,entertainment,53,NY,desktop,2,0,9,6,9,1,0,0,97.749972,-75.989972,0.2226087571400148
165.44,entertainment,67,CA,tablet,2,0,22,15,7,0,0,1,97.749972,67.690028,1.6924812859027594
70.53,grocery,45,NY,tablet,0,0,18,12,6,0,0,0,97.749972,-27.219972,0.7215347261528144
130.24,fashion,68,FL,mobile,1,0,21,3,2,3,0,0,97.749972,32.49002800000001,1.3323788846468532
64.29,fashion,43,CA,mobile,3,0,21,25,8,4,0,0,97.749972,-33.45997199999999,0.657698391384722
82.04,fashion,45,FL,tablet,2,0,5,21,9,2,0,1,97.749972,-15.709971999999993,0.8392841192907543
81.7,fashion,21,CA,mobile,3,0,23,17,5,4,0,1,97.749972,-16.049971999999997,0.8358058574604414
44.43,fashion,48,TX,tablet,5,0,10,15,9,6,1,0,97.749972,-53.319972,0.45452697976704304
31.71,electronics,55,FL,tablet,3,0,20,1,4,5,1,0,97.749972,-66.039972,0.32439906658593143
77.82,fashion,45,TX,tablet,3,0,8,25,11,5,1,0,97.749972,-19.929972000000006,0.7961127518674608
98.55,fuel,43,IL,mobile,3,0,23,8,1,0,0,1,97.749972,0.8000279999999975,1.008184421697999
215.14,grocery,58,TX,desktop,3,0,4,6,9,2,0,1,97.749972,117.39002799999999,2.2009213240396495
61.99,electronics,33,CA,tablet,1,0,15,26,6,6,1,0,97.749972,-35.759972,0.6341689731208418
308.02,fashion,65,NY,desktop,2,0,12,2,2,2,0,0,97.749972,210.27002799999997,3.1511006146262566
83.71,entertainment,49,TX,tablet,3,0,3,21,8,6,1,1,97.749972,-14.039972000000006,0.856368522986702
26.14,electronics,38,IL,tablet,2,0,10,11,6,1,0,0,97.749972,-71.609972,0.26741695365992585
275.33,grocery,23,FL,desktop,1,0,5,5,6,2,0,1,97.749972,177.58002799999997,2.8166759698235415
2.06,grocery,58,TX,mobile,5,0,23,23,6,3,0,1,97.749972,-95.689972,0.021074174618953605
214.55,entertainment,23,CA,mobile,3,0,9,20,12,4,0,0,97.749972,116.80002800000001,2.1948855167458716
304.12,electronics,34,TX,desktop,0,0,20,6,12,4,0,0,97.749972,206.370028,3.111202905396199
95.71,grocery,50,NY,mobile,3,0,8,28,8,2,0,0,97.749972,-2.039972000000006,0.9791307052330336
171.8,fuel,60,IL,tablet,1,0,20,10,6,4,0,0,97.749972,74.05002800000001,1.7575452424933153
152.28,fashion,49,NY,tablet,4,0,2,21,6,2,0,1,97.749972,54.530028,1.557852092705949
116.13,entertainment,38,TX,tablet,2,0,15,26,4,1,0,0,97.749972,18.380027999999996,1.1880310186888747
109.37,fashion,20,TX,tablet,5,0,9,25,6,5,1,0,97.749972,11.620028000000005,1.1188749893567747
46.44,fashion,68,NY,tablet,6,0,4,21,2,0,0,1,97.749972,-51.309972,0.47508964529330355
127.07,entertainment,25,IL,tablet,6,0,5,15,11,1,0,1,97.749972,29.320027999999994,1.2999492081701138
59.42,fashion,50,IL,tablet,3,0,9,16,7,5,1,0,97.749972,-38.329972,0.607877405756419
193.12,electronics,50,CA,tablet,3,0,13,30,3,5,1,0,97.749972,95.370028,1.975652719617631
122.62,grocery,19,CA,tablet,4,0,6,30,1,6,1,0,97.749972,24.870028000000005,1.2544248989204325
208.65,grocery,62,IL,tablet,4,0,23,19,1,4,0,1,97.749972,110.900028,2.134527443808092
44.67,fuel,23,FL,desktop,3,0,9,7,9,3,0,0,97.749972,-53.079972,0.45698222341196965
19.49,entertainment,53,TX,tablet,1,0,12,8,10,6,1,0,97.749972,-78.259972,0.19938624433175034
6.4,grocery,18,CA,mobile,2,0,20,25,10,1,0,0,97.749972,-91.349972,0.06547316386471023
103.73,grocery,29,NY,tablet,5,0,20,8,7,0,0,0,97.749972,5.980028000000004,1.0611767637009988
68.35,fashion,67,IL,desktop,4,0,0,21,6,2,0,1,97.749972,-29.399972000000005,0.6992329297113974
77.79,fuel,44,CA,desktop,1,0,13,2,3,3,0,0,97.749972,-19.959971999999993,0.7958058464118452
135.05,fashion,39,CA,desktop,3,0,5,19,8,5,1,1,97.749972,37.30002800000001,1.3815860593639244
7.15,electronics,59,FL,tablet,3,1,6,16,9,0,0,0,97.749972,-90.599972,0.07314580025510596
100.76,fashion,46,CA,mobile,2,1,4,19,7,2,0,1,97.749972,3.0100280000000055,1.0307931235950316
70.51,entertainment,55,NY,tablet,4,0,16,12,2,0,0,0,97.749972,-27.239971999999995,0.7213301225157372
270.19,grocery,20,TX,desktop,4,0,15,29,5,2,0,0,97.749972,172.44002799999998,2.7640928350946963
66.64,electronics,60,TX,tablet,3,0,7,9,12,5,1,0,97.749972,-31.109972,0.6817393187412952
134.35,electronics,23,FL,tablet,2,0,13,7,7,3,0,0,97.749972,36.600027999999995,1.3744249320662216
44.53,electronics,25,FL,mobile,2,0,2,8,10,5,1,1,97.749972,-53.219972,0.4555499979524291
3.54,grocery,36,FL,tablet,0,0,16,1,5,0,0,0,97.749972,-94.209972,0.03621484376266784
39.57,fuel,64,CA,desktop,3,0,11,30,7,1,0,0,97.749972,-58.179972,0.4048082959572787
169.26,entertainment,54,IL,mobile,2,0,21,6,8,6,1,0,97.749972,71.51002799999999,1.7315605805845082
59.67,fuel,65,IL,tablet,2,0,0,18,11,5,1,1,97.749972,-38.079972,0.6104349512198842
431.72,fuel,39,FL,desktop,6,0,10,17,1,1,0,0,97.749972,333.970028,4.41657410994886
202.95,entertainment,28,FL,desktop,4,0,23,10,2,4,0,1,97.749972,105.20002799999999,2.0762154072410843
63.07,fuel,33,IL,desktop,2,0,6,3,6,0,0,0,97.749972,-34.679972,0.6452175695230116
11.71,fuel,69,CA,tablet,3,0,17,1,5,0,0,0,97.749972,-86.039972,0.119795429508712
55.87,grocery,57,TX,tablet,6,0,7,10,9,5,1,0,97.749972,-41.879972,0.5715602601752126
79.17,fuel,29,IL,mobile,6,0,9,22,2,1,0,0,97.749972,-18.579971999999998,0.8099234973701732
142.83,entertainment,55,TX,tablet,2,1,0,6,6,3,0,1,97.749972,45.08002800000001,1.4611768741869628
36.13,grocery,34,IL,tablet,2,0,23,4,6,1,0,1,97.749972,-61.619972,0.36961647037999695
4.78,fuel,28,IL,tablet,4,0,20,30,11,2,0,0,97.749972,-92.969972,0.04890026926145545
279.28,grocery,52,TX,mobile,3,0,5,12,1,3,0,1,97.749972,181.53002799999996,2.857085188146292
46.77,fashion,53,NY,tablet,2,0,22,4,9,6,1,1,97.749972,-50.979972,0.4784656053050777
36.2,fashion,44,CA,mobile,2,0,22,25,11,5,1,1,97.749972,-61.549972,0.37033258310976724
156.69,fashion,37,CA,tablet,3,0,11,3,4,0,0,0,97.749972,58.940028,1.6029671946814759
117.42,fuel,20,TX,mobile,2,0,5,1,7,4,0,1,97.749972,19.670028000000002,1.2012279532803554
33.13,grocery,69,CA,mobile,3,0,5,30,9,5,1,1,97.749972,-64.61997199999999,0.33892592481841405
60.58,grocery,62,NY,tablet,4,0,23,25,5,2,0,1,97.749972,-37.169972,0.6197444167068977
124.9,electronics,31,CA,mobile,4,0,1,31,10,1,0,1,97.749972,27.150028000000006,1.2777497135472355
106.57,entertainment,41,IL,tablet,2,0,17,15,11,1,0,0,97.749972,8.820027999999994,1.0902304801659637
3.21,electronics,26,TX,desktop,3,0,4,29,6,3,0,1,97.749972,-94.539972,0.03283888375089372
127.39,fashion,55,IL,tablet,6,0,9,14,6,2,0,0,97.749972,29.640028,1.3032228663633494
1.93,electronics,32,IL,mobile,1,0,20,5,12,3,0,0,97.749972,-95.81997199999999,0.019744250977951676
18.53,entertainment,69,CA,mobile,2,0,18,19,12,0,0,0,97.749972,-79.219972,0.18956526975204382
232.84,electronics,41,TX,desktop,2,0,22,3,10,0,0,1,97.749972,135.09002800000002,2.381995542852989
145.18,fuel,53,NY,desktop,4,0,21,17,8,3,0,0,97.749972,47.43002800000001,1.485217801543536
10.17,fashion,56,FL,mobile,2,0,14,6,3,6,1,0,97.749972,-87.579972,0.10404094945376609
9.17,fuel,22,NY,desktop,4,0,23,19,8,5,1,1,97.749972,-88.579972,0.09381076759990511
19.31,electronics,67,NY,tablet,6,0,12,22,1,0,0,0,97.749972,-78.439972,0.19754481159805537
27.64,grocery,55,TX,mobile,2,0,18,22,12,3,0,0,97.749972,-70.109972,0.2827622264407173
65.79,entertainment,60,IL,desktop,3,0,9,23,8,4,0,0,97.749972,-31.959971999999993,0.6730436641655134
54.53,fashion,52,NY,tablet,5,1,8,5,7,4,0,0,97.749972,-43.219972,0.5578518164910389
101.09,fashion,67,NY,mobile,4,0,19,8,11,2,0,0,97.749972,3.3400280000000038,1.0341690836068058
61.72,grocery,49,NY,tablet,3,0,14,9,6,3,0,0,97.749972,-36.029972,0.6314068240202992
41.64,electronics,25,IL,mobile,0,0,21,15,8,3,0,0,97.749972,-56.109972,0.4259847723947709
86.98,grocery,27,IL,mobile,5,0,1,3,2,4,0,1,97.749972,-10.769971999999996,0.8898212176488275
33.96,fuel,63,FL,mobile,0,0,11,2,9,4,0,0,97.749972,-63.789972,0.34741697575711866
187.59,electronics,23,IL,desktop,2,0,0,31,12,6,1,1,97.749972,89.840028,1.9190798139657799
35.68,grocery,55,TX,tablet,2,0,14,25,6,5,1,0,97.749972,-62.069972,0.36501288854575953
95.17,fuel,25,TX,desktop,3,0,15,21,12,5,1,0,97.749972,-2.579971999999998,0.9736064070319488
61.78,electronics,40,IL,desktop,5,0,1,13,6,1,0,1,97.749972,-35.969972,0.6320206349315309
286.6,fuel,52,FL,mobile,6,0,6,21,9,2,0,0,97.749972,188.850028,2.931970119316555
82.18,entertainment,40,NY,desktop,0,0,12,11,12,6,1,0,97.749972,-15.569971999999993,0.8407163447502948
103.32,entertainment,52,TX,desktop,4,0,0,17,3,4,0,1,97.749972,5.5700279999999935,1.0569823891409156
126.32,fashion,52,TX,mobile,4,0,23,23,3,2,0,1,97.749972,28.570027999999994,1.292276571779718
373.05,electronics,23,NY,mobile,1,0,12,17,7,0,0,0,97.749972,275.300028,3.816369340582836
46.97,electronics,57,NY,tablet,3,0,1,27,1,4,0,1,97.749972,-50.779972,0.48051164167584987
309.81,fashion,51,CA,mobile,3,0,19,17,12,5,1,0,97.749972,212.060028,3.169412640144668
108.74,electronics,54,IL,mobile,2,0,15,6,8,1,0,0,97.749972,10.990027999999995,1.1124299747888422
79.06,fashion,53,TX,desktop,1,0,9,29,6,3,0,0,97.749972,-18.689971999999997,0.8087981773662485
33.45,fuel,36,NY,mobile,3,0,0,20,8,1,0,1,97.749972,-64.299972,0.34219958301164954
168.71,entertainment,34,CA,mobile,2,0,1,10,12,5,1,1,97.749972,70.96002800000001,1.7259339805648848
54.77,fashion,18,FL,tablet,1,0,21,12,9,0,0,0,97.749972,-42.979972,0.5603070601359655
70.13,entertainment,46,FL,desktop,0,0,4,23,10,2,0,1,97.749972,-27.619972000000004,0.71744265341127
88.6,entertainment,34,IL,mobile,4,0,14,19,10,3,0,0,97.749972,-9.149972000000005,0.9063941122520821
268.44,fuel,36,IL,mobile,1,0,8,28,1,5,1,0,97.749972,170.69002799999998,2.7461900168504396
95.33,fuel,34,TX,desktop,4,0,4,7,1,6,1,1,97.749972,-2.4199720000000013,0.9752432361285666
163.77,fuel,67,CA,mobile,1,0,4,24,2,3,0,1,97.749972,66.02002800000001,1.6753968822068117
15.04,fashion,37,FL,desktop,2,0,11,10,5,1,0,0,97.749972,-82.709972,0.15386193508206902
55.25,entertainment,30,NY,tablet,1,0,15,29,10,6,1,0,97.749972,-42.499972,0.5652175474258188
17.31,grocery,61,NY,mobile,1,0,6,23,11,2,0,0,97.749972,-80.439972,0.17708444789033342
35.09,electronics,42,FL,tablet,7,0,11,16,9,4,0,0,97.749972,-62.659971999999996,0.3589770812519816
100.04,entertainment,61,CA,tablet,4,0,1,14,8,2,0,1,97.749972,2.2900280000000066,1.0234273926602517
4.2,grocery,32,FL,tablet,3,0,18,24,7,2,0,0,97.749972,-93.549972,0.04296676378621609
8.86,electronics,36,NY,tablet,4,0,11,13,3,6,1,0,97.749972,-88.889972,0.09063941122520822
17.8,fashion,42,IL,tablet,4,0,2,28,12,5,1,1,97.749972,-79.949972,0.18209723699872532
29.18,fashion,54,NY,desktop,3,0,3,13,7,5,1,1,97.749972,-68.569972,0.2985167064956632
45.16,entertainment,52,CA,desktop,0,0,5,20,1,4,0,1,97.749972,-52.589972,0.4619950125203615
20.63,electronics,55,NY,mobile,4,0,7,14,7,6,1,0,97.749972,-77.119972,0.21104865164515185
26.68,fuel,43,CA,mobile,7,0,3,1,5,2,0,1,97.749972,-71.069972,0.27294125186101076
183.17,electronics,20,NY,tablet,5,0,20,14,4,6,1,0,97.749972,85.42002799999999,1.8738624101717143
71.15,fuel,42,NY,desktop,3,0,21,2,4,6,1,0,97.749972,-26.599971999999994,0.7278774389022082
85.22,fuel,48,TX,desktop,4,0,16,26,5,3,0,0,97.749972,-12.529972,0.8718160975860321
187.99,entertainment,23,TX,mobile,2,0,12,23,1,1,0,0,97.749972,90.24002800000001,1.9231718867073244
158.38,fuel,26,TX,mobile,4,0,8,22,3,4,0,0,97.749972,60.630027999999996,1.6202562020145008
56.58,entertainment,27,CA,desktop,2,0,18,19,11,6,1,0,97.749972,-41.169972,0.5788236892914538
173.15,fuel,68,TX,desktop,5,0,16,3,4,2,0,0,97.749972,75.400028,1.7713559879960274
33.2,entertainment,31,CA,mobile,0,0,17,16,10,6,1,0,97.749972,-64.549972,0.33964203754818434
24.55,electronics,56,TX,desktop,6,0,20,25,11,4,0,0,97.749972,-73.199972,0.2511509645122869
91.91,fashion,50,CA,desktop,2,0,9,23,11,3,0,0,97.749972,-5.839972000000003,0.940256014188362
13.73,electronics,49,TX,mobile,2,0,9,15,11,2,0,0,97.749972,-84.019972,0.14046039685351117
190.74,entertainment,58,CA,mobile,0,0,19,16,5,3,0,0,97.749972,92.99002800000001,1.9513048868054421
54.29,fashion,19,FL,desktop,6,0,16,14,1,4,0,0,97.749972,-43.459972,0.5553965728461122
51.46,fuel,46,CA,tablet,7,0,21,23,1,6,1,0,97.749972,-46.289972,0.5264451581996856
57.45,grocery,69,IL,desktop,4,0,13,22,5,6,1,0,97.749972,-40.299972,0.5877239475043129
398.37,entertainment,54,CA,tablet,5,0,6,12,8,4,0,0,97.749972,300.620028,4.075397545122596
63.0,electronics,20,IL,mobile,4,0,19,3,3,3,0,0,97.749972,-34.749972,0.6445014567932413
108.99,electronics,24,CA,desktop,5,0,10,29,3,2,0,0,97.749972,11.240027999999995,1.1149875202523074
5.96,grocery,40,TX,mobile,1,0,5,11,3,5,1,1,97.749972,-91.789972,0.0609718838490114
63.92,electronics,47,TX,desktop,2,0,7,3,1,1,0,0,97.749972,-33.829972,0.6539132240987934
150.52,grocery,18,CA,tablet,1,0,8,12,2,5,1,0,97.749972,52.77002800000001,1.5398469726431536
82.15,entertainment,38,TX,tablet,2,1,22,17,1,1,0,1,97.749972,-15.599971999999994,0.8404094392946789
66.83,entertainment,59,FL,desktop,1,0,13,6,6,3,0,0,97.749972,-30.919972,0.6836830532935287
27.73,electronics,46,IL,tablet,3,0,6,9,11,3,0,0,97.749972,-70.019972,0.2836829428075648
3.32,fashion,30,IL,mobile,2,0,17,17,10,3,0,0,97.749972,-94.429972,0.03396420375481843
144.09,fuel,67,NY,mobile,3,0,2,9,7,6,1,1,97.749972,46.340028000000004,1.4740669033228275
50.83,electronics,35,FL,tablet,5,0,6,10,11,6,1,0,97.749972,-46.919972,0.5200001436317532
7.52,grocery,47,FL,desktop,2,0,21,9,6,4,0,0,97.749972,-90.229972,0.07693096754103451
128.23,entertainment,32,TX,tablet,3,0,17,20,12,1,0,0,97.749972,30.48002799999999,1.3118162191205924
40.25,electronics,19,TX,tablet,1,0,7,29,6,3,0,0,97.749972,-57.499972,0.4117648196179042
97.54,fashion,45,TX,mobile,3,0,4,1,1,6,1,1,97.749972,-0.2099719999999934,0.9978519380255993
89.93,fuel,30,TX,mobile,1,0,7,26,10,3,0,0,97.749972,-7.819971999999993,0.9200002541177174
160.65,grocery,23,CA,tablet,2,0,16,4,7,0,0,0,97.749972,62.900028000000006,1.6434787148227654
97.63,entertainment,52,CA,tablet,2,0,0,3,11,3,0,1,97.749972,-0.11997200000000419,0.9987726543924467
71.0,fuel,58,IL,desktop,1,0,10,14,7,4,0,0,97.749972,-26.749972,0.7263429116241291
42.78,entertainment,24,FL,tablet,1,0,13,13,10,3,0,0,97.749972,-54.969972,0.4376471797081724
284.26,fashion,41,TX,desktop,3,0,23,5,12,0,0,1,97.749972,186.51002799999998,2.90803149377852
231.44,electronics,49,NY,tablet,5,0,23,23,8,2,0,1,97.749972,133.69002799999998,2.3676732882575835
0.79,grocery,35,FL,mobile,3,0,1,22,8,3,0,1,97.749972,-96.959972,0.008081843664550168
2.43,fuel,54,CA,mobile,2,0,0,27,7,2,0,1,97.749972,-95.31997199999999,0.024859341904882166
431.02,grocery,23,FL,mobile,2,0,17,3,2,3,0,0,97.749972,333.27002799999997,4.4094129826511566
103.98,grocery,65,NY,mobile,1,0,14,6,8,6,1,0,97.749972,6.230028000000004,1.063734309164464
285.79,grocery,56,NY,tablet,5,0,21,15,7,5,1,0,97.749972,188.040028,2.9236836720149277
89.85,fuel,36,FL,tablet,4,0,13,10,6,4,0,0,97.749972,-7.899972000000005,0.9191818395694084
31.31,fashion,55,IL,tablet,5,0,10,21,7,4,0,0,97.749972,-66.439972,0.32030699384438704
151.19,grocery,65,NY,desktop,1,0,12,23,4,5,1,0,97.749972,53.440028,1.5467011944852405
4.44,entertainment,21,NY,tablet,6,0,5,8,6,3,0,1,97.749972,-93.309972,0.045422007431142726
22.37,electronics,30,TX,mobile,4,0,18,12,4,4,0,0,97.749972,-75.379972,0.22884916807086997
47.2,fuel,37,NY,tablet,1,0,10,11,1,1,0,0,97.749972,-50.549972,0.48286458350223793
52.69,entertainment,51,FL,desktop,2,0,6,13,6,1,0,0,97.749972,-45.059972,0.5390282818799347
85.71,electronics,67,IL,tablet,1,0,2,20,9,1,0,1,97.749972,-12.039972000000006,0.8768288866944239
17.87,fuel,40,CA,desktop,1,0,20,11,10,1,0,0,97.749972,-79.879972,0.18281334972849558
43.61,fuel,21,FL,desktop,1,0,17,12,8,0,0,0,97.749972,-54.139972,0.446138230646877
31.29,entertainment,67,CA,mobile,3,0,2,20,12,2,0,1,97.749972,-66.459972,0.32010239020730985
203.18,electronics,54,FL,tablet,6,0,18,3,8,5,1,0,97.749972,105.43002800000001,2.0785683490674725
148.23,grocery,22,TX,desktop,0,0,11,3,8,3,0,0,97.749972,50.48002799999999,1.516419856197812
79.11,fuel,51,FL,tablet,3,0,11,10,5,1,0,0,97.749972,-18.639972,0.8093096864589415
341.95,fuel,39,TX,desktop,4,0,16,5,3,1,0,0,97.749972,244.20002799999997,3.4982106849277597
386.07,fuel,29,IL,desktop,3,0,8,16,10,6,1,0,97.749972,288.320028,3.949566308320106
58.47,entertainment,53,FL,mobile,6,0,17,28,2,0,0,0,97.749972,-39.279972,0.598158732995251
150.14,fuel,27,FL,mobile,3,0,1,13,3,0,0,1,97.749972,52.39002799999999,1.5359595035386864
47.17,grocery,34,IL,tablet,1,0,9,2,3,5,1,0,97.749972,-50.579972,0.4825576780466221
159.71,grocery,42,NY,desktop,6,0,21,1,10,6,1,0,97.749972,61.96002800000001,1.633862343880136
96.65,entertainment,35,TX,tablet,8,0,15,24,4,0,0,0,97.749972,-1.099971999999994,0.988747076175663
528.0,fuel,58,NY,mobile,7,0,12,22,4,0,0,0,97.749972,430.250028,5.401536018838594
18.5,fuel,43,TX,mobile,1,0,15,8,5,6,1,0,97.749972,-79.249972,0.189258364296428
31.68,electronics,48,CA,desktop,1,0,3,1,2,1,0,1,97.749972,-66.069972,0.32409216113031564
86.1,grocery,19,FL,tablet,3,0,12,7,7,3,0,0,97.749972,-11.649972000000005,0.8808186576174297
70.2,grocery,26,CA,tablet,3,0,11,16,5,1,0,0,97.749972,-27.549971999999997,0.7181587661410404
14.13,electronics,49,CA,desktop,5,0,1,25,4,3,0,1,97.749972,-83.619972,0.14455246959505555
2.75,fuel,33,NY,desktop,4,0,21,29,9,6,1,0,97.749972,-94.999972,0.028133000098117675
28.38,fuel,67,NY,mobile,3,0,0,4,9,0,0,1,97.749972,-69.369972,0.2903325610125744
78.63,grocery,67,FL,desktop,2,0,4,22,5,2,0,1,97.749972,-19.119972000000004,0.8043991991690882
190.52,grocery,64,TX,desktop,1,0,21,23,2,4,0,0,97.749972,92.77002800000001,1.9490542467975926
62.66,grocery,49,FL,desktop,1,0,18,3,8,2,0,0,97.749972,-35.089972,0.6410231949629285
46.07,grocery,18,NY,tablet,5,0,21,15,5,6,1,0,97.749972,-51.679972,0.471304478007375
275.08,fashion,45,FL,desktop,4,0,2,4,9,6,1,1,97.749972,177.33002799999997,2.814118424360076
172.96,fashion,39,FL,desktop,5,1,22,30,6,6,1,1,97.749972,75.21002800000001,1.769412253443794
55.13,fashion,47,FL,desktop,6,0,10,19,7,4,0,0,97.749972,-42.619972,0.5639899256033555
154.09,entertainment,40,TX,tablet,3,0,12,13,11,6,1,0,97.749972,56.340028000000004,1.5763687218614373
132.59,grocery,56,TX,desktop,5,0,2,20,5,5,1,1,97.749972,34.840028000000004,1.3564198120034263
350.36,electronics,67,FL,desktop,2,0,23,12,3,5,1,1,97.749972,252.610028,3.5842465143187305
66.86,grocery,34,CA,mobile,0,0,17,23,6,3,0,0,97.749972,-30.889972,0.6839899587491446
274.08,fuel,44,NY,mobile,1,0,7,14,8,2,0,0,97.749972,176.33002799999997,2.8038882425062153
101.49,fashion,24,CA,desktop,3,0,6,9,1,1,0,0,97.749972,3.7400279999999952,1.0382611563483501
132.2,fashion,56,NY,tablet,4,0,20,27,8,5,1,0,97.749972,34.45002799999999,1.3524300410804204
161.77,entertainment,52,CA,desktop,7,0,2,28,5,1,0,1,97.749972,64.02002800000001,1.6549365184990896
79.32,fuel,58,IL,desktop,6,0,18,3,2,5,1,0,97.749972,-18.429972000000006,0.8114580246482523
3.76,grocery,21,NY,desktop,8,0,0,26,6,0,0,1,97.749972,-93.989972,0.038465483770517256
15.41,grocery,31,CA,tablet,4,0,9,4,2,5,1,0,97.749972,-82.339972,0.1576471023679976
224.41,fuel,28,NY,desktop,4,0,17,20,10,3,0,0,97.749972,126.660028,2.295755109824941
186.46,electronics,53,NY,desktop,5,0,18,3,8,5,1,0,97.749972,88.71002800000001,1.907519708470917
52.83,fuel,62,TX,desktop,3,0,19,24,12,5,1,0,97.749972,-44.919972,0.5404605073394751
211.89,electronics,19,NY,tablet,5,0,17,16,5,1,0,0,97.749972,114.14002799999999,2.1676732330146016
15.92,fuel,59,CA,mobile,4,0,5,30,7,5,1,1,97.749972,-81.829972,0.16286449511346668
155.73,grocery,59,FL,desktop,5,0,4,23,7,5,1,1,97.749972,57.98002799999999,1.5931462201017692
1.56,entertainment,65,NY,desktop,0,0,14,25,5,5,1,0,97.749972,-96.189972,0.01595908369202312
57.89,fuel,44,FL,tablet,2,0,6,25,7,3,0,0,97.749972,-39.859972,0.5922252275200117
79.57,grocery,37,TX,mobile,5,0,22,22,6,2,0,1,97.749972,-18.179972000000006,0.8140155701117175
107.18,grocery,68,CA,desktop,6,0,19,9,2,3,0,0,97.749972,9.430028000000007,1.096470891096819
137.53,grocery,26,NY,desktop,9,0,0,1,10,6,1,1,97.749972,39.780028,1.4069569103614996
47.53,grocery,36,FL,mobile,1,0,13,18,12,6,1,0,97.749972,-50.219972,0.486240543514012
110.71,fashion,65,TX,desktop,4,0,22,29,5,0,0,1,97.749972,12.960027999999994,1.1325834330409483
4.26,entertainment,66,TX,desktop,3,0,18,12,11,6,1,0,97.749972,-93.489972,0.04358057469744774
46.93,grocery,19,TX,mobile,3,0,16,3,12,5,1,0,97.749972,-50.819972,0.4801024344016954
10.55,electronics,54,IL,mobile,3,0,2,29,12,4,0,1,97.749972,-87.199972,0.10792841855823326
38.21,electronics,43,FL,desktop,2,0,4,7,5,6,1,1,97.749972,-59.539972,0.39089524863602776
1.71,entertainment,28,IL,tablet,6,0,13,5,9,1,0,0,97.749972,-96.039972,0.017493610970102262
12.26,fashion,63,NY,mobile,1,0,17,30,9,0,0,0,97.749972,-85.489972,0.12542202952833553
77.03,fashion,49,IL,mobile,6,0,23,23,11,2,0,1,97.749972,-20.719972,0.7880309082029108
33.48,fuel,54,NY,mobile,3,0,17,2,10,6,1,0,97.749972,-64.269972,0.34250648846726534
88.34,entertainment,69,CA,desktop,4,0,18,17,8,3,0,0,97.749972,-9.409971999999996,0.9037342649700784
419.5,fashion,52,FL,desktop,3,0,2,13,1,4,0,1,97.749972,321.750028,4.2915612876946785
37.35,fashion,20,FL,tablet,3,0,5,10,7,6,1,1,97.749972,-60.399972,0.38209729224170735
133.0,electronics,39,CA,desktop,5,0,22,22,4,0,0,1,97.749972,35.250028,1.3606141865635093
124.38,electronics,31,FL,mobile,3,0,12,5,11,6,1,0,97.749972,26.630027999999996,1.2724300189832278
99.73,entertainment,68,TX,tablet,3,0,6,15,4,5,1,0,97.749972,1.9800280000000043,1.0202560362855548
23.58,grocery,57,CA,desktop,7,0,7,10,4,2,0,0,97.749972,-74.169972,0.24122768811404172
152.92,fuel,64,CA,desktop,2,0,4,25,9,0,0,1,97.749972,55.17002799999999,1.5643994090924198
81.58,fashion,37,TX,desktop,3,0,23,8,9,3,0,1,97.749972,-16.169972,0.8345782356379782
23.42,grocery,64,CA,mobile,5,0,16,18,7,3,0,0,97.749972,-74.329972,0.239590859017424
38.68,fuel,44,NY,desktop,1,0,22,2,11,2,0,1,97.749972,-59.069972,0.39570343410734243
186.22,entertainment,21,NY,desktop,5,0,23,10,5,1,0,1,97.749972,88.470028,1.9050644648259902
40.46,electronics,26,FL,mobile,2,0,5,5,4,4,0,1,97.749972,-57.289972,0.41391315780721494
98.26,fuel,42,TX,desktop,3,0,9,23,5,3,0,0,97.749972,0.5100280000000055,1.0052176689603793
251.38,fuel,30,NY,desktop,3,0,23,23,5,3,0,1,97.749972,153.63002799999998,2.571663114423571
77.43,entertainment,64,TX,desktop,6,0,19,23,3,3,0,0,97.749972,-20.319971999999993,0.7921229809444552
76.54,fuel,47,IL,desktop,2,0,18,2,9,0,0,0,97.749972,-21.209971999999993,0.7830181190945189
36.49,fuel,41,IL,desktop,1,0,20,25,4,0,0,0,97.749972,-61.259972,0.3732993358473869
40.94,fuel,27,FL,desktop,1,0,3,19,2,5,1,1,97.749972,-56.809972,0.4188236450970682
76.26,fuel,36,IL,tablet,0,0,5,4,2,4,0,1,97.749972,-21.489971999999995,0.7801536681754379
195.43,grocery,45,CA,tablet,4,0,15,16,10,0,0,0,97.749972,97.68002800000001,1.99928443970005
27.68,entertainment,39,CA,desktop,3,0,17,23,10,0,0,0,97.749972,-70.069972,0.28317143371487175
43.85,grocery,69,CA,desktop,2,0,15,31,3,4,0,0,97.749972,-53.899972,0.4485934742918037
78.17,fashion,32,TX,tablet,1,0,9,20,10,3,0,0,97.749972,-19.579971999999998,0.7996933155163123
461.06,entertainment,48,NY,tablet,3,0,8,21,3,0,0,0,97.749972,363.310028,4.71672764554114
77.93,electronics,64,NY,mobile,3,0,7,1,12,3,0,0,97.749972,-19.819971999999993,0.7972380718713856
43.84,entertainment,36,NY,mobile,1,0,13,25,6,5,1,0,97.749972,-53.909971999999996,0.4484911724732651
433.48,entertainment,47,CA,desktop,1,0,6,11,11,4,0,0,97.749972,335.730028,4.434579230011654
17.44,entertainment,55,TX,mobile,2,0,3,10,8,3,0,1,97.749972,-80.309972,0.17841437153133538
148.69,grocery,55,CA,tablet,3,0,16,2,3,2,0,0,97.749972,50.940028,1.521125739850588
162.05,electronics,55,IL,tablet,3,0,8,12,8,4,0,0,97.749972,64.30002800000001,1.6578009694181708
90.2,grocery,52,CA,desktop,5,0,2,30,12,4,0,1,97.749972,-7.549971999999997,0.9227624032182598
71.85,entertainment,62,IL,tablet,1,0,0,18,10,4,0,1,97.749972,-25.899972000000005,0.7350385661999108
11.7,fashion,31,IL,tablet,3,0,11,4,8,3,0,0,97.749972,-86.049972,0.11969312769017337
137.99,electronics,44,CA,desktop,3,0,6,6,10,4,0,0,97.749972,40.24002800000001,1.4116627940142756
145.27,fashion,51,CA,tablet,4,0,19,28,11,1,0,0,97.749972,47.52002800000001,1.4861385179103836
56.14,fashion,32,CA,desktop,2,0,5,21,8,0,0,1,97.749972,-41.609972,0.5743224092757551
10.48,grocery,22,TX,tablet,4,0,13,14,8,6,1,0,97.749972,-87.269972,0.107212305828463
2.82,entertainment,34,FL,tablet,4,0,19,6,3,0,0,0,97.749972,-94.929972,0.028849112827887942
24.8,grocery,46,CA,mobile,2,0,9,17,6,4,0,0,97.749972,-72.949972,0.2537085099757521
13.51,electronics,56,CA,mobile,8,0,19,6,3,6,1,0,97.749972,-84.239972,0.13820975684566175
52.5,grocery,28,IL,mobile,3,0,11,27,10,4,0,0,97.749972,-45.249972,0.5370845473277011
247.63,electronics,69,CA,mobile,5,0,18,19,11,5,1,0,97.749972,149.88002799999998,2.533299932471593
36.13,entertainment,64,TX,tablet,5,0,21,20,11,2,0,0,97.749972,-61.619972,0.36961647037999695
146.14,fuel,62,CA,mobile,2,0,12,8,6,2,0,0,97.749972,48.39002799999999,1.4950387761232424
74.74,electronics,59,NY,desktop,2,0,8,8,5,0,0,0,97.749972,-23.009972000000005,0.7646037917575691
96.78,fuel,51,TX,mobile,1,0,12,16,7,1,0,0,97.749972,-0.9699719999999985,0.990076999816665
15.42,fuel,68,NY,mobile,3,0,21,7,3,1,0,0,97.749972,-82.329972,0.15774940418653619
31.97,grocery,69,IL,mobile,1,0,7,8,11,2,0,0,97.749972,-65.779972,0.3270589138679353
80.82,entertainment,27,CA,mobile,8,0,14,2,2,4,0,0,97.749972,-16.929972000000006,0.8268032974290438
18.94,electronics,37,FL,tablet,2,0,18,12,5,3,0,0,97.749972,-78.809972,0.19375964431212683
25.84,entertainment,42,TX,mobile,1,0,15,27,6,0,0,0,97.749972,-71.909972,0.26434789910376755
54.43,grocery,46,CA,desktop,7,0,4,20,5,5,1,1,97.749972,-43.319972,0.5568287983056528
516.52,grocery,55,FL,desktop,4,0,9,28,11,3,0,0,97.749972,418.77002799999997,5.28409353115627
4.64,grocery,41,CA,desktop,1,0,4,7,8,0,0,1,97.749972,-93.109972,0.04746804380191491
23.26,entertainment,36,CA,desktop,1,0,3,29,5,0,0,1,97.749972,-74.489972,0.23795402992080625
65.76,grocery,22,IL,tablet,3,0,13,28,12,5,1,0,97.749972,-31.989971999999995,0.6727367587098976
264.83,entertainment,40,FL,mobile,5,0,3,31,1,1,0,1,97.749972,167.08002799999997,2.709259060358001
110.63,grocery,46,TX,tablet,4,0,21,27,3,6,1,0,97.749972,12.880027999999996,1.1317650184926393
67.15,electronics,45,IL,mobile,2,0,13,18,12,0,0,0,97.749972,-30.599971999999994,0.6869567114867644
112.97,electronics,41,FL,mobile,4,0,21,24,3,4,0,0,97.749972,15.220028,1.155703644030674
66.76,electronics,28,TX,mobile,3,0,3,19,12,1,0,1,97.749972,-30.989971999999995,0.6829669405637586
177.32,grocery,56,TX,mobile,2,0,14,1,1,0,0,0,97.749972,79.570028,1.8140158463266276
50.41,fuel,64,TX,tablet,2,0,13,1,9,4,0,0,97.749972,-47.339972,0.5157034672531317
110.32,fuel,55,NY,desktop,0,0,2,6,9,1,0,1,97.749972,12.570027999999994,1.1285936621179424
143.08,electronics,30,NY,desktop,5,1,16,9,8,4,0,0,97.749972,45.33002800000001,1.463734419650428
108.63,entertainment,43,TX,mobile,2,0,10,27,12,1,0,0,97.749972,10.880027999999996,1.1113046547849175
86.7,electronics,34,TX,tablet,10,0,18,4,6,1,0,0,97.749972,-11.049971999999997,0.8869567667297463
113.53,fuel,35,TX,desktop,4,0,14,26,7,2,0,0,97.749972,15.780028000000001,1.1614325458688362
50.07,fuel,50,IL,desktop,3,0,1,8,8,0,0,1,97.749972,-47.679972,0.5122252054228189
31.7,entertainment,61,CA,mobile,1,1,20,13,7,5,1,0,97.749972,-66.049972,0.32429676476739283
17.37,grocery,23,NY,mobile,1,0,23,26,3,1,0,1,97.749972,-80.379972,0.17769825880156512
279.01,electronics,28,TX,desktop,1,0,3,13,7,2,0,1,97.749972,181.26002799999998,2.8543230390457497
183.13,fuel,53,CA,tablet,4,0,11,21,2,2,0,0,97.749972,85.380028,1.87345320289756
29.22,grocery,46,IL,mobile,2,0,6,30,9,0,0,0,97.749972,-68.529972,0.2989259137698176
71.28,grocery,31,TX,desktop,2,0,10,25,8,4,0,0,97.749972,-26.469972,0.7292073625432102
10.04,fuel,57,FL,mobile,4,0,10,8,10,1,0,0,97.749972,-87.709972,0.10271102581276416
74.78,fuel,66,FL,tablet,3,0,2,29,4,4,0,1,97.749972,-22.969972,0.7650129990317236
47.99,grocery,67,IL,tablet,1,0,2,28,2,1,0,1,97.749972,-49.759972,0.4909464271667881
7.19,fuel,19,CA,desktop,6,0,10,25,6,1,0,0,97.749972,-90.559972,0.07355500752926039
81.05,grocery,59,CA,tablet,6,0,14,24,11,4,0,0,97.749972,-16.699972000000002,0.8291562392554318
478.24,grocery,33,NY,tablet,2,0,21,9,5,3,0,0,97.749972,380.490028,4.892482169790472
100.96,entertainment,69,IL,tablet,1,0,4,24,10,3,0,1,97.749972,3.210027999999994,1.0328391599658038
117.4,fashion,62,FL,desktop,8,0,18,21,4,4,0,0,97.749972,19.650028000000006,1.2010233496432783
145.31,electronics,22,FL,mobile,6,1,15,30,5,3,0,0,97.749972,47.560028,1.486547725184538
19.21,fashion,60,NY,tablet,2,0,8,24,12,5,1,0,97.749972,-78.539972,0.1965217934126693
10.65,fuel,54,IL,tablet,4,0,3,27,9,4,0,1,97.749972,-87.099972,0.10895143674361936
141.2,fashion,31,NY,desktop,6,0,19,2,12,4,0,0,97.749972,43.45002799999999,1.4445016777651691
50.46,fuel,41,IL,mobile,3,0,9,30,8,1,0,0,97.749972,-47.289972,0.5162149763458247
20.47,electronics,69,TX,tablet,7,0,1,9,3,5,1,1,97.749972,-77.279972,0.2094118225485341
75.04,grocery,20,TX,mobile,4,0,20,16,7,1,0,0,97.749972,-22.709971999999993,0.7676728463137275
270.08,entertainment,44,TX,desktop,2,0,23,4,1,3,0,1,97.749972,172.33002799999997,2.7629675150907715
19.49,electronics,46,CA,tablet,2,0,3,29,4,4,0,1,97.749972,-78.259972,0.19938624433175034
13.28,fashion,55,IL,desktop,3,0,5,25,5,2,0,1,97.749972,-84.469972,0.1358568150192737
31.18,entertainment,40,IL,mobile,3,0,8,13,2,0,0,0,97.749972,-66.569972,0.3189770702033851
43.53,entertainment,43,TX,desktop,5,0,0,4,8,3,0,1,97.749972,-54.219972,0.44531981609856813
55.53,grocery,31,IL,mobile,3,0,14,10,11,3,0,0,97.749972,-42.219972,0.5680819983448998
124.84,electronics,56,NY,tablet,3,0,15,1,12,4,0,0,97.749972,27.090028000000004,1.2771359026360039
44.41,electronics,50,CA,tablet,6,0,5,3,11,4,0,1,97.749972,-53.339972,0.4543223761299658
217.24,entertainment,44,TX,mobile,4,0,13,7,3,0,0,0,97.749972,119.49002800000001,2.2224047059327576
38.07,fashion,52,CA,desktop,6,0,18,6,6,3,0,0,97.749972,-59.679972,0.38946302317648723
40.78,electronics,38,FL,desktop,3,0,15,5,5,4,0,0,97.749972,-56.969972,0.4171868160004505
192.0,entertainment,39,TX,desktop,9,0,3,29,12,6,1,1,97.749972,94.250028,1.9641949159413068
34.43,fuel,35,NY,mobile,2,0,6,26,2,5,1,0,97.749972,-63.319972,0.3522251612284333
205.73,fuel,47,IL,tablet,4,0,15,17,9,5,1,0,97.749972,107.98002799999999,2.1046553127948178
126.8,fuel,21,IL,desktop,4,0,10,4,8,6,1,0,97.749972,29.050027999999998,1.2971870590695713
173.32,grocery,21,NY,desktop,1,0,23,24,11,6,1,1,97.749972,75.570028,1.7730951189111837
200.67,fuel,39,TX,desktop,2,0,0,18,10,4,0,1,97.749972,102.92002799999999,2.0528905926142813
129.45,electronics,45,TX,desktop,7,0,0,16,3,5,1,1,97.749972,31.70002799999999,1.3242970409823027
294.22,fuel,56,CA,mobile,2,0,21,22,5,6,1,0,97.749972,196.470028,3.0099241050429755
138.88,grocery,38,FL,tablet,2,0,18,8,10,1,0,0,97.749972,41.130027999999996,1.420767655864212
60.78,fuel,57,NY,desktop,0,0,23,20,10,3,0,1,97.749972,-36.969972,0.6217904530776699
50.22,fashion,30,IL,mobile,2,0,23,13,11,0,0,1,97.749972,-47.529972,0.513759732700898
30.08,fashion,25,IL,desktop,4,0,16,9,11,3,0,0,97.749972,-67.669972,0.30772387016413805
91.79,fuel,59,TX,mobile,4,0,3,12,4,4,0,1,97.749972,-5.959971999999993,0.9390283923658987
20.81,grocery,22,NY,desktop,2,0,9,5,5,3,0,0,97.749972,-76.939972,0.21289008437884682
92.71,fashion,61,IL,desktop,2,0,14,28,12,2,0,0,97.749972,-5.039972000000006,0.9484401596714507
249.01,electronics,32,NY,tablet,2,0,18,2,9,4,0,0,97.749972,151.26002799999998,2.5474175834299206
249.27,fuel,40,IL,desktop,2,0,17,26,7,2,0,0,97.749972,151.52002800000002,2.5500774307119247
62.06,electronics,54,IL,mobile,4,0,11,27,3,0,0,0,97.749972,-35.689972,0.634885085850612
28.15,grocery,27,FL,tablet,2,0,23,16,8,2,0,1,97.749972,-69.59997200000001,0.28797961918618636
29.61,entertainment,47,IL,desktop,3,0,8,8,9,3,0,0,97.749972,-68.139972,0.3029156846928234
31.47,grocery,42,TX,desktop,2,1,12,26,1,2,0,0,97.749972,-66.279972,0.3219438229410048
2.28,fashion,61,FL,desktop,1,0,12,8,8,0,0,0,97.749972,-95.469972,0.023324814626803015
44.45,electronics,59,FL,mobile,2,0,14,24,4,2,0,0,97.749972,-53.299972,0.4547315834041203
109.01,electronics,36,IL,tablet,2,0,7,24,12,1,0,0,97.749972,11.260028000000005,1.1151921238893847
28.07,grocery,45,NY,mobile,0,0,1,17,11,4,0,1,97.749972,-69.67997199999999,0.28716120463787753
54.38,electronics,36,TX,desktop,3,0,6,4,12,2,0,0,97.749972,-43.369972,0.5563172892129598
178.48,grocery,23,CA,tablet,4,0,20,21,3,1,0,0,97.749972,80.73002799999999,1.8258828572771062
112.13,fashion,69,IL,desktop,2,0,4,1,1,0,0,1,97.749972,14.380027999999996,1.1471102912734308
21.35,grocery,46,CA,mobile,1,0,17,10,12,6,1,0,97.749972,-76.39997199999999,0.2184143825799318
159.85,electronics,69,NY,mobile,3,0,6,14,2,1,0,0,97.749972,62.100027999999995,1.6352945693396765
9.39,fashion,64,TX,mobile,6,0,4,27,12,2,0,1,97.749972,-88.359972,0.09606140760775454
97.79,fashion,36,TX,tablet,4,0,2,6,3,6,1,1,97.749972,0.040028000000006614,1.0004094834890647
61.23,electronics,67,IL,desktop,3,0,5,28,11,1,0,1,97.749972,-36.519972,0.6263940349119074
119.46,electronics,66,NY,desktop,3,0,16,7,3,3,0,0,97.749972,21.710027999999994,1.2220975242622318
0.15,entertainment,69,FL,desktop,4,0,17,24,10,0,0,0,97.749972,-97.599972,0.0015345272780791458
1.67,fuel,44,FL,tablet,3,0,22,24,3,6,1,1,97.749972,-96.079972,0.017084403695947825
64.23,entertainment,64,NY,desktop,5,0,8,2,2,4,0,0,97.749972,-33.519971999999996,0.6570845804734903
162.73,fashion,25,CA,mobile,7,0,14,3,8,2,0,0,97.749972,64.98002799999999,1.664757493078796
62.27,electronics,64,TX,desktop,2,1,14,25,10,1,0,0,97.749972,-35.479972,0.6370334240399228
79.32,entertainment,63,CA,mobile,4,0,7,23,2,4,0,0,97.749972,-18.429972000000006,0.8114580246482523
40.08,fuel,65,IL,mobile,4,0,6,9,10,2,0,0,97.749972,-57.669972,0.41002568870274775
177.21,entertainment,22,IL,desktop,3,0,12,24,9,5,1,0,97.749972,79.46002800000001,1.812890526322703
223.58,fashion,48,IL,tablet,1,0,20,29,1,0,0,0,97.749972,125.83002800000001,2.2872640588862363
29.8,electronics,41,CA,desktop,0,0,9,1,3,2,0,0,97.749972,-67.949972,0.304859419245057
118.95,fuel,56,FL,mobile,5,0,20,27,2,0,0,0,97.749972,21.200028000000003,1.2168801315167628
16.82,fuel,60,CA,tablet,4,0,12,22,5,0,0,0,97.749972,-80.92997199999999,0.17207165878194156
8.72,fuel,21,FL,desktop,3,0,21,10,7,2,0,0,97.749972,-89.029972,0.08920718576566769
61.04,fashion,65,FL,tablet,3,0,5,6,2,0,0,1,97.749972,-36.709972,0.6244503003596737
73.46,fuel,33,IL,desktop,2,0,4,24,5,1,0,1,97.749972,-24.289972000000006,0.751509158984627
40.68,electronics,32,IL,desktop,3,0,21,12,9,0,0,0,97.749972,-57.069972,0.41616379781506435
119.08,grocery,65,FL,mobile,3,0,0,14,11,0,0,1,97.749972,21.330028,1.2182100551577646
220.44,fashion,60,NY,tablet,3,0,0,24,11,3,0,1,97.749972,122.690028,2.2551412878651127
23.56,entertainment,18,CA,mobile,0,0,8,29,7,4,0,0,97.749972,-74.189972,0.2410230844769645
127.01,entertainment,66,IL,desktop,2,0,3,12,1,4,0,1,97.749972,29.260028000000005,1.2993353972588821
82.02,fashion,67,FL,tablet,2,0,18,2,9,5,1,0,97.749972,-15.729972000000004,0.8390795156536769
225.41,electronics,63,FL,desktop,4,0,13,29,8,0,0,0,97.749972,127.660028,2.3059852916788017
141.44,electronics,53,IL,tablet,6,0,1,11,1,2,0,1,97.749972,43.690028,1.446956921410096
130.27,fuel,33,IL,desktop,2,0,11,29,7,5,1,0,97.749972,32.52002800000001,1.3326857901024691
14.51,fashion,66,FL,mobile,5,0,6,31,5,2,0,0,97.749972,-83.239972,0.1484399386995227
141.24,fuel,34,TX,tablet,3,0,14,16,10,2,0,0,97.749972,43.49002800000001,1.444910885039324
56.62,grocery,63,IL,tablet,3,0,22,4,4,0,0,1,97.749972,-41.129972,0.5792328965656083
45.24,fashion,21,NY,mobile,2,0,12,8,9,4,0,0,97.749972,-52.509972,0.4628134270686704
264.31,fashion,42,NY,desktop,1,0,8,30,6,3,0,0,97.749972,166.560028,2.703939365793994
24.08,fashion,21,FL,mobile,2,0,9,10,12,6,1,0,97.749972,-73.669972,0.2463427790409722
161.24,electronics,50,NY,desktop,2,0,20,30,1,6,1,0,97.749972,63.49002800000001,1.6495145221165433
41.13,grocery,53,IL,mobile,4,0,17,20,3,6,1,0,97.749972,-56.619972,0.42076737964930183
48.69,fuel,51,FL,mobile,5,0,10,21,9,2,0,0,97.749972,-49.059972,0.49810755446449073
50.78,grocery,51,IL,mobile,3,0,14,10,10,1,0,0,97.749972,-46.969972,0.5194886345390602
104.56,electronics,50,IL,mobile,5,0,9,9,3,3,0,0,97.749972,6.810028000000003,1.0696678146397034
19.68,fuel,58,FL,tablet,4,0,1,30,12,4,0,1,97.749972,-78.069972,0.20132997888398393
165.47,electronics,43,IL,desktop,7,0,11,20,8,1,0,0,97.749972,67.720028,1.692788191358375
39.95,grocery,33,FL,mobile,4,0,0,12,10,3,0,1,97.749972,-57.799972,0.4086957650617459
16.82,grocery,47,TX,desktop,6,0,20,3,3,4,0,0,97.749972,-80.92997199999999,0.17207165878194156
30.44,fuel,40,FL,mobile,1,0,19,31,8,3,0,0,97.749972,-67.309972,0.31140673563152804
20.36,fuel,46,TX,mobile,1,0,0,15,2,2,0,1,97.749972,-77.389972,0.2082865025446094
49.9,grocery,61,TX,tablet,2,0,20,10,1,0,0,0,97.749972,-47.849972,0.5104860745076625
184.41,electronics,44,NY,desktop,6,0,4,30,11,3,0,1,97.749972,86.660028,1.8865478356705019
43.83,fuel,53,CA,tablet,2,0,13,3,8,3,0,0,97.749972,-53.919972,0.44838887065472643
131.52,fashion,57,IL,mobile,4,0,3,18,5,5,1,1,97.749972,33.77002800000001,1.3454735174197952
103.48,entertainment,30,IL,desktop,4,0,21,1,3,1,0,0,97.749972,5.730028000000004,1.0586192182375336
128.86,electronics,39,FL,desktop,0,0,4,28,11,0,0,1,97.749972,31.110028000000014,1.318261233688525
103.26,fuel,38,IL,desktop,1,0,18,12,8,0,0,0,97.749972,5.5100280000000055,1.056368578229684
74.59,grocery,48,FL,tablet,3,0,15,5,12,0,0,0,97.749972,-23.159971999999996,0.76306926447949
12.1,electronics,59,NY,mobile,3,0,6,4,1,3,0,0,97.749972,-85.649972,0.12378520043171777
18.48,entertainment,57,NY,tablet,0,0,8,2,4,6,1,0,97.749972,-79.269972,0.18905376065935078
52.62,electronics,65,TX,desktop,3,0,6,10,5,4,0,0,97.749972,-45.129972,0.5383121691501643
21.9,fuel,67,CA,tablet,4,0,15,19,6,2,0,0,97.749972,-75.84997200000001,0.2240409825995553
16.18,electronics,41,TX,desktop,2,0,5,7,8,0,0,1,97.749972,-81.569972,0.16552434239547054
140.87,fuel,58,CA,mobile,3,0,2,13,1,4,0,1,97.749972,43.120028000000005,1.4411257177533954
15.95,grocery,21,FL,mobile,2,0,4,30,6,3,0,1,97.749972,-81.799972,0.1631714005690825
32.55,fuel,23,TX,mobile,4,0,5,30,9,0,0,1,97.749972,-65.199972,0.33299241934317464
140.01,electronics,20,CA,tablet,6,0,21,18,8,6,1,0,97.749972,42.26002799999999,1.4323277613590748
174.55,fashion,50,NY,tablet,4,0,6,14,9,5,1,0,97.749972,76.80002800000001,1.7856782425914328
234.38,entertainment,46,NY,mobile,2,0,5,24,4,6,1,1,97.749972,136.63002799999998,2.397750022907935
34.55,electronics,50,FL,desktop,2,0,4,22,1,5,1,1,97.749972,-63.199972,0.35345278305089656
140.23,grocery,22,TX,desktop,4,0,10,4,2,6,1,0,97.749972,42.48002799999999,1.434578401366924
63.24,fuel,57,CA,tablet,3,0,6,5,7,4,0,0,97.749972,-34.509972,0.6469567004381679
200.62,electronics,40,NY,mobile,3,0,13,28,8,6,1,0,97.749972,102.870028,2.0523790835215885
164.04,entertainment,44,CA,desktop,2,0,3,30,9,5,1,1,97.749972,66.29002799999999,1.6781590313073538
95.67,electronics,22,IL,mobile,6,0,12,13,5,5,1,0,97.749972,-2.079971999999998,0.9787214979588793
23.67,electronics,56,IL,mobile,0,0,11,14,4,6,1,0,97.749972,-74.079972,0.24214840448088923
51.78,entertainment,68,FL,desktop,5,0,22,11,10,2,0,1,97.749972,-45.969972,0.5297188163929212
46.28,electronics,61,NY,desktop,4,0,4,23,3,5,1,1,97.749972,-51.469972,0.47345281619668583
14.89,electronics,69,IL,tablet,1,0,19,7,12,2,0,0,97.749972,-82.859972,0.1523274078039899
86.25,grocery,38,NY,desktop,4,0,1,17,2,3,0,1,97.749972,-11.499972,0.8823531848955088
294.28,fashion,68,NY,tablet,3,0,18,7,4,6,1,0,97.749972,196.53002799999996,3.010537915954207
21.3,fuel,35,IL,mobile,1,0,15,4,10,4,0,0,97.749972,-76.449972,0.21790287348723872
102.96,fuel,52,CA,mobile,5,0,3,19,1,2,0,1,97.749972,5.210027999999994,1.0532995236735256
1.91,grocery,47,TX,desktop,3,0,16,5,9,3,0,0,97.749972,-95.839972,0.019539647340874457
97.75,grocery,48,TX,desktop,4,0,18,8,10,5,1,0,97.749972,2.800000000036107e-05,1.00000027621491
33.38,fuel,53,IL,desktop,2,0,4,30,6,3,0,1,97.749972,-64.36997199999999,0.3414834702818793
70.36,electronics,50,TX,mobile,2,0,10,2,6,3,0,0,97.749972,-27.389972,0.719795595237658
94.82,fashion,57,IL,tablet,4,0,6,15,6,3,0,0,97.749972,-2.9299720000000065,0.9700258433830974
50.76,entertainment,68,FL,desktop,3,0,8,17,5,1,0,0,97.749972,-46.989972,0.5192840309019829
209.66,entertainment,45,NY,mobile,4,0,9,26,7,2,0,0,97.749972,111.910028,2.1448599274804914
37.4,entertainment,42,FL,desktop,1,0,0,6,10,4,0,1,97.749972,-60.349972,0.38260880133440034
176.17,grocery,18,FL,desktop,1,0,16,3,9,6,1,0,97.749972,78.42002799999999,1.8022511371946874
91.76,grocery,49,CA,mobile,5,0,7,6,2,1,0,0,97.749972,-5.9899719999999945,0.9387214869102829
12.81,electronics,19,TX,desktop,3,0,12,22,1,0,0,0,97.749972,-84.939972,0.13104862954795907
101.24,fuel,56,TX,mobile,3,0,1,23,11,5,1,1,97.749972,3.4900279999999952,1.0357036108848847
3.11,entertainment,56,TX,tablet,2,0,11,23,2,2,0,0,97.749972,-94.639972,0.031815865565507626
45.21,electronics,39,CA,tablet,3,0,7,25,7,3,0,0,97.749972,-52.539972,0.4625065216130546
35.11,electronics,61,TX,tablet,1,0,17,1,12,4,0,0,97.749972,-62.639972,0.35918168488905877
39.33,electronics,38,CA,mobile,7,0,19,1,3,1,0,0,97.749972,-58.419972,0.402353052312352
7.06,grocery,29,CA,tablet,5,0,6,1,5,0,0,0,97.749972,-90.689972,0.07222508388825846
66.13,fashion,32,CA,tablet,4,0,14,26,2,6,1,0,97.749972,-31.619972000000004,0.6765219259958261
91.9,entertainment,69,IL,mobile,5,0,6,27,9,2,0,0,97.749972,-5.849971999999994,0.9401537123698235
39.21,fashion,48,NY,tablet,1,0,11,7,11,1,0,0,97.749972,-58.539972,0.40112543048988875
338.2,entertainment,57,TX,desktop,3,0,17,22,1,0,0,0,97.749972,240.45002799999997,3.459847502975781
2.11,fashion,20,NY,mobile,7,0,9,15,10,5,1,0,97.749972,-95.639972,0.021585683711646653
45.67,fuel,69,FL,mobile,1,0,9,9,3,2,0,0,97.749972,-52.079972,0.46721240526583063
71.07,grocery,31,IL,mobile,9,0,2,29,12,6,1,1,97.749972,-26.679972000000006,0.7270590243538992
22.11,electronics,39,FL,desktop,1,0,3,3,11,6,1,1,97.749972,-75.639972,0.2261893207888661
98.75,electronics,53,FL,mobile,5,0,5,9,1,6,1,1,97.749972,1.0000280000000004,1.010230458068771
19.53,entertainment,56,FL,mobile,0,0,10,17,2,5,1,0,97.749972,-78.219972,0.1997954516059048
245.13,grocery,19,FL,desktop,4,0,20,27,9,2,0,0,97.749972,147.38002799999998,2.5077244778369403
6.76,entertainment,31,NY,desktop,4,0,16,30,3,2,0,0,97.749972,-90.989972,0.06915602933210017
95.15,entertainment,51,FL,desktop,3,0,12,23,11,3,0,0,97.749972,-2.599971999999994,0.9734018033948716
101.18,entertainment,30,FL,mobile,3,0,22,12,7,1,0,1,97.749972,3.430028000000007,1.0350897999736532
71.03,grocery,29,TX,desktop,4,0,13,25,9,2,0,0,97.749972,-26.719972,0.7266498170797449
4.01,fuel,49,CA,desktop,4,0,9,3,2,4,0,0,97.749972,-93.739972,0.041023029233982496
12.76,fashion,62,FL,mobile,5,0,5,10,8,5,1,1,97.749972,-84.989972,0.130537120455266
121.1,fuel,23,CA,tablet,4,0,22,4,9,2,0,1,97.749972,23.350027999999995,1.2388750225025638
27.04,fashion,61,TX,desktop,4,0,5,27,4,5,1,1,97.749972,-70.709972,0.2766241173284007
49.98,entertainment,62,CA,mobile,1,0,22,25,4,1,0,1,97.749972,-47.769972,0.5113044890559714
21.53,fashion,47,CA,tablet,4,0,3,10,8,3,0,1,97.749972,-76.219972,0.22025581531362676
67.53,fuel,50,FL,mobile,1,0,13,4,11,4,0,0,97.749972,-30.219972,0.6908441805912315
100.43,electronics,54,NY,tablet,6,0,20,6,6,3,0,0,97.749972,2.680028000000007,1.0274171635832576
24.19,grocery,35,FL,desktop,3,0,6,30,7,6,1,0,97.749972,-73.559972,0.24746809904489694
17.84,grocery,36,IL,mobile,4,0,14,11,6,5,1,0,97.749972,-79.909972,0.18250644427287976
201.57,grocery,47,CA,tablet,1,0,7,29,7,0,0,0,97.749972,103.820028,2.062097756282756
52.28,entertainment,20,CA,desktop,2,0,19,13,6,3,0,0,97.749972,-45.469972,0.5348339073198517
24.27,electronics,35,NY,tablet,3,0,10,4,3,0,0,0,97.749972,-73.479972,0.2482865135932058
8.79,fashion,42,IL,mobile,0,0,12,19,2,5,1,0,97.749972,-88.959972,0.08992329849543794
8.41,grocery,59,CA,tablet,3,0,1,7,12,5,1,1,97.749972,-89.339972,0.08603582939097078
7.09,fashion,44,IL,tablet,3,0,16,17,11,4,0,0,97.749972,-90.659972,0.0725319893438743
115.02,fuel,32,CA,tablet,3,0,1,2,10,2,0,1,97.749972,17.270027999999996,1.176675516831089
97.98,entertainment,50,TX,mobile,4,0,18,23,1,0,0,0,97.749972,0.23002800000000434,1.0023532180412982
41.13,electronics,57,NY,mobile,5,0,11,6,1,5,1,0,97.749972,-56.619972,0.42076737964930183
56.5,entertainment,69,NY,desktop,4,0,14,10,12,1,0,0,97.749972,-41.249972,0.578005274743145
131.95,entertainment,55,IL,desktop,3,0,1,5,3,5,1,1,97.749972,34.20002799999999,1.3498724956169552
44.17,electronics,33,IL,desktop,2,0,10,26,7,1,0,0,97.749972,-53.579972,0.4518671324850392
6.75,fuel,43,FL,tablet,3,0,16,21,7,4,0,0,97.749972,-90.999972,0.06905372751356156
12.86,electronics,51,CA,tablet,3,0,13,12,5,4,0,0,97.749972,-84.889972,0.1315601386406521
0.56,fuel,43,NY,tablet,4,0,5,13,3,2,0,1,97.749972,-97.189972,0.005728901838162145
86.71,electronics,56,NY,desktop,3,0,3,24,12,6,1,1,97.749972,-11.039972000000006,0.8870590685482849
240.6,fuel,45,TX,desktop,8,0,7,26,5,4,0,0,97.749972,142.850028,2.4613817540389498
26.98,fashion,67,TX,mobile,3,0,12,21,10,0,0,0,97.749972,-70.769972,0.27601030641716906
39.79,grocery,55,NY,desktop,3,0,16,13,8,1,0,0,97.749972,-57.959972,0.4070589359651281
38.65,fuel,26,FL,mobile,6,0,8,5,7,2,0,0,97.749972,-59.099972,0.3953965286517266
94.08,fashion,46,NY,mobile,4,1,11,12,4,1,0,0,97.749972,-3.6699720000000013,0.9624555088112403
151.33,grocery,40,CA,desktop,1,0,11,7,3,3,0,0,97.749972,53.58002800000001,1.5481334199447812
50.68,fashion,38,NY,mobile,3,0,3,11,4,3,0,1,97.749972,-47.069972,0.518465616353674
378.45,entertainment,27,TX,tablet,2,0,19,2,5,3,0,0,97.749972,280.700028,3.871612322593685
52.32,grocery,56,CA,mobile,2,0,5,30,6,4,0,1,97.749972,-45.429972,0.5352431145940061
16.4,grocery,44,TX,tablet,3,0,15,3,3,3,0,0,97.749972,-81.34997200000001,0.16777498240331995
21.38,electronics,38,FL,mobile,3,0,14,24,3,4,0,0,97.749972,-76.369972,0.21872128803554758
21.87,grocery,38,IL,desktop,1,0,0,17,9,5,1,1,97.749972,-75.879972,0.22373407714393947
9.51,electronics,23,CA,desktop,2,0,4,25,9,6,1,1,97.749972,-88.239972,0.09728902943021785
89.88,entertainment,55,FL,tablet,5,0,20,25,5,3,0,0,97.749972,-7.869972000000004,0.9194887450250242
301.32,fashion,58,FL,tablet,4,0,2,4,7,3,0,1,97.749972,203.57002799999998,3.082558396205388
311.11,electronics,22,NY,desktop,4,0,20,6,5,0,0,0,97.749972,213.360028,3.1827118765546873
118.08,fashion,52,CA,mobile,2,0,20,22,2,3,0,0,97.749972,20.330028,1.2079798733039036
74.99,grocery,53,CA,mobile,4,0,7,8,6,2,0,0,97.749972,-22.759972000000005,0.7671613372210343
112.86,fuel,38,IL,tablet,3,0,0,23,12,5,1,1,97.749972,15.110028,1.1545783240267493
34.07,entertainment,47,FL,mobile,4,0,20,27,3,6,1,0,97.749972,-63.679972,0.34854229576104334
98.8,grocery,62,CA,mobile,1,0,20,7,12,3,0,0,97.749972,1.0500279999999975,1.0107419671614641
52.71,entertainment,57,TX,tablet,2,0,9,26,7,2,0,0,97.749972,-45.039972,0.5392328855170119
105.07,fashion,22,NY,mobile,3,0,0,29,1,5,1,1,97.749972,7.3200279999999935,1.0748852073851722
103.52,fuel,53,NY,tablet,3,0,9,16,5,3,0,0,97.749972,5.770027999999996,1.059028425511688
175.75,fashion,28,IL,mobile,3,0,8,7,4,6,1,0,97.749972,78.000028,1.797954460816066
33.66,fashion,30,IL,tablet,5,0,4,13,1,3,0,1,97.749972,-64.089972,0.3443479212009603
162.27,electronics,53,FL,mobile,3,0,23,13,3,0,0,1,97.749972,64.52002800000001,1.6600516094260203
83.08,fuel,60,FL,desktop,2,0,10,24,6,0,0,0,97.749972,-14.669972000000001,0.8499235084187696
271.43,grocery,29,IL,desktop,1,0,23,13,11,6,1,1,97.749972,173.680028,2.776778260593484
54.41,electronics,33,FL,desktop,3,0,13,1,4,5,1,0,97.749972,-43.339972,0.5566241946685755
158.08,electronics,58,NY,mobile,2,0,14,17,7,2,0,0,97.749972,60.33002800000001,1.6171871474583428
15.34,entertainment,67,CA,desktop,3,0,22,31,8,2,0,1,97.749972,-82.409972,0.15693098963822733
18.41,fuel,33,NY,mobile,1,0,4,28,11,3,0,1,97.749972,-79.339972,0.18833764792958052
64.46,electronics,31,IL,mobile,4,0,13,2,2,3,0,0,97.749972,-33.289972000000006,0.6594375222998783
77.3,fashion,41,NY,mobile,1,0,17,5,7,1,0,0,97.749972,-20.449972000000002,0.7907930573034532
34.52,entertainment,27,CA,desktop,3,0,23,23,12,5,1,1,97.749972,-63.229972,0.3531458775952808
64.88,fuel,63,IL,tablet,4,0,15,26,6,6,1,0,97.749972,-32.869972000000004,0.6637341986784998
48.75,entertainment,67,NY,mobile,5,0,3,12,10,5,1,1,97.749972,-48.999972,0.4987213653757224
72.36,entertainment,36,FL,tablet,1,0,12,18,1,1,0,0,97.749972,-25.389972,0.74025595894538
62.05,entertainment,60,TX,desktop,2,0,16,13,10,6,1,0,97.749972,-35.699972,0.6347827840320733
71.79,grocery,41,TX,desktop,2,0,7,15,10,5,1,0,97.749972,-25.959971999999993,0.7344247552886793
13.74,entertainment,31,NY,desktop,2,0,10,6,11,2,0,0,97.749972,-84.009972,0.14056269867204976
185.71,grocery,22,TX,desktop,1,0,3,18,5,5,1,1,97.749972,87.96002800000001,1.8998470720805214
125.19,fuel,58,NY,desktop,4,0,14,15,1,5,1,0,97.749972,27.440027999999998,1.2807164662848551
36.09,entertainment,68,CA,tablet,3,0,20,1,10,5,1,0,97.749972,-61.659971999999996,0.36920726310584256
130.81,entertainment,37,TX,mobile,4,0,0,25,8,6,1,1,97.749972,33.060028,1.338210088303554
77.7,grocery,34,TX,desktop,0,0,8,17,9,5,1,0,97.749972,-20.049971999999997,0.7948851300449976
10.86,fashion,27,IL,tablet,4,0,6,16,10,6,1,0,97.749972,-86.889972,0.11109977493293016
184.28,fashion,66,TX,mobile,2,0,11,1,10,5,1,0,97.749972,86.530028,1.8852179120295
28.76,electronics,64,IL,mobile,4,0,7,23,2,2,0,0,97.749972,-68.989972,0.29422003011704156
170.99,entertainment,34,FL,tablet,3,0,0,14,4,6,1,1,97.749972,73.24002800000001,1.7492587951916878
86.59,electronics,68,NY,tablet,5,0,15,21,3,0,0,0,97.749972,-11.159971999999996,0.8858314467258217
29.39,fuel,67,IL,desktop,4,0,21,25,1,2,0,0,97.749972,-68.359972,0.300665044684974
72.74,electronics,27,NY,desktop,1,0,10,28,8,0,0,0,97.749972,-25.009972000000005,0.7441434280498471
93.2,entertainment,57,NY,mobile,4,0,0,21,5,1,0,1,97.749972,-4.549971999999997,0.9534529487798427
31.94,fuel,33,TX,tablet,3,0,11,6,12,4,0,0,97.749972,-65.809972,0.3267520084123195
70.74,fashion,46,FL,tablet,3,0,5,6,9,2,0,1,97.749972,-27.009972000000005,0.7236830643421251
36.6,electronics,68,TX,mobile,2,0,3,24,3,6,1,1,97.749972,-61.149972,0.3744246558513116
17.8,electronics,27,IL,mobile,5,0,17,9,1,1,0,0,97.749972,-79.949972,0.18209723699872532
587.19,fashion,31,TX,mobile,2,0,4,9,12,5,1,1,97.749972,489.44002800000004,6.007060482768625
25.34,entertainment,39,FL,tablet,2,0,15,25,1,1,0,0,97.749972,-72.409972,0.259232808176837
58.73,grocery,54,FL,desktop,3,0,10,15,3,4,0,0,97.749972,-39.019972,0.6008185802772549
4.86,fashion,44,NY,mobile,3,0,8,9,9,0,0,0,97.749972,-92.889972,0.04971868380976433
51.48,grocery,34,CA,tablet,3,0,0,9,4,6,1,1,97.749972,-46.269972,0.5266497618367628
293.25,fuel,30,CA,desktop,9,0,8,13,11,2,0,0,97.749972,195.500028,3.00000082864473
147.54,grocery,60,CA,desktop,4,0,2,25,6,6,1,1,97.749972,49.79002799999999,1.5093610307186478
29.79,entertainment,20,FL,mobile,1,0,9,19,9,3,0,0,97.749972,-67.959972,0.30475711742651834
264.71,fuel,26,FL,tablet,3,0,1,30,3,3,0,1,97.749972,166.96002799999997,2.7080314385355377
101.45,fashion,68,TX,desktop,4,0,3,5,5,6,1,1,97.749972,3.700028000000003,1.0378519490741958
585.15,entertainment,21,IL,desktop,1,0,4,27,6,0,0,1,97.749972,487.40002799999996,5.986190911786748
106.18,electronics,31,CA,tablet,2,0,1,9,2,3,0,1,97.749972,8.430028000000007,1.0862407092429582
66.09,fashion,21,IL,desktop,0,0,23,8,4,0,0,1,97.749972,-31.659971999999996,0.6761127187216717
301.07,grocery,59,CA,mobile,3,0,17,28,10,4,0,0,97.749972,203.32002799999998,3.080000850741923
56.2,fashion,69,CA,tablet,6,0,21,30,12,5,1,0,97.749972,-41.549972,0.5749362201869866
3.17,electronics,23,FL,desktop,1,0,14,25,2,6,1,0,97.749972,-94.579972,0.032429676476739284
27.38,entertainment,25,IL,desktop,5,0,8,5,1,4,0,0,97.749972,-70.369972,0.28010237915871344
11.15,fashion,61,IL,mobile,2,0,2,21,6,4,0,1,97.749972,-86.599972,0.11406652767054985
108.87,grocery,23,NY,tablet,1,0,2,10,3,3,0,1,97.749972,11.120028000000005,1.1137598984298442
203.66,fashion,54,IL,tablet,1,0,2,24,3,3,0,1,97.749972,105.910028,2.0834788363573256
58.36,fashion,67,CA,tablet,7,0,16,12,8,0,0,0,97.749972,-39.389972,0.5970334129913264
190.1,electronics,44,FL,desktop,3,0,2,1,1,6,1,1,97.749972,92.350028,1.9447575704189708
23.19,grocery,58,TX,mobile,1,0,10,19,11,6,1,0,97.749972,-74.559972,0.23723791719103596
77.9,fuel,30,CA,tablet,6,0,18,24,9,1,0,0,97.749972,-19.849971999999994,0.7969311664157699
671.96,fashion,53,CA,desktop,4,0,5,12,5,6,1,1,97.749972,574.2100280000001,6.87427299852042
339.8,fuel,55,FL,mobile,1,0,19,29,4,4,0,0,97.749972,242.050028,3.4762157939419587
44.7,fashion,62,TX,desktop,1,0,7,25,4,0,0,0,97.749972,-53.049972,0.4572891288675855
104.59,fashion,40,IL,tablet,4,0,23,24,5,2,0,1,97.749972,6.840028000000004,1.0699747200953191
24.17,fuel,59,FL,desktop,1,0,18,29,3,4,0,0,97.749972,-73.579972,0.24726349540781972
49.98,fashion,49,FL,mobile,4,0,12,30,12,4,0,0,97.749972,-47.769972,0.5113044890559714
123.55,entertainment,28,TX,tablet,4,0,15,17,8,2,0,0,97.749972,25.800027999999998,1.2639389680445232
38.57,electronics,65,IL,mobile,1,0,3,5,8,0,0,1,97.749972,-59.179972,0.3945781141034177
206.14,grocery,51,IL,desktop,5,0,2,28,6,2,0,1,97.749972,108.39002799999999,2.1088496873549007
7.51,entertainment,57,NY,desktop,6,0,8,28,9,2,0,0,97.749972,-90.239972,0.0768286657224959
13.46,entertainment,58,NY,tablet,2,0,17,3,7,0,0,0,97.749972,-84.289972,0.1376982477529687
286.32,fuel,58,CA,tablet,0,0,18,7,10,5,1,0,97.749972,188.57002799999998,2.9291056683974737
4.96,electronics,32,CA,desktop,5,0,18,4,2,5,1,0,97.749972,-92.789972,0.05074170199515043
29.11,grocery,39,IL,mobile,3,0,8,21,3,1,0,0,97.749972,-68.639972,0.2978005937658929
24.43,electronics,54,NY,mobile,4,0,10,28,11,1,0,0,97.749972,-73.319972,0.24992334268982355
20.64,fuel,64,NY,tablet,4,0,13,8,8,1,0,0,97.749972,-77.109972,0.21115095346369048
67.84,entertainment,53,CA,tablet,4,0,18,5,7,4,0,0,97.749972,-29.909971999999996,0.6940155369659284
68.83,grocery,35,IL,tablet,4,0,11,21,4,4,0,0,97.749972,-28.919972,0.7041434170012507
271.6,electronics,49,TX,tablet,1,0,4,2,7,1,0,1,97.749972,173.850028,2.7785173915086405
18.13,fashion,24,IL,mobile,4,0,0,26,11,6,1,1,97.749972,-79.619972,0.1854731970104994
11.94,grocery,55,FL,mobile,1,0,13,23,12,5,1,0,97.749972,-85.809972,0.12214837133510001
15.05,grocery,42,IL,mobile,4,0,17,14,4,3,0,0,97.749972,-82.699972,0.15396423690060765
42.4,electronics,60,TX,mobile,2,0,11,10,3,3,0,0,97.749972,-55.349972,0.4337597106037052
85.04,entertainment,62,CA,mobile,3,0,6,3,9,6,1,0,97.749972,-12.709971999999993,0.8699746648523372
104.33,grocery,52,NY,tablet,5,0,2,26,12,1,0,1,97.749972,6.580027999999999,1.0673148728133153
425.86,grocery,49,FL,tablet,4,0,7,19,7,1,0,0,97.749972,328.110028,4.356625244285234
115.94,entertainment,29,CA,tablet,4,0,12,31,5,2,0,0,97.749972,18.190027999999998,1.1860872841366412
30.34,grocery,47,FL,tablet,3,0,9,31,5,1,0,0,97.749972,-67.409972,0.3103837174461419
3.59,entertainment,19,IL,desktop,5,0,23,9,2,2,0,1,97.749972,-94.159972,0.03672635285536089
136.55,grocery,67,IL,tablet,6,0,14,1,1,0,0,0,97.749972,38.80002800000001,1.3969313321447159
165.57,fuel,37,NY,tablet,3,0,8,27,4,2,0,0,97.749972,67.820028,1.6938112095437612
115.3,fuel,35,CA,desktop,6,0,15,29,7,0,0,0,97.749972,17.550027999999998,1.1795399677501701
149.88,electronics,30,FL,mobile,1,0,20,18,6,5,1,0,97.749972,52.130027999999996,1.5332996562566825
118.4,grocery,53,TX,desktop,3,0,16,15,12,6,1,0,97.749972,20.650028000000006,1.2112535314971393
32.05,fashion,57,NY,tablet,4,0,6,12,2,6,1,0,97.749972,-65.699972,0.3278773284162442
40.89,fuel,60,NY,desktop,2,0,0,7,6,2,0,1,97.749972,-56.859972,0.41831213600437517
89.43,fuel,54,NY,mobile,3,0,19,24,5,4,0,0,97.749972,-8.319971999999993,0.9148851631907868
40.84,fuel,57,NY,mobile,1,0,5,28,12,3,0,1,97.749972,-56.909971999999996,0.4178006269116822
205.88,grocery,24,CA,desktop,4,0,20,17,6,0,0,0,97.749972,108.130028,2.106189840072897
7.5,fashion,38,FL,desktop,3,0,0,5,1,2,0,1,97.749972,-90.249972,0.07672636390395729
232.69,fuel,54,CA,desktop,3,0,3,24,2,3,0,1,97.749972,134.94002799999998,2.3804610155749097
64.63,grocery,32,TX,mobile,0,0,11,2,5,0,0,0,97.749972,-33.119972000000004,0.6611766532150346
104.88,fashion,67,TX,mobile,2,0,11,7,2,0,0,0,97.749972,7.130027999999996,1.0729414728329387
3.96,fashion,54,TX,mobile,6,0,13,17,1,0,0,0,97.749972,-93.789972,0.040511520141289455
148.07,fashion,68,CA,mobile,2,0,2,8,9,6,1,1,97.749972,50.32002799999999,1.5147830271011942
11.03,electronics,36,CA,mobile,3,0,3,14,6,1,0,1,97.749972,-86.719972,0.11283890584808652
58.54,electronics,53,FL,desktop,2,0,13,29,10,6,1,0,97.749972,-39.209972,0.5988748457250214
108.28,electronics,30,IL,mobile,2,0,3,26,1,2,0,1,97.749972,10.530028000000001,1.1077240911360662
22.27,fashion,42,NY,mobile,2,0,9,30,1,0,0,0,97.749972,-75.479972,0.22782614988548386
78.64,grocery,62,NY,mobile,5,0,8,14,10,0,0,0,97.749972,-19.109972,0.8045015009876268
176.25,fuel,63,TX,tablet,1,0,9,13,5,4,0,0,97.749972,78.500028,1.8030695517429964
72.91,fuel,32,IL,tablet,1,0,9,13,11,6,1,0,97.749972,-24.839972000000003,0.7458825589650034
205.05,fuel,27,FL,tablet,2,0,1,19,3,5,1,1,97.749972,107.30002800000001,2.0976987891341925
91.08,grocery,64,FL,tablet,1,0,20,10,7,6,1,0,97.749972,-6.669972000000001,0.9317649632496574
44.51,entertainment,63,NY,desktop,4,0,14,7,2,1,0,0,97.749972,-53.239972,0.45534539431535187
42.42,grocery,60,FL,mobile,2,0,13,30,9,5,1,0,97.749972,-55.329972,0.43396431424078247
56.04,grocery,62,IL,desktop,1,0,8,10,10,3,0,0,97.749972,-41.709972,0.5732993910903689
50.61,electronics,34,FL,tablet,7,0,15,28,6,4,0,0,97.749972,-47.139972,0.5177495036239038
291.27,electronics,66,TX,mobile,2,0,22,16,1,6,1,1,97.749972,193.52002799999997,2.9797450685740854
252.82,fashion,26,NY,desktop,6,0,2,4,11,5,1,1,97.749972,155.07002799999998,2.586394576293131
158.61,fuel,50,NY,mobile,4,0,1,17,12,1,0,1,97.749972,60.860028000000014,1.622609143840889
8.84,fuel,69,IL,mobile,2,0,9,2,4,6,1,0,97.749972,-88.909972,0.090434807588131
36.2,electronics,59,TX,desktop,2,0,1,28,2,0,0,1,97.749972,-61.549972,0.37033258310976724
62.3,grocery,25,IL,tablet,5,0,0,13,1,4,0,1,97.749972,-35.449972,0.6373403294955385
4.11,electronics,59,TX,tablet,3,0,23,9,2,4,0,1,97.749972,-93.639972,0.0420460474193686
246.38,electronics,36,IL,tablet,1,0,22,2,12,5,1,1,97.749972,148.63002799999998,2.5205122051542665
88.9,grocery,24,FL,tablet,3,0,16,21,1,4,0,0,97.749972,-8.849971999999994,0.9094631668082406
62.61,grocery,65,NY,tablet,5,0,8,10,1,0,0,0,97.749972,-35.139972,0.6405116858702355
50.84,grocery,39,NY,desktop,4,0,17,2,7,1,0,0,97.749972,-46.909971999999996,0.5201024454502919
86.35,fashion,49,FL,tablet,5,0,19,21,4,4,0,0,97.749972,-11.399972000000005,0.8833762030808949
22.76,fashion,22,NY,desktop,1,0,10,12,6,6,1,0,97.749972,-74.989972,0.23283893899387575
31.45,fuel,47,CA,tablet,8,0,21,22,2,2,0,0,97.749972,-66.299972,0.32173921930392757
47.35,fashion,45,NY,mobile,2,0,19,11,3,0,0,0,97.749972,-50.399972,0.48439911078031705
1.52,fuel,54,FL,tablet,0,0,0,17,7,6,1,1,97.749972,-96.229972,0.01554987641786868
48.26,fuel,25,CA,tablet,2,0,12,13,11,0,0,0,97.749972,-49.489972,0.4937085762673305
12.02,fuel,51,TX,tablet,3,0,14,16,12,4,0,0,97.749972,-85.729972,0.12296678588340888
18.31,fashion,65,IL,mobile,1,0,11,25,2,5,1,0,97.749972,-79.439972,0.1873146297441944
194.19,entertainment,54,TX,mobile,5,0,1,15,11,4,0,1,97.749972,96.440028,1.9865990142012622
4.02,fuel,49,FL,tablet,3,0,9,31,8,5,1,0,97.749972,-93.729972,0.04112533105252111
146.0,fuel,46,CA,tablet,3,0,9,30,1,1,0,0,97.749972,48.250028,1.493606550663702
38.67,grocery,20,IL,mobile,1,0,6,24,6,0,0,0,97.749972,-59.079972,0.39560113228880384
30.73,grocery,52,IL,tablet,4,0,14,16,3,3,0,0,97.749972,-67.019972,0.3143734883691477
346.78,fuel,50,IL,desktop,2,0,22,2,3,2,0,1,97.749972,249.03002799999996,3.547622463281908
163.16,grocery,41,NY,tablet,4,0,19,24,8,5,1,0,97.749972,65.410028,1.6691564712759563
28.82,fuel,48,FL,desktop,8,0,0,18,11,4,0,1,97.749972,-68.92997199999999,0.29483384102827326
273.02,entertainment,32,IL,desktop,3,0,21,29,9,3,0,0,97.749972,175.27002799999997,2.7930442497411225
181.92,fuel,66,TX,tablet,3,0,4,23,10,2,0,1,97.749972,84.17002799999999,1.861074682854388
37.06,electronics,63,TX,mobile,4,0,13,8,4,0,0,0,97.749972,-60.689972,0.37913053950408765
27.12,fuel,25,FL,mobile,2,0,21,9,9,4,0,0,97.749972,-70.629972,0.2774425318767096
174.6,grocery,18,CA,desktop,0,0,7,6,6,3,0,0,97.749972,76.850028,1.7861897516841259
17.41,grocery,49,IL,mobile,6,0,10,20,7,5,1,0,97.749972,-80.339972,0.17810746607571953
22.26,electronics,65,CA,tablet,1,0,13,5,1,2,0,0,97.749972,-75.489972,0.22772384806694526
18.33,entertainment,68,NY,mobile,0,0,15,9,2,4,0,0,97.749972,-79.419972,0.1875192333812716
52.81,grocery,34,TX,desktop,2,0,19,25,11,0,0,0,97.749972,-44.939972,0.540255903702398
80.99,fuel,51,IL,tablet,2,0,6,1,4,0,0,0,97.749972,-16.759972000000005,0.8285424283442001
12.35,grocery,60,CA,tablet,5,0,0,17,1,0,0,1,97.749972,-85.399972,0.12634274589518302
13.74,entertainment,48,FL,tablet,5,0,15,7,2,1,0,0,97.749972,-84.009972,0.14056269867204976
75.95,fashion,21,TX,mobile,3,0,7,28,5,1,0,0,97.749972,-21.799971999999997,0.776982311800741
12.36,grocery,30,IL,desktop,2,0,18,16,2,4,0,0,97.749972,-85.389972,0.12644504771372161
17.6,fuel,55,IL,desktop,8,0,14,8,6,2,0,0,97.749972,-80.14997199999999,0.18005120062795313
32.47,grocery,56,FL,mobile,4,0,2,30,8,2,0,1,97.749972,-65.279972,0.33217400479486575
45.69,fashion,68,TX,mobile,5,0,7,4,2,5,1,0,97.749972,-52.059972,0.4674170089029078
39.9,fuel,22,FL,tablet,5,0,0,24,9,6,1,1,97.749972,-57.849972,0.4081842559690528
202.97,fashion,40,TX,desktop,7,0,3,18,4,3,0,1,97.749972,105.220028,2.0764200108781616
125.43,electronics,54,CA,mobile,3,0,0,3,6,4,0,1,97.749972,27.680028000000007,1.283171709929782
113.26,grocery,36,TX,mobile,5,0,8,11,9,2,0,0,97.749972,15.510028000000005,1.1586703967682939
81.39,entertainment,22,TX,desktop,0,0,16,25,12,0,0,0,97.749972,-16.359972,0.8326345010857445
0.59,electronics,30,TX,desktop,2,0,8,16,10,0,0,0,97.749972,-97.159972,0.006035807293777974
62.55,grocery,39,CA,desktop,3,0,18,29,6,5,1,0,97.749972,-35.199972,0.6398978749590039
16.03,grocery,62,NY,tablet,1,0,10,24,9,5,1,0,97.749972,-81.719972,0.1639898151173914
44.29,entertainment,57,TX,desktop,2,0,17,3,9,6,1,0,97.749972,-53.459972,0.45309475430750246
407.14,fashion,68,IL,mobile,0,0,20,28,2,1,0,0,97.749972,309.390028,4.165116239980956
162.56,fuel,43,FL,mobile,2,0,23,2,1,0,0,1,97.749972,64.810028,1.6630183621636399
89.0,fashion,30,CA,mobile,7,0,22,16,12,0,0,1,97.749972,-8.749972,0.9104861849936265
71.87,grocery,49,IL,desktop,1,0,17,29,12,3,0,0,97.749972,-25.879971999999995,0.7352431698369881
53.75,grocery,62,CA,tablet,3,0,23,10,4,2,0,1,97.749972,-43.999972,0.5498722746450273
84.37,fuel,25,TX,tablet,6,0,19,22,11,1,0,0,97.749972,-13.379971999999995,0.8631204430102503
275.16,grocery,56,FL,desktop,1,0,5,30,9,4,0,1,97.749972,177.410028,2.8149368389083853
66.65,fashion,51,NY,mobile,4,0,11,17,8,3,0,0,97.749972,-31.099971999999994,0.6818416205598339
20.19,electronics,31,IL,tablet,4,0,11,18,11,4,0,0,97.749972,-77.559972,0.20654737162945305
64.29,electronics,42,TX,mobile,0,0,10,14,12,5,1,0,97.749972,-33.45997199999999,0.657698391384722
52.22,fashion,30,FL,desktop,3,0,9,31,1,2,0,0,97.749972,-45.529972,0.53422009640862
104.88,electronics,25,TX,desktop,1,0,20,20,11,6,1,0,97.749972,7.130027999999996,1.0729414728329387
1.8,fashion,69,CA,tablet,3,0,16,2,8,4,0,0,97.749972,-95.949972,0.01841432733694975
19.1,fuel,39,CA,mobile,4,0,14,28,5,6,1,0,97.749972,-78.64997199999999,0.19539647340874458
20.66,electronics,52,NY,tablet,0,0,19,23,10,2,0,0,97.749972,-77.089972,0.2113555571007677
18.32,entertainment,30,CA,mobile,3,0,3,3,12,6,1,1,97.749972,-79.42997199999999,0.18741693156273304
197.81,fuel,69,IL,desktop,6,0,8,1,10,1,0,0,97.749972,100.060028,2.023632272512239
5.98,fuel,49,TX,desktop,2,0,1,22,11,2,0,1,97.749972,-91.769972,0.06117648748608862
125.42,fashion,23,CA,tablet,3,0,2,13,3,0,0,1,97.749972,27.670028000000002,1.2830694081112433
123.08,electronics,22,IL,tablet,3,0,15,25,6,6,1,0,97.749972,25.330028,1.2591307825732085
17.66,electronics,53,IL,mobile,1,0,14,15,7,4,0,0,97.749972,-80.089972,0.18066501153918477
31.81,grocery,40,TX,mobile,2,0,4,26,6,6,1,1,97.749972,-65.939972,0.3254220847713175
81.3,fuel,43,NY,mobile,3,0,18,23,5,0,0,0,97.749972,-16.449972000000002,0.831713784718897
16.4,grocery,38,TX,desktop,2,0,0,21,1,6,1,1,97.749972,-81.34997200000001,0.16777498240331995
22.82,grocery,54,CA,tablet,2,0,16,20,4,2,0,0,97.749972,-74.92997199999999,0.2334527499051074
4.49,entertainment,42,TX,tablet,4,0,16,12,5,3,0,0,97.749972,-93.259972,0.04593351652383577
65.64,fuel,34,TX,desktop,3,0,0,21,12,2,0,1,97.749972,-32.109972,0.6715091368874343
58.71,electronics,63,NY,tablet,2,0,3,13,5,4,0,1,97.749972,-39.039972,0.6006139766401777
200.79,grocery,58,TX,tablet,4,0,15,17,7,2,0,0,97.749972,103.04002799999999,2.0541182144367447
28.76,electronics,65,IL,desktop,3,0,11,5,8,5,1,0,97.749972,-68.989972,0.29422003011704156
41.87,fashion,43,CA,tablet,2,0,8,20,5,0,0,0,97.749972,-55.879972,0.4283377142211589
166.21,fashion,18,CA,desktop,7,0,8,18,12,2,0,0,97.749972,68.46002800000001,1.7003585259302323
7.26,fuel,61,IL,desktop,0,0,7,5,4,2,0,0,97.749972,-90.489972,0.07427112025903065
204.95,electronics,27,CA,mobile,3,0,2,1,1,6,1,1,97.749972,107.20002799999999,2.0966757709488064
0.94,grocery,47,CA,desktop,4,0,14,19,9,3,0,0,97.749972,-96.809972,0.009616370942629314
14.27,fuel,65,IL,tablet,1,0,14,14,10,4,0,0,97.749972,-83.479972,0.14598469505459608
41.55,entertainment,65,IL,tablet,4,0,21,8,12,4,0,0,97.749972,-56.199972,0.4250640560279234
295.23,fuel,32,TX,mobile,4,0,0,4,5,5,1,1,97.749972,197.480028,3.020256588715375
79.75,entertainment,44,NY,tablet,2,1,13,3,9,1,0,0,97.749972,-17.999972,0.8158570028454126
5.05,grocery,41,IL,tablet,5,0,3,27,9,4,0,1,97.749972,-92.699972,0.05166241836199791
291.35,fuel,68,FL,mobile,4,0,21,29,2,3,0,0,97.749972,193.600028,2.9805634831223946
152.02,grocery,63,IL,desktop,2,0,5,5,2,0,0,1,97.749972,54.27002800000001,1.555192245423945
99.84,fashion,42,FL,desktop,2,0,2,16,9,5,1,1,97.749972,2.0900280000000038,1.0213813562894796
16.06,entertainment,40,CA,tablet,1,0,1,28,12,5,1,1,97.749972,-81.689972,0.1642967205730072
1.29,electronics,49,TX,tablet,5,0,5,31,1,0,0,1,97.749972,-96.459972,0.013196934591480655
130.17,fuel,49,NY,desktop,3,0,8,3,11,3,0,0,97.749972,32.42002799999999,1.3316627719170826
86.92,grocery,48,FL,mobile,5,0,15,24,7,6,1,0,97.749972,-10.829971999999998,0.8892074067375958
43.06,fuel,38,CA,tablet,4,0,11,31,5,1,0,0,97.749972,-54.689972,0.4405116306272535
113.18,grocery,20,NY,desktop,1,0,14,19,8,0,0,0,97.749972,15.430028000000007,1.1578519822199849
170.05,grocery,35,TX,tablet,1,0,5,15,2,2,0,1,97.749972,72.30002800000001,1.7396424242490585
22.52,electronics,52,IL,tablet,7,0,10,23,5,0,0,0,97.749972,-75.229972,0.2303836953489491
25.44,electronics,54,FL,mobile,2,0,5,31,8,2,0,1,97.749972,-72.309972,0.26025582636222316
52.65,fashion,18,NY,mobile,2,0,10,10,4,2,0,0,97.749972,-45.099972,0.5386190746057802
31.52,grocery,54,TX,tablet,3,0,4,7,2,0,0,1,97.749972,-66.229972,0.32245533203369786
84.24,grocery,44,CA,mobile,1,0,2,27,6,0,0,1,97.749972,-13.509972000000005,0.8617905193692483
101.46,entertainment,36,FL,mobile,7,0,19,19,12,1,0,0,97.749972,3.710027999999994,1.0379542508927342
34.46,entertainment,29,NY,tablet,1,0,7,3,7,0,0,0,97.749972,-63.289972,0.35253206668404913
224.42,electronics,40,CA,mobile,4,0,14,14,5,5,1,0,97.749972,126.67002799999999,2.2958574116434796
79.44,grocery,21,NY,mobile,1,0,5,27,6,0,0,1,97.749972,-18.309972000000002,0.8126856464707156
110.69,grocery,69,NY,tablet,3,0,17,21,5,5,1,0,97.749972,12.940027999999998,1.132378829403871
14.11,fuel,27,IL,desktop,0,0,2,10,2,5,1,1,97.749972,-83.639972,0.14434786595797833
18.92,fuel,65,TX,mobile,3,0,4,3,12,6,1,1,97.749972,-78.829972,0.1935550406750496
47.95,fashion,63,IL,desktop,1,0,10,6,7,2,0,0,97.749972,-49.799972,0.49053721989263366
5.8,electronics,44,TX,desktop,3,0,8,10,8,3,0,0,97.749972,-91.949972,0.05933505475239364
87.48,fashion,47,IL,desktop,5,0,20,26,3,5,1,0,97.749972,-10.269971999999996,0.8949363085757579
5.34,electronics,42,TX,desktop,3,0,17,5,4,1,0,0,97.749972,-92.409972,0.054629171099617596
41.5,electronics,50,FL,mobile,3,0,2,27,2,1,0,1,97.749972,-56.249972,0.42455254693523037
13.86,electronics,53,NY,mobile,3,0,23,10,8,3,0,1,97.749972,-83.889972,0.14179032049451307
38.96,electronics,58,NY,desktop,2,0,6,5,1,2,0,0,97.749972,-58.789972,0.3985678850264235
77.24,fuel,66,FL,tablet,2,0,11,2,12,4,0,0,97.749972,-20.509972000000005,0.7901792463922215
123.86,fashion,65,IL,tablet,6,0,16,13,5,5,1,0,97.749972,26.110028,1.2671103244192201
10.03,fuel,21,NY,tablet,4,0,23,14,7,6,1,1,97.749972,-87.719972,0.10260872399422555
221.33,electronics,52,IL,desktop,3,0,20,30,8,2,0,0,97.749972,123.58002800000001,2.2642461497150492
174.33,electronics,18,CA,mobile,0,0,6,8,1,6,1,0,97.749972,76.58002800000001,1.7834276025835836
25.45,fashion,30,CA,mobile,5,0,22,25,4,0,0,1,97.749972,-72.299972,0.26035812818076176
176.84,fuel,58,NY,tablet,5,1,18,2,12,0,0,0,97.749972,79.090028,1.8091053590367745
39.67,fuel,26,NY,desktop,3,0,13,16,7,5,1,0,97.749972,-58.079972,0.4058313141426648
199.44,grocery,20,IL,desktop,3,0,7,29,3,2,0,0,97.749972,101.690028,2.0403074689340324
236.6,electronics,31,TX,mobile,7,0,9,16,8,2,0,0,97.749972,138.850028,2.420461026623506
59.53,entertainment,63,IL,mobile,2,0,0,1,8,0,0,1,97.749972,-38.219972,0.6090027257603438
106.39,fashion,37,FL,desktop,3,0,7,17,8,5,1,0,97.749972,8.640028000000001,1.0883890474322688
131.94,electronics,19,IL,desktop,2,0,14,6,6,1,0,0,97.749972,34.190028,1.3497701937984168
22.32,entertainment,64,TX,mobile,5,0,4,27,4,5,1,1,97.749972,-75.42997199999999,0.22833765897817693
246.85,grocery,60,TX,desktop,3,1,4,9,12,4,0,1,97.749972,149.100028,2.525320390625581
46.0,grocery,42,TX,desktop,3,1,9,8,12,4,0,0,97.749972,-51.749972,0.4705883652776047
330.99,fuel,36,NY,tablet,5,0,8,27,6,1,0,0,97.749972,233.240028,3.3860878918094435
62.79,grocery,45,IL,tablet,1,1,12,18,2,4,0,0,97.749972,-34.959972,0.6423531186039305
51.44,fashion,53,IL,desktop,5,0,0,12,8,0,0,1,97.749972,-46.309972,0.5262405545626084
31.12,electronics,26,CA,tablet,3,0,9,20,10,6,1,0,97.749972,-66.629972,0.3183632592921535
302.46,entertainment,19,NY,mobile,3,1,6,3,7,0,0,0,97.749972,204.71002799999997,3.0942208035187897
7.62,fashion,48,TX,mobile,4,0,19,10,1,0,0,0,97.749972,-90.129972,0.07795398572642061
61.07,grocery,51,FL,mobile,6,0,9,2,3,2,0,0,97.749972,-36.679972,0.6247572058152896
83.15,electronics,21,CA,desktop,2,0,13,8,3,4,0,0,97.749972,-14.599971999999994,0.85063962114854
198.14,electronics,50,NY,tablet,3,0,2,17,2,3,0,1,97.749972,100.39002799999999,2.027008232524013
64.21,grocery,51,TX,tablet,0,0,19,10,5,4,0,0,97.749972,-33.539972000000006,0.656879976836413
256.77,electronics,26,TX,tablet,6,0,11,4,1,3,0,0,97.749972,159.02002799999997,2.6268037946158818
19.02,fashion,60,FL,tablet,5,0,12,5,12,0,0,0,97.749972,-78.729972,0.1945780588604357
32.5,grocery,34,FL,mobile,4,0,1,9,10,2,0,1,97.749972,-65.249972,0.3324809102504816
109.65,fuel,42,CA,desktop,2,0,14,4,10,2,0,0,97.749972,11.900028000000006,1.1217394402758558
46.83,electronics,44,NY,desktop,3,0,4,13,10,4,0,1,97.749972,-50.919972,0.47907941621630934
2.65,fashion,64,CA,desktop,3,0,4,7,9,2,0,1,97.749972,-95.099972,0.027109981912731576
91.76,grocery,46,FL,mobile,6,0,4,1,9,6,1,1,97.749972,-5.9899719999999945,0.9387214869102829
77.72,entertainment,54,FL,mobile,2,0,13,9,2,2,0,0,97.749972,-20.029972,0.7950897336820748
29.06,fuel,30,IL,mobile,4,0,6,17,6,0,0,0,97.749972,-68.689972,0.29728908467319987
166.57,entertainment,41,NY,mobile,5,0,19,8,7,0,0,0,97.749972,68.820028,1.7040413913976222
8.73,fashion,58,NY,desktop,2,0,4,15,10,1,0,1,97.749972,-89.019972,0.0893094875842063
23.8,fuel,58,TX,mobile,0,0,15,16,2,4,0,0,97.749972,-73.949972,0.24347832812189116
30.55,entertainment,68,FL,mobile,3,0,7,17,7,0,0,0,97.749972,-67.199972,0.3125320556354527
24.54,fuel,58,CA,tablet,6,0,1,24,12,5,1,1,97.749972,-73.209972,0.25104866269374826
3.5,entertainment,18,NY,desktop,3,0,13,12,8,4,0,0,97.749972,-94.249972,0.035805636488513405
48.82,fashion,46,TX,mobile,4,0,3,11,3,0,0,1,97.749972,-48.929972,0.4994374781054927
45.64,fashion,62,NY,mobile,4,0,7,9,10,2,0,0,97.749972,-52.109972,0.4669054998102148
80.04,electronics,54,TX,mobile,0,0,18,19,12,0,0,0,97.749972,-17.709971999999993,0.8188237555830323
258.22,fuel,28,TX,tablet,2,0,4,10,6,5,1,1,97.749972,160.470028,2.6416375583039806
55.77,electronics,36,CA,tablet,6,0,22,30,10,6,1,1,97.749972,-41.979972,0.5705372419898265
84.93,electronics,51,CA,desktop,2,0,20,16,4,6,1,0,97.749972,-12.819971999999993,0.8688493448484125
49.73,grocery,53,TX,tablet,2,0,15,19,10,3,0,0,97.749972,-48.019972,0.5087469435925062
24.73,grocery,25,CA,tablet,1,0,20,24,9,1,0,0,97.749972,-73.019972,0.2529923972459819
91.11,entertainment,23,TX,desktop,3,0,14,20,9,1,0,0,97.749972,-6.639972,0.9320718687052733
21.87,electronics,37,CA,tablet,2,0,13,11,5,5,1,0,97.749972,-75.879972,0.22373407714393947
11.83,fashion,36,IL,mobile,2,0,3,22,8,3,0,1,97.749972,-85.919972,0.1210230513311753
191.09,fuel,54,FL,tablet,3,0,13,24,3,3,0,0,97.749972,93.340028,1.9548854504542934
88.78,fuel,50,CA,tablet,2,0,4,3,3,3,0,1,97.749972,-8.969971999999999,0.9082355449857772
49.1,grocery,25,FL,desktop,7,0,2,7,12,3,0,1,97.749972,-48.649972,0.5023019290245738
180.86,entertainment,39,TX,desktop,2,0,1,31,5,1,0,1,97.749972,83.11002800000001,1.8502306900892957
50.18,grocery,45,IL,mobile,1,0,5,8,1,0,0,1,97.749972,-47.569972,0.5133505254267436
223.08,fashion,31,IL,tablet,4,0,4,28,8,0,0,1,97.749972,125.33002800000001,2.282148967959306
297.56,electronics,63,IL,mobile,5,0,8,11,9,0,0,0,97.749972,199.810028,3.0440929124348712
119.33,grocery,22,FL,mobile,5,0,1,11,1,1,0,1,97.749972,21.580028,1.2207676006212298
61.76,entertainment,55,FL,tablet,2,0,17,29,10,5,1,0,97.749972,-35.989972,0.6318160312944536
25.62,fashion,33,IL,desktop,3,0,5,23,12,5,1,1,97.749972,-72.129972,0.26209725909591813
282.96,fashion,53,NY,desktop,0,0,12,6,2,0,0,0,97.749972,185.21002799999997,2.8947322573685006
149.22,electronics,35,NY,desktop,0,0,14,2,7,1,0,0,97.749972,51.470028,1.5265477362331343
66.27,grocery,38,CA,mobile,5,0,19,10,9,5,1,0,97.749972,-31.479972000000004,0.6779541514553666
260.63,fashion,45,NY,desktop,2,0,5,23,3,3,0,1,97.749972,162.88002799999998,2.6662922965717852
62.33,fuel,62,IL,tablet,3,0,6,1,7,0,0,0,97.749972,-35.419972,0.6376472349511544
309.37,entertainment,58,FL,mobile,3,1,13,27,10,6,1,0,97.749972,211.620028,3.1649113601289693
192.84,grocery,37,IL,desktop,2,0,23,3,3,4,0,1,97.749972,95.090028,1.97278826869855
33.72,fuel,65,NY,tablet,4,0,12,20,6,0,0,0,97.749972,-64.029972,0.344961732112192
184.52,fuel,22,TX,mobile,1,0,19,6,11,2,0,0,97.749972,86.77002800000001,1.8876731556744268
3.45,electronics,50,CA,tablet,2,0,18,13,3,0,0,0,97.749972,-94.299972,0.03529412739582036
246.63,grocery,35,NY,desktop,2,0,23,10,3,6,1,1,97.749972,148.88002799999998,2.5230697506177315
88.16,electronics,64,CA,mobile,2,0,12,6,12,2,0,0,97.749972,-9.589972000000003,0.9018928322363833
189.92,entertainment,65,FL,tablet,1,0,20,29,10,6,1,0,97.749972,92.17002799999999,1.9429161376852757
38.66,fashion,47,TX,desktop,4,0,20,16,8,4,0,0,97.749972,-59.089972,0.3954988304702652
219.94,fuel,60,NY,mobile,2,0,1,18,2,4,0,1,97.749972,122.190028,2.2500261969381823
197.35,fuel,30,TX,desktop,1,0,11,12,9,1,0,0,97.749972,99.600028,2.018926388859463
12.29,fuel,39,CA,desktop,1,0,11,14,2,1,0,0,97.749972,-85.459972,0.12572893498395135
3.77,electronics,68,TX,desktop,3,0,22,4,4,0,0,1,97.749972,-93.979972,0.03856778558905587
135.01,grocery,43,CA,desktop,2,0,12,14,8,6,1,0,97.749972,37.26002799999999,1.3811768520897698
178.13,entertainment,64,FL,mobile,1,0,13,16,9,5,1,0,97.749972,80.380028,1.8223022936282551
13.83,electronics,37,NY,mobile,4,0,23,30,3,2,0,1,97.749972,-83.919972,0.14148341503889725
48.98,fashion,58,IL,tablet,6,0,12,27,8,6,1,0,97.749972,-48.769972,0.5010743072021104
60.1,fuel,45,TX,mobile,9,0,14,29,10,6,1,0,97.749972,-37.649972,0.6148339294170445
154.9,entertainment,23,IL,mobile,2,0,13,12,12,1,0,0,97.749972,57.150028000000006,1.5846551691630648
366.5,grocery,47,TX,tablet,6,0,15,26,10,5,1,0,97.749972,268.750028,3.7493616494400466
76.88,grocery,59,IL,desktop,6,0,9,16,12,0,0,0,97.749972,-20.869972000000004,0.7864963809248315
42.71,fashion,25,NY,desktop,4,0,20,6,4,2,0,0,97.749972,-55.039972,0.43693106697840217
45.84,fuel,23,CA,desktop,3,0,13,2,6,4,0,0,97.749972,-51.909971999999996,0.468951536180987
1.08,electronics,29,FL,tablet,4,0,2,30,11,3,0,1,97.749972,-96.669972,0.011048596402169852
14.29,electronics,38,IL,tablet,2,0,15,23,5,3,0,0,97.749972,-83.459972,0.1461892986916733
253.67,grocery,40,CA,tablet,5,0,2,16,9,4,0,1,97.749972,155.920028,2.5950902308689128
32.11,fuel,47,FL,mobile,0,0,18,26,11,6,1,0,97.749972,-65.639972,0.3284911393274758
222.61,entertainment,66,CA,mobile,3,0,1,9,2,4,0,1,97.749972,124.86002800000001,2.2773407824879914
164.75,fuel,36,NY,tablet,3,0,9,2,2,2,0,0,97.749972,67.000028,1.6854224604235952
16.24,grocery,39,FL,desktop,4,0,2,16,1,0,0,1,97.749972,-81.509972,0.16613815330670217
59.8,entertainment,50,CA,tablet,4,0,22,27,4,2,0,1,97.749972,-37.949972,0.6117648748608862
54.19,electronics,55,IL,tablet,2,0,18,21,12,3,0,0,97.749972,-43.559972,0.5543735546607261
41.44,entertainment,63,FL,mobile,7,0,13,25,3,4,0,0,97.749972,-56.309972,0.4239387360239987
14.43,grocery,30,NY,desktop,4,0,2,12,8,5,1,1,97.749972,-83.319972,0.14762152415121382
44.19,fuel,50,IL,desktop,3,0,19,21,12,3,0,0,97.749972,-53.559972,0.4520717361221164
45.14,electronics,69,NY,mobile,7,0,5,5,10,5,1,1,97.749972,-52.609972,0.4617904088832843
155.61,entertainment,57,TX,desktop,2,0,0,29,6,3,0,1,97.749972,57.860028000000014,1.591918598279306
71.31,entertainment,61,TX,tablet,4,0,8,19,1,3,0,0,97.749972,-26.439971999999997,0.729514267998826
20.54,fashion,52,IL,mobile,4,0,15,6,5,5,1,0,97.749972,-77.209972,0.21012793527830437
87.89,fashion,65,FL,desktop,4,0,15,18,3,4,0,0,97.749972,-9.859971999999999,0.8991306831358409
47.22,fashion,47,TX,tablet,5,0,18,1,4,0,0,0,97.749972,-50.529972,0.4830691871393151
6.03,fashion,64,TX,desktop,2,0,19,13,9,2,0,0,97.749972,-91.719972,0.06168799657878167
92.44,fashion,38,TX,mobile,2,0,19,7,5,6,1,0,97.749972,-5.309972000000002,0.9456780105709083
0.16,fuel,38,IL,tablet,3,0,6,23,10,6,1,0,97.749972,-97.589972,0.0016368290966177557
48.71,fashion,36,TX,tablet,4,0,13,11,8,6,1,0,97.749972,-49.039972,0.498312158101568
182.85,fashion,34,NY,mobile,4,0,5,31,5,2,0,1,97.749972,85.100028,1.8705887519784787
117.69,fashion,40,CA,tablet,3,0,14,18,7,3,0,0,97.749972,19.940027999999998,1.2039901023808979
144.62,fashion,40,FL,desktop,1,0,11,1,7,4,0,0,97.749972,46.870028000000005,1.479488899705374
33.2,fashion,47,TX,mobile,2,0,16,23,1,6,1,0,97.749972,-64.549972,0.33964203754818434
186.91,fashion,63,FL,mobile,1,0,19,10,1,0,0,0,97.749972,89.160028,1.9121232903051544
24.85,fuel,38,NY,tablet,1,0,18,9,4,6,1,0,97.749972,-72.89997199999999,0.2542200190684452
8.36,fashion,63,IL,mobile,2,1,10,14,11,1,0,0,97.749972,-89.389972,0.08552432029827772
133.29,electronics,54,CA,desktop,4,0,11,3,8,3,0,0,97.749972,35.54002799999999,1.363580939301129
72.71,entertainment,20,FL,desktop,1,0,2,3,6,5,1,1,97.749972,-25.039972000000006,0.7438365225942313
89.09,electronics,33,FL,desktop,4,0,9,27,5,4,0,0,97.749972,-8.659971999999996,0.9114069013604741
163.1,fashion,35,IL,tablet,9,0,7,13,11,0,0,0,97.749972,65.350028,1.6685426603647247
37.68,fashion,64,CA,desktop,1,0,18,16,9,5,1,0,97.749972,-60.069972,0.38547325225348145
34.14,electronics,55,FL,tablet,4,0,13,29,5,2,0,0,97.749972,-63.609972,0.34925840849081363
38.81,fashion,29,TX,tablet,2,0,3,1,6,2,0,1,97.749972,-58.939972,0.39703335774834436
198.78,fashion,61,IL,tablet,2,0,2,8,7,0,0,1,97.749972,101.030028,2.033555548910484
28.16,fashion,46,IL,tablet,2,0,8,16,3,3,0,0,97.749972,-69.589972,0.288081921004725
31.74,fashion,26,IL,desktop,2,0,9,19,6,2,0,0,97.749972,-66.009972,0.3247059720415473
112.53,fuel,37,NY,mobile,4,0,18,28,9,2,0,0,97.749972,14.780028000000001,1.1512023640149753
88.34,grocery,21,IL,desktop,5,0,0,30,6,6,1,1,97.749972,-9.409971999999996,0.9037342649700784
95.22,electronics,25,IL,tablet,2,0,11,23,10,0,0,0,97.749972,-2.5299720000000008,0.9741179161246418
193.18,fuel,58,CA,desktop,2,0,15,12,2,5,1,0,97.749972,95.43002800000001,1.9762665305288627
23.1,electronics,18,FL,tablet,1,0,11,30,12,5,1,0,97.749972,-74.64997199999999,0.23631720082418847
14.75,entertainment,65,CA,tablet,2,0,23,10,5,2,0,1,97.749972,-82.999972,0.15089518234444935
151.34,grocery,28,NY,desktop,1,0,10,21,7,4,0,0,97.749972,53.590028000000004,1.5482357217633196
217.14,fashion,56,NY,desktop,3,0,2,1,10,5,1,1,97.749972,119.39002799999999,2.2213816877473715
6.71,entertainment,31,FL,desktop,0,0,3,21,11,0,0,1,97.749972,-91.039972,0.06864452023940713
13.68,electronics,49,IL,desktop,3,0,12,8,7,0,0,0,97.749972,-84.069972,0.1399488877608181
117.46,electronics,61,TX,mobile,0,0,2,9,3,5,1,1,97.749972,19.710027999999994,1.2016371605545098
93.24,fuel,48,IL,tablet,2,0,22,16,1,1,0,1,97.749972,-4.509972000000005,0.953862156053997
79.12,fuel,51,TX,mobile,3,0,15,5,6,6,1,0,97.749972,-18.629971999999995,0.8094119882774802
11.28,entertainment,27,FL,desktop,2,0,22,20,5,0,0,1,97.749972,-86.469972,0.11539645131155177
207.74,electronics,42,IL,tablet,2,0,5,8,6,5,1,1,97.749972,109.99002800000001,2.1252179783210785
5.44,grocery,39,IL,desktop,0,0,0,13,9,2,0,1,97.749972,-92.309972,0.0556521892850037
33.33,entertainment,47,CA,mobile,6,0,2,24,5,2,0,1,97.749972,-64.419972,0.3409719611891862
89.75,entertainment,58,TX,desktop,1,0,0,6,1,3,0,1,97.749972,-7.999972,0.9181588213840223
59.83,entertainment,25,NY,tablet,1,0,15,25,3,4,0,0,97.749972,-37.919972,0.612071780316502
59.25,grocery,30,IL,mobile,6,0,16,13,9,4,0,0,97.749972,-38.499972,0.6061382748412626
64.85,entertainment,62,CA,desktop,2,0,6,1,2,2,0,0,97.749972,-32.899972000000005,0.6634272932228841
81.35,grocery,51,IL,mobile,3,0,1,13,4,2,0,1,97.749972,-16.399972000000005,0.83222529381159
11.01,entertainment,43,IL,mobile,5,0,0,15,11,1,0,1,97.749972,-86.739972,0.11263430221100931
48.3,fuel,50,IL,mobile,0,0,19,12,10,2,0,0,97.749972,-49.449972,0.49411778354148495
18.22,electronics,19,CA,tablet,1,0,19,17,4,2,0,0,97.749972,-79.529972,0.1863939133773469
56.2,grocery,61,IL,mobile,9,0,20,30,7,5,1,0,97.749972,-41.549972,0.5749362201869866
7.54,entertainment,26,FL,mobile,3,0,0,13,10,4,0,1,97.749972,-90.209972,0.07713557117811173
141.37,electronics,69,TX,tablet,3,0,18,1,5,0,0,0,97.749972,43.620028000000005,1.4462408086803258
66.41,electronics,42,TX,desktop,6,0,8,3,2,5,1,0,97.749972,-31.339972000000003,0.6793863769149071
15.44,fuel,42,FL,mobile,3,0,0,18,3,4,0,1,97.749972,-82.309972,0.1579540078236134
155.13,fashion,44,TX,tablet,3,1,6,28,10,4,0,0,97.749972,57.380027999999996,1.5870081109894527
12.34,electronics,55,FL,mobile,1,0,4,26,4,4,0,1,97.749972,-85.409972,0.1262404440766444
187.16,fashion,24,NY,desktop,4,0,18,15,4,4,0,0,97.749972,89.410028,1.9146808357686196
206.25,grocery,46,NY,desktop,3,0,18,26,7,4,0,0,97.749972,108.500028,2.1099750073588255
250.59,entertainment,62,IL,tablet,3,0,4,5,11,6,1,1,97.749972,152.84002800000002,2.563581270759021
489.48,fashion,35,TX,desktop,4,0,21,16,4,6,1,0,97.749972,391.730028,5.007469413827869
57.59,fuel,59,FL,desktop,7,0,17,6,6,0,0,0,97.749972,-40.159971999999996,0.5891561729638535
92.42,entertainment,65,TX,mobile,6,1,18,6,3,0,0,0,97.749972,-5.329971999999998,0.9454734069338311
10.66,grocery,62,TX,mobile,1,0,12,4,12,2,0,0,97.749972,-87.089972,0.10905373856215797
190.28,grocery,20,CA,desktop,5,0,8,12,4,4,0,0,97.749972,92.530028,1.9465990031526659
31.66,fuel,47,TX,desktop,6,0,5,7,11,3,0,1,97.749972,-66.089972,0.3238875574932384
56.71,fuel,42,IL,tablet,4,1,13,3,10,1,0,0,97.749972,-41.039972,0.5801536129324558
189.7,grocery,51,IL,tablet,2,0,21,17,11,4,0,0,97.749972,91.95002799999999,1.9406654976774265
83.77,fashion,41,FL,desktop,6,0,23,13,7,3,0,1,97.749972,-13.979972000000004,0.8569823338979337
33.06,fashion,34,IL,tablet,2,0,9,24,11,6,1,0,97.749972,-64.689972,0.33820981208864376
268.43,fashion,66,IL,mobile,5,0,23,4,2,6,1,1,97.749972,170.680028,2.746087715031901
27.22,fuel,56,IL,mobile,3,0,6,18,4,3,0,0,97.749972,-70.529972,0.27846555006209567
16.31,entertainment,35,NY,tablet,4,0,17,5,6,0,0,0,97.749972,-81.439972,0.16685426603647247
241.68,fashion,68,NY,desktop,5,0,0,30,6,4,0,1,97.749972,143.930028,2.47243035044112
196.26,electronics,29,TX,desktop,7,0,0,28,1,5,1,1,97.749972,98.51002799999999,2.0077754906387546
2.37,fashion,53,IL,desktop,5,0,15,6,9,1,0,0,97.749972,-95.379972,0.024245530993650507
35.81,fuel,54,FL,mobile,9,0,8,19,7,1,0,0,97.749972,-61.939972,0.36634281218676146
57.28,entertainment,33,NY,tablet,3,0,13,26,3,6,1,0,97.749972,-40.469972,0.5859848165891566
40.61,fuel,19,NY,mobile,3,0,6,2,11,2,0,0,97.749972,-57.139972,0.4154476850852941
78.63,electronics,54,TX,desktop,2,0,18,26,9,1,0,0,97.749972,-19.119972000000004,0.8043991991690882
83.66,entertainment,60,CA,mobile,4,0,2,11,2,4,0,1,97.749972,-14.089972000000003,0.8558570138940089
42.41,fashion,59,IL,desktop,3,0,21,22,9,3,0,0,97.749972,-55.339972,0.4338620124222438
9.76,grocery,31,FL,desktop,2,0,13,19,12,1,0,0,97.749972,-87.989972,0.0998465748936831
357.57,electronics,66,FL,mobile,0,0,8,8,7,4,0,0,97.749972,259.820028,3.658006125485068
154.81,fashion,19,TX,mobile,4,0,9,26,4,1,0,0,97.749972,57.060028,1.5837344527962172
27.64,fuel,51,CA,mobile,3,0,13,28,6,2,0,0,97.749972,-70.109972,0.2827622264407173
226.16,fuel,68,CA,tablet,6,0,17,23,10,0,0,0,97.749972,128.410028,2.3136579280691976
3.19,grocery,21,TX,mobile,3,0,20,18,9,0,0,0,97.749972,-94.559972,0.0326342801138165
353.84,grocery,51,IL,tablet,3,0,10,6,1,3,0,0,97.749972,256.09002799999996,3.6198475471701665
3.92,fuel,26,NY,tablet,3,0,16,23,5,0,0,0,97.749972,-93.829972,0.04010231286713501
123.71,grocery,51,FL,mobile,3,0,15,14,8,0,0,0,97.749972,25.960027999999994,1.2655757971411408
1.14,grocery,58,CA,mobile,2,0,12,25,3,5,1,0,97.749972,-96.609972,0.011662407313401508
157.02,electronics,54,NY,desktop,4,0,4,18,6,5,1,1,97.749972,59.27002800000001,1.60634315469325
56.69,grocery,21,TX,tablet,2,0,0,18,1,2,0,1,97.749972,-41.059972,0.5799490092953785
0.14,grocery,39,TX,desktop,3,0,3,30,9,5,1,1,97.749972,-97.609972,0.0014322254595405363
13.19,entertainment,66,FL,tablet,3,0,12,27,11,0,0,0,97.749972,-84.559972,0.13493609865242623
20.17,grocery,49,NY,mobile,0,0,4,5,1,3,0,1,97.749972,-77.579972,0.20634276799237583
59.75,electronics,22,FL,desktop,4,0,9,11,4,3,0,0,97.749972,-37.999972,0.6112533657681931
189.11,electronics,42,IL,tablet,4,0,20,26,12,0,0,0,97.749972,91.36002800000001,1.9346296903836486
6.88,fuel,50,NY,mobile,3,0,17,12,1,3,0,0,97.749972,-90.869972,0.07038365115456349
3.53,entertainment,51,CA,mobile,4,0,23,16,3,5,1,1,97.749972,-94.219972,0.03611254194412923
134.83,fashion,50,NY,desktop,0,0,23,20,4,2,0,1,97.749972,37.08002800000001,1.3793354193560752
51.08,electronics,43,CA,tablet,5,0,9,25,3,0,0,0,97.749972,-46.669972,0.5225576890952185
41.94,fashion,44,TX,tablet,4,0,18,14,3,0,0,0,97.749972,-55.809972,0.4290538269509292
88.14,fuel,40,NY,tablet,5,0,14,7,11,3,0,0,97.749972,-9.609971999999999,0.9016882285993062
69.34,electronics,33,CA,mobile,3,0,4,6,5,4,0,1,97.749972,-28.409971999999996,0.7093608097467199
15.12,fashion,25,IL,tablet,3,0,17,10,10,1,0,0,97.749972,-82.629972,0.1546803496303779
36.17,fashion,55,TX,tablet,1,0,2,6,9,2,0,1,97.749972,-61.579972,0.3700256776541514
57.28,fuel,35,IL,mobile,5,0,0,28,2,2,0,1,97.749972,-40.469972,0.5859848165891566
106.75,grocery,20,FL,desktop,7,0,20,14,11,0,0,0,97.749972,9.000028,1.0920719128996588
42.07,electronics,39,TX,mobile,0,0,17,17,5,2,0,0,97.749972,-55.679972,0.4303837505919311
269.57,grocery,40,IL,mobile,5,0,7,7,4,3,0,0,97.749972,171.82002799999998,2.7577501223453025
23.04,electronics,62,TX,desktop,3,0,14,1,12,3,0,0,97.749972,-74.709972,0.2357033899129568
51.59,fuel,54,FL,mobile,2,0,16,8,10,6,1,0,97.749972,-46.159971999999996,0.5277750818406877
126.59,entertainment,26,CA,tablet,4,0,21,2,3,2,0,0,97.749972,28.840028000000004,1.2950387208802605
67.93,fuel,32,FL,mobile,0,0,12,30,7,6,1,0,97.749972,-29.819971999999993,0.694936253332776
112.85,electronics,46,IL,tablet,2,0,5,24,8,2,0,1,97.749972,15.100027999999995,1.1544760222082107
149.39,fuel,50,FL,desktop,3,0,14,31,12,5,1,0,97.749972,51.64002799999999,1.5282868671482905
212.16,electronics,35,TX,desktop,2,0,2,13,7,2,0,1,97.749972,114.410028,2.170435382115144
54.72,fuel,63,TX,desktop,3,0,3,22,6,3,0,1,97.749972,-43.029972,0.5597955510432724
12.03,grocery,53,IL,tablet,5,0,18,16,12,5,1,0,97.749972,-85.719972,0.1230690877019475
59.77,fuel,57,FL,mobile,3,0,8,26,2,6,1,0,97.749972,-37.979972,0.6114579694052704
54.71,entertainment,61,IL,tablet,6,0,0,11,11,4,0,1,97.749972,-43.039972,0.5596932492247338
63.31,grocery,39,TX,tablet,1,0,15,16,6,3,0,0,97.749972,-34.439972,0.6476728131679382
93.08,grocery,45,TX,desktop,2,0,6,11,11,0,0,0,97.749972,-4.669972000000001,0.9522253269573793
105.46,entertainment,66,FL,desktop,6,0,15,6,12,2,0,0,97.749972,7.710027999999994,1.0788749783081781
10.02,grocery,41,NY,tablet,2,0,23,8,9,3,0,1,97.749972,-87.729972,0.10250642217568694
54.67,fuel,19,CA,desktop,5,0,15,14,6,2,0,0,97.749972,-43.079972,0.5592840419505793
76.75,electronics,56,NY,desktop,1,0,13,2,4,5,1,0,97.749972,-20.999972,0.7851664572838296
127.45,grocery,52,FL,mobile,4,0,22,31,8,3,0,1,97.749972,29.700028000000003,1.303836677274581
189.07,fashion,38,CA,mobile,5,0,22,19,11,1,0,1,97.749972,91.320028,1.934220483109494
179.92,fashion,57,NY,desktop,1,0,22,19,5,4,0,1,97.749972,82.17002799999999,1.8406143191466662
83.37,grocery,64,IL,tablet,3,0,13,28,2,1,0,0,97.749972,-14.379971999999995,0.8528902611563893
63.0,fuel,40,CA,desktop,3,0,0,26,4,2,0,1,97.749972,-34.749972,0.6445014567932413
22.96,fashion,25,TX,mobile,4,0,12,6,12,2,0,0,97.749972,-74.789972,0.23488497536464795
41.24,grocery,45,IL,mobile,1,0,14,22,8,3,0,0,97.749972,-56.509972,0.4218926996532265
44.92,electronics,43,CA,desktop,3,0,8,1,6,2,0,0,97.749972,-52.829972,0.4595397688754349
100.32,electronics,33,FL,mobile,0,0,0,5,3,1,0,1,97.749972,2.5700279999999935,1.0262918435793327
181.96,fashion,33,FL,desktop,1,0,8,14,5,6,1,0,97.749972,84.21002800000001,1.8614838901285427
54.32,fuel,26,NY,desktop,3,0,14,19,3,1,0,0,97.749972,-43.429972,0.5557034783017281
2.58,fashion,27,FL,desktop,2,0,4,19,6,2,0,1,97.749972,-95.169972,0.02639386918296131
419.03,grocery,60,IL,tablet,3,0,1,22,4,5,1,1,97.749972,321.28002799999996,4.286753102223363
37.08,grocery,35,IL,tablet,2,0,6,30,8,4,0,0,97.749972,-60.669972,0.37933514314116484
79.6,electronics,67,FL,mobile,3,0,14,14,11,3,0,0,97.749972,-18.149972000000005,0.8143224755673334
25.63,entertainment,64,TX,desktop,3,0,16,23,7,5,1,0,97.749972,-72.119972,0.26219956091445673
176.33,entertainment,50,NY,tablet,0,0,13,4,5,3,0,0,97.749972,78.58002800000001,1.8038879662913054
48.32,fuel,62,IL,mobile,2,0,9,13,8,1,0,0,97.749972,-49.429972,0.4943223871785622
82.87,fuel,46,FL,tablet,0,0,22,28,10,4,0,1,97.749972,-14.879971999999995,0.8477751702294588
63.46,entertainment,37,TX,mobile,4,0,1,8,1,5,1,1,97.749972,-34.289972,0.6492073404460174
47.84,grocery,44,IL,mobile,3,0,13,11,2,6,1,0,97.749972,-49.909971999999996,0.489411899888709
68.91,fuel,44,FL,desktop,3,0,17,29,3,4,0,0,97.749972,-28.839972000000003,0.7049618315495596
289.56,fashion,48,FL,tablet,3,0,17,16,2,4,0,0,97.749972,191.810028,2.9622514576039833
61.54,grocery,55,TX,tablet,3,0,12,5,10,5,1,0,97.749972,-36.209972,0.6295653912866043
33.2,electronics,18,NY,desktop,5,0,19,27,1,5,1,0,97.749972,-64.549972,0.33964203754818434
116.02,fuel,31,TX,tablet,3,0,19,8,2,3,0,0,97.749972,18.270027999999996,1.18690569868495
163.93,entertainment,40,CA,tablet,5,0,2,12,7,2,0,1,97.749972,66.18002800000001,1.6770337113034293
210.4,grocery,60,IL,mobile,5,0,10,23,10,0,0,0,97.749972,112.650028,2.1524302620523486
46.96,fashion,60,CA,tablet,5,0,10,27,7,5,1,0,97.749972,-50.789972,0.48040933985731127
193.74,grocery,36,CA,mobile,4,0,7,15,12,6,1,0,97.749972,95.99002800000001,1.981995432367025
152.25,electronics,39,CA,desktop,3,0,9,3,9,6,1,0,97.749972,54.500028,1.5575451872503332
123.36,grocery,67,NY,tablet,3,0,19,27,7,3,0,0,97.749972,25.610028,1.2619952334922895
22.21,grocery,53,FL,desktop,1,0,23,26,1,4,0,1,97.749972,-75.539972,0.22721233897425222
52.97,electronics,68,IL,tablet,4,0,7,18,3,4,0,0,97.749972,-44.779972,0.5418927327990157
7.36,fuel,58,FL,mobile,4,0,20,5,10,2,0,0,97.749972,-90.389972,0.07529413844441676
94.85,fashion,44,IL,tablet,2,0,7,12,4,1,0,0,97.749972,-2.8999720000000053,0.9703327488387132
120.9,entertainment,19,IL,mobile,1,0,22,29,11,2,0,1,97.749972,23.150028000000006,1.2368289861317916
80.23,grocery,59,TX,tablet,0,0,18,6,7,2,0,0,97.749972,-17.519971999999996,0.8207674901352658
5.37,grocery,24,IL,mobile,7,0,23,28,7,6,1,1,97.749972,-92.379972,0.05493607655523342
449.86,entertainment,32,TX,mobile,4,0,21,4,11,0,0,0,97.749972,352.110028,4.602149608777897
106.28,entertainment,59,CA,tablet,1,0,18,24,3,3,0,0,97.749972,8.530028000000001,1.087263727428344
340.66,grocery,27,IL,mobile,1,0,3,20,10,3,0,1,97.749972,242.910028,3.4850137503362792
55.43,fuel,28,TX,desktop,3,1,0,11,3,0,0,1,97.749972,-42.319972,0.5670589801595137
78.84,grocery,48,IL,tablet,3,0,0,8,11,2,0,1,97.749972,-18.909971999999996,0.8065475373583991
80.68,entertainment,51,TX,desktop,1,1,0,4,12,0,0,1,97.749972,-17.069971999999993,0.8253710719695033
80.35,electronics,52,FL,desktop,3,0,23,10,8,3,0,1,97.749972,-17.399972000000005,0.8219951119577291
618.22,fashion,68,NY,tablet,2,0,22,22,2,1,0,1,97.749972,520.4700280000001,6.3245030256939305
57.31,grocery,48,IL,desktop,4,0,14,28,1,5,1,0,97.749972,-40.439972,0.5862917220447724
43.0,fuel,63,FL,mobile,2,0,18,25,1,3,0,0,97.749972,-54.749972,0.4398978197160218
188.89,fuel,49,TX,desktop,3,0,6,21,5,6,1,0,97.749972,91.14002799999999,1.932379050375799
67.63,grocery,60,CA,tablet,2,0,3,14,8,6,1,1,97.749972,-30.119972000000004,0.6918671987766175
86.39,fuel,68,IL,tablet,3,0,1,27,8,6,1,1,97.749972,-11.359971999999999,0.8837854103550494
204.64,electronics,51,CA,mobile,6,0,21,18,3,0,0,0,97.749972,106.89002799999999,2.0935044145741095
23.91,fuel,47,NY,mobile,4,0,23,13,2,1,0,1,97.749972,-73.839972,0.24460364812581586
32.03,fuel,38,IL,tablet,5,0,8,9,11,2,0,0,97.749972,-65.719972,0.327672724779167
236.56,fashion,47,FL,tablet,3,0,19,11,5,3,0,0,97.749972,138.810028,2.420051819349352
11.88,electronics,35,CA,tablet,4,0,3,24,8,2,0,1,97.749972,-85.869972,0.12153456042386837
52.95,fuel,18,NY,mobile,6,0,17,15,12,3,0,0,97.749972,-44.799972,0.5416881291619385
70.47,entertainment,40,NY,tablet,3,0,18,18,5,5,1,0,97.749972,-27.279972,0.7209209152415827
82.44,grocery,40,FL,desktop,3,0,15,14,9,5,1,0,97.749972,-15.309972000000002,0.8433761920322985
79.61,fashion,38,FL,mobile,3,0,6,12,5,6,1,0,97.749972,-18.139972,0.814424777385872
110.94,entertainment,37,IL,tablet,3,0,8,13,10,4,0,0,97.749972,13.190027999999998,1.1349363748673362
52.1,electronics,60,TX,desktop,3,0,9,13,12,4,0,0,97.749972,-45.649972,0.5329924745861567
43.0,fuel,52,CA,tablet,2,0,20,31,3,4,0,0,97.749972,-54.749972,0.4398978197160218
72.04,entertainment,59,IL,tablet,2,0,18,20,4,5,1,0,97.749972,-25.709971999999993,0.7369823007521445
13.43,entertainment,46,NY,desktop,3,0,13,22,8,0,0,0,97.749972,-84.319972,0.13739134229735286
39.35,entertainment,52,IL,tablet,0,0,7,9,6,3,0,0,97.749972,-58.399972,0.40255765594942927
0.09,fashion,32,TX,mobile,4,0,11,8,12,4,0,0,97.749972,-97.659972,0.0009207163668474875
357.0,entertainment,31,IL,mobile,4,0,6,24,5,2,0,0,97.749972,259.250028,3.6521749218283674
27.11,fashion,43,CA,desktop,3,0,2,15,12,4,0,1,97.749972,-70.639972,0.277340230058171
163.7,electronics,50,NY,desktop,1,0,14,3,6,0,0,0,97.749972,65.95002799999999,1.6746807694770411
269.0,fuel,30,CA,desktop,2,0,2,27,11,2,0,1,97.749972,171.250028,2.7519189186886015
32.49,electronics,29,NY,tablet,5,0,22,7,6,1,0,1,97.749972,-65.259972,0.332378608431943
205.93,fashion,58,NY,tablet,3,0,9,20,7,5,1,0,97.749972,108.18002800000001,2.1067013491655904
112.99,fuel,36,NY,desktop,2,0,19,7,2,2,0,0,97.749972,15.240027999999995,1.1559082476677514
90.67,electronics,18,FL,mobile,4,0,23,6,7,2,0,1,97.749972,-7.079971999999998,0.9275705886895744
29.08,entertainment,21,IL,tablet,2,0,12,7,3,3,0,0,97.749972,-68.669972,0.29749368831027706
65.61,grocery,37,NY,mobile,2,0,22,6,2,1,0,1,97.749972,-32.139972,0.6712022314318185
87.16,fuel,19,IL,mobile,5,0,16,13,8,6,1,0,97.749972,-10.589972000000003,0.8916626503825223
39.27,grocery,32,NY,mobile,2,0,21,2,11,5,1,0,97.749972,-58.479972,0.40173924140112044
436.9,electronics,69,CA,tablet,2,0,19,31,12,5,1,0,97.749972,339.15002799999996,4.4695664519518585
30.73,electronics,47,CA,desktop,0,0,0,12,10,5,1,1,97.749972,-67.019972,0.3143734883691477
328.96,entertainment,56,IL,mobile,3,0,12,30,8,4,0,0,97.749972,231.21002799999997,3.3653206226461054
472.94,entertainment,41,FL,mobile,5,0,11,8,9,4,0,0,97.749972,375.190028,4.838262205965008
47.49,fuel,60,IL,mobile,5,0,2,24,4,2,0,1,97.749972,-50.259972,0.48583133623985764
39.59,electronics,57,NY,mobile,4,0,2,31,3,4,0,1,97.749972,-58.159971999999996,0.40501289959435594
8.88,fuel,51,IL,tablet,5,0,18,13,10,3,0,0,97.749972,-88.869972,0.09084401486228545
224.61,grocery,47,CA,desktop,3,0,18,20,10,4,0,0,97.749972,126.86002800000001,2.297801146195713
30.79,fashion,30,FL,desktop,2,0,13,5,10,5,1,0,97.749972,-66.959972,0.31498729928037933
175.19,fuel,33,FL,mobile,5,0,6,25,10,1,0,0,97.749972,77.440028,1.7922255589779037
96.65,fuel,24,TX,tablet,2,0,7,12,8,0,0,0,97.749972,-1.099971999999994,0.988747076175663
31.52,fashion,35,TX,desktop,5,0,9,7,11,3,0,0,97.749972,-66.229972,0.32245533203369786
7.51,grocery,27,IL,desktop,1,0,21,2,6,6,1,0,97.749972,-90.239972,0.0768286657224959
74.83,fashion,47,CA,tablet,1,0,23,9,1,6,1,1,97.749972,-22.919972,0.7655245081244165
21.13,grocery,25,CA,mobile,3,0,4,14,1,4,0,1,97.749972,-76.619972,0.21616374257208235
63.91,entertainment,67,IL,desktop,4,0,12,22,4,5,1,0,97.749972,-33.839972,0.6538109222802547
9.92,grocery,45,NY,desktop,3,0,17,22,10,1,0,0,97.749972,-87.829972,0.10148340399030086
231.42,grocery,64,TX,tablet,3,0,21,16,7,1,0,0,97.749972,133.670028,2.367468684620506
52.22,electronics,33,IL,mobile,1,0,9,5,8,4,0,0,97.749972,-45.529972,0.53422009640862
521.48,grocery,68,FL,tablet,4,0,13,19,3,6,1,0,97.749972,423.730028,5.33483523315142
72.98,electronics,32,IL,desktop,3,1,16,19,6,0,0,0,97.749972,-24.769971999999996,0.7465986716947738
95.56,fashion,34,IL,desktop,3,0,23,28,9,5,1,1,97.749972,-2.1899719999999974,0.9775961779549546
19.75,entertainment,43,CA,tablet,2,0,8,1,10,5,1,0,97.749972,-77.999972,0.20204609161375423
402.17,entertainment,57,TX,mobile,4,0,4,16,4,5,1,1,97.749972,304.420028,4.114272236167268
6.96,electronics,18,FL,desktop,5,0,18,30,3,5,1,0,97.749972,-90.789972,0.07120206570287237
122.44,entertainment,32,CA,tablet,3,0,3,15,2,2,0,1,97.749972,24.690027999999998,1.2525834661867374
63.63,fuel,43,NY,mobile,2,0,20,13,5,0,0,0,97.749972,-34.119972,0.6509464713611737
15.56,grocery,53,CA,mobile,3,0,15,18,2,4,0,0,97.749972,-82.189972,0.15918162964607674
62.68,fuel,26,TX,desktop,4,1,11,9,10,6,1,0,97.749972,-35.069972,0.6412277986000058
116.44,entertainment,24,FL,tablet,2,0,12,4,5,2,0,0,97.749972,18.690027999999998,1.1912023750635716
45.0,fashion,45,IL,tablet,2,0,19,21,9,3,0,0,97.749972,-52.749972,0.4603581834237438
129.22,fuel,53,NY,desktop,4,0,6,28,12,5,1,0,97.749972,31.470028,1.3219440991559148
11.97,grocery,37,FL,desktop,4,0,18,28,5,1,0,0,97.749972,-85.779972,0.12245527679071586
55.71,fuel,43,TX,tablet,1,0,0,10,7,6,1,1,97.749972,-42.039972,0.5699234310785948
60.79,electronics,26,CA,mobile,2,0,11,20,3,6,1,0,97.749972,-36.959972,0.6218927548962085
1.28,fuel,51,CA,tablet,1,0,12,11,9,2,0,0,97.749972,-96.469972,0.013094632772942046
44.64,grocery,57,TX,desktop,0,0,11,18,4,0,0,0,97.749972,-53.109972,0.45667531795635385
154.34,fuel,20,FL,desktop,5,0,6,4,10,1,0,0,97.749972,56.590028000000004,1.5789262673249025
13.42,fuel,58,FL,desktop,6,0,5,18,1,1,0,1,97.749972,-84.329972,0.13728904047881427
121.97,fuel,24,FL,desktop,4,0,12,27,10,3,0,0,97.749972,24.220028,1.2477752807154228
160.17,fashion,42,NY,tablet,1,0,16,8,6,5,1,0,97.749972,62.42002799999999,1.6385682275329119
158.57,fuel,25,CA,mobile,2,0,4,24,5,2,0,1,97.749972,60.82002799999999,1.6221999365667343
250.2,fuel,34,FL,desktop,5,0,15,11,9,2,0,0,97.749972,152.45002799999997,2.5595914998360154
14.56,electronics,51,TX,tablet,5,0,21,20,1,5,1,0,97.749972,-83.189972,0.14895144779221578
208.67,fashion,52,CA,tablet,3,0,6,19,9,1,0,0,97.749972,110.92002799999999,2.134732047445169
215.71,fashion,65,TX,mobile,0,0,17,6,11,0,0,0,97.749972,117.96002800000001,2.2067525276963504
1.96,electronics,29,CA,desktop,4,0,8,24,6,4,0,0,97.749972,-95.789972,0.020051156433567505
7.15,fashion,53,IL,desktop,5,0,11,26,1,4,0,0,97.749972,-90.599972,0.07314580025510596
42.51,fuel,51,NY,mobile,4,0,1,2,6,3,0,1,97.749972,-55.239972,0.43488503060762995
165.0,fuel,34,FL,desktop,1,0,12,17,8,3,0,0,97.749972,67.250028,1.6879800058870604
123.76,electronics,27,FL,desktop,0,0,18,20,8,1,0,0,97.749972,26.010028000000005,1.266087306233834
26.11,electronics,43,NY,mobile,4,0,15,4,8,6,1,0,97.749972,-71.639972,0.26711004820431
28.72,fuel,53,FL,tablet,3,0,7,28,3,3,0,0,97.749972,-69.029972,0.2938108228428871
178.34,fuel,38,CA,mobile,4,0,6,29,7,0,0,0,97.749972,80.590028,1.824450631817566
205.21,grocery,60,CA,desktop,3,0,14,15,12,4,0,0,97.749972,107.46002800000001,2.0993356182308105
86.0,electronics,22,IL,desktop,5,0,1,23,8,1,0,1,97.749972,-11.749972,0.8797956394320436
265.81,fuel,30,NY,tablet,5,0,9,1,12,6,1,0,97.749972,168.060028,2.719284638574785
62.38,fuel,67,IL,desktop,4,0,11,23,8,1,0,0,97.749972,-35.369972,0.6381587440438475
29.83,fashion,22,TX,tablet,1,0,12,20,2,6,1,0,97.749972,-67.919972,0.3051663247006728
76.24,electronics,61,IL,tablet,2,0,1,1,7,5,1,1,97.749972,-21.509972000000005,0.7799490645383605
18.18,fashion,52,NY,tablet,1,0,2,26,7,4,0,1,97.749972,-79.569972,0.18598470610319248
204.04,fuel,62,NY,mobile,2,0,7,20,9,2,0,0,97.749972,106.29002799999999,2.0873663054617926
90.48,electronics,55,NY,desktop,3,0,20,3,7,2,0,0,97.749972,-7.269971999999996,0.9256268541373408
47.31,fashion,50,CA,tablet,4,0,3,21,12,3,0,1,97.749972,-50.439972,0.48398990350616267
20.89,grocery,40,IL,tablet,3,0,6,18,2,4,0,0,97.749972,-76.859972,0.21370849892715574
82.82,electronics,24,NY,tablet,2,0,17,10,7,6,1,0,97.749972,-14.929972000000006,0.8472636611367657
10.27,fashion,69,IL,tablet,2,0,9,19,6,2,0,0,97.749972,-87.479972,0.10506396763915218
289.34,fuel,57,CA,mobile,4,0,4,5,1,2,0,1,97.749972,191.59002799999996,2.9600008175961334
178.97,entertainment,55,CA,desktop,3,0,5,14,7,6,1,1,97.749972,81.220028,1.8308956463854982
34.25,electronics,48,CA,tablet,5,0,2,1,10,5,1,1,97.749972,-63.499972,0.3503837284947383
278.35,entertainment,22,CA,mobile,4,0,18,13,10,4,0,0,97.749972,180.600028,2.847571119022202
283.81,electronics,23,NY,desktop,1,0,7,21,11,1,0,0,97.749972,186.060028,2.9034279119442825
11.22,fashion,50,CA,tablet,3,0,8,29,8,3,0,0,97.749972,-86.529972,0.11478264040032012
32.84,grocery,62,FL,desktop,3,0,13,2,2,3,0,0,97.749972,-64.909972,0.3359591720807944
12.77,grocery,62,IL,tablet,4,0,14,29,11,1,0,0,97.749972,-84.979972,0.13063942227380462
13.57,entertainment,20,CA,desktop,2,0,18,9,8,1,0,0,97.749972,-84.17997199999999,0.1388235677568934
84.83,fuel,65,NY,tablet,3,0,0,21,4,3,0,1,97.749972,-12.919972000000001,0.8678263266630263
17.58,electronics,20,CA,tablet,3,0,2,3,12,5,1,1,97.749972,-80.169972,0.17984659699087588
268.87,electronics,56,TX,mobile,4,0,11,27,4,3,0,0,97.749972,171.120028,2.7505889950476
45.13,grocery,40,TX,desktop,1,0,0,9,3,2,0,1,97.749972,-52.619972,0.4616881070647457
63.62,fuel,19,FL,desktop,3,0,5,26,3,1,0,1,97.749972,-34.129972,0.650844169542635
147.5,fashion,45,NY,mobile,3,0,17,20,6,1,0,0,97.749972,49.750028,1.5089518234444934
162.36,grocery,65,NY,desktop,2,0,13,10,2,5,1,0,97.749972,64.61002800000001,1.6609723257928677
142.42,fuel,43,TX,mobile,4,0,9,13,8,1,0,0,97.749972,44.67002799999999,1.4569824996268796
138.52,entertainment,26,IL,desktop,1,0,5,27,7,2,0,1,97.749972,40.77002800000001,1.417084790396822
90.4,fuel,20,TX,tablet,4,0,18,20,9,2,0,0,97.749972,-7.349971999999994,0.924808439589032
208.69,entertainment,47,TX,tablet,2,0,15,16,1,6,1,0,97.749972,110.940028,2.1349366510822465
10.73,fashion,31,IL,desktop,6,0,21,2,4,5,1,0,97.749972,-87.019972,0.10976985129192825
8.23,electronics,33,NY,mobile,6,0,19,24,4,6,1,0,97.749972,-89.519972,0.08419439665727581
348.72,fuel,24,IL,desktop,2,0,3,15,4,0,0,1,97.749972,250.970028,3.5674690160783986
8.32,electronics,34,TX,mobile,5,0,2,9,7,6,1,1,97.749972,-89.42997199999999,0.08511511302412329
31.14,grocery,45,IL,desktop,2,0,19,17,11,4,0,0,97.749972,-66.609972,0.31856786292923067
78.09,electronics,32,CA,mobile,2,0,0,27,12,2,0,1,97.749972,-19.659971999999996,0.7988749009680034
58.79,electronics,47,IL,mobile,2,0,2,27,3,2,0,1,97.749972,-38.959972,0.6014323911884866
42.36,entertainment,67,TX,desktop,5,0,22,27,11,6,1,1,97.749972,-55.389972,0.4333505033295508
44.6,grocery,44,IL,mobile,4,0,23,30,1,1,0,1,97.749972,-53.149972,0.4562661106821994
5.15,fuel,44,NY,desktop,3,0,9,25,7,0,0,0,97.749972,-92.599972,0.052685436547384015
267.01,entertainment,63,IL,tablet,2,0,7,14,2,0,0,0,97.749972,169.26002799999998,2.731560856799418
56.7,fashion,40,CA,tablet,2,0,14,28,1,5,1,0,97.749972,-41.049972,0.5800513111139172
1.63,fuel,29,CA,desktop,6,0,22,22,6,2,0,1,97.749972,-96.119972,0.016675196421793385
73.06,fuel,18,NY,tablet,5,0,22,24,3,6,1,1,97.749972,-24.689971999999997,0.7474170862430827
143.13,entertainment,67,TX,mobile,1,0,20,24,6,5,1,0,97.749972,45.380027999999996,1.4642459287431209
302.47,electronics,47,TX,desktop,3,0,0,14,4,4,0,1,97.749972,204.720028,3.094323105337329
182.63,entertainment,45,CA,mobile,2,0,13,12,10,5,1,0,97.749972,84.880028,1.8683381119706295
6.62,fuel,66,CA,tablet,3,0,20,10,11,6,1,0,97.749972,-91.129972,0.06772380387255963
150.68,fuel,43,FL,mobile,6,0,19,29,5,2,0,0,97.749972,52.93002800000001,1.5414838017397714
75.43,fuel,63,CA,tablet,3,0,7,19,6,2,0,0,97.749972,-22.319971999999993,0.7716626172367332
11.94,grocery,44,IL,desktop,3,0,2,23,6,3,0,1,97.749972,-85.809972,0.12214837133510001
161.67,grocery,51,IL,tablet,3,0,9,6,2,0,0,0,97.749972,63.92002799999999,1.6539135003137033
162.73,entertainment,33,NY,tablet,2,0,8,14,5,5,1,0,97.749972,64.98002799999999,1.664757493078796
0.38,grocery,39,NY,mobile,2,0,0,15,10,6,1,1,97.749972,-97.369972,0.00388746910446717
26.88,electronics,53,IL,tablet,3,0,11,28,10,0,0,0,97.749972,-70.869972,0.2749872882317829
100.9,electronics,57,TX,tablet,1,0,2,7,4,4,0,1,97.749972,3.150028000000006,1.0322253490545723
34.51,electronics,39,FL,tablet,5,0,17,20,6,0,0,0,97.749972,-63.239972,0.35304357577674217
76.36,fuel,27,NY,tablet,4,0,0,21,7,4,0,1,97.749972,-21.389972,0.7811766863608238
107.01,grocery,45,IL,mobile,1,0,19,9,10,0,0,0,97.749972,9.260028000000005,1.0947317601816628
147.91,fuel,36,CA,tablet,5,0,2,27,6,1,0,1,97.749972,50.160028,1.5131461980045764
285.25,fuel,20,NY,desktop,5,0,21,29,6,5,1,0,97.749972,187.500028,2.9181593738138423
48.43,fuel,37,CA,tablet,3,0,22,21,9,5,1,1,97.749972,-49.319972,0.49544770718248693
149.88,grocery,48,IL,desktop,2,0,20,24,11,4,0,0,97.749972,52.130027999999996,1.5332996562566825
50.92,electronics,21,FL,desktop,4,0,2,22,12,3,0,1,97.749972,-46.829972,0.5209208599986007
78.04,entertainment,29,NY,mobile,4,0,8,25,2,5,1,0,97.749972,-19.709971999999993,0.7983633918753104
29.32,entertainment,54,IL,tablet,5,0,7,30,12,0,0,0,97.749972,-68.42997199999999,0.2999489319552037
30.76,fuel,32,CA,tablet,3,0,9,23,11,2,0,0,97.749972,-66.989972,0.31468039382476354
7.86,entertainment,58,IL,desktop,4,0,15,27,5,5,1,0,97.749972,-89.889972,0.08040922937134724
113.1,grocery,41,NY,desktop,2,0,23,25,2,5,1,1,97.749972,15.350027999999995,1.1570335676716759
141.15,grocery,29,CA,desktop,9,0,1,14,6,4,0,1,97.749972,43.400028000000006,1.4439901686724763
151.65,electronics,28,NY,desktop,9,0,0,8,4,0,0,1,97.749972,53.900028000000006,1.5514070781380165
4.03,electronics,68,FL,desktop,5,0,3,10,12,1,0,1,97.749972,-93.719972,0.041227632871059725
148.49,fashion,56,FL,desktop,1,0,12,23,2,3,0,0,97.749972,50.74002800000001,1.519079703479816
185.42,grocery,65,IL,desktop,3,0,17,3,3,3,0,0,97.749972,87.67002799999999,1.8968803193429014
38.16,fuel,30,NY,mobile,3,0,7,13,5,0,0,0,97.749972,-59.589972,0.39038373954333466
102.34,fashion,52,FL,desktop,0,0,18,24,11,3,0,0,97.749972,4.590028000000004,1.046956810924132
150.12,grocery,23,CA,mobile,3,0,6,9,11,5,1,0,97.749972,52.370028000000005,1.5357548999016093
41.3,entertainment,56,IL,mobile,5,0,3,26,1,2,0,1,97.749972,-56.449972,0.42250651056445815
77.66,fuel,57,IL,desktop,1,0,9,10,11,6,1,0,97.749972,-20.089972000000003,0.7944759227708431
27.69,fuel,63,FL,mobile,4,0,14,19,11,5,1,0,97.749972,-70.059972,0.28327373553341034
556.17,grocery,36,NY,mobile,4,0,19,22,12,6,1,0,97.749972,458.42002799999995,5.689720241661857
23.59,fuel,34,CA,tablet,1,0,4,23,3,3,0,1,97.749972,-74.159972,0.24132998993258034
94.36,fuel,53,NY,desktop,2,0,9,4,9,6,1,0,97.749972,-3.389972,0.9653199597303214
285.99,electronics,54,IL,mobile,1,0,12,12,5,4,0,0,97.749972,188.240028,2.9257297083857
2.62,grocery,35,TX,desktop,2,0,2,22,6,2,0,1,97.749972,-95.129972,0.02680307645711575
133.9,fuel,56,FL,desktop,3,0,3,24,4,6,1,1,97.749972,36.150028000000006,1.3698213502319843
2.68,electronics,46,NY,tablet,4,0,10,21,8,2,0,0,97.749972,-95.06997199999999,0.02741688736834741
48.26,electronics,20,FL,mobile,3,0,11,28,5,6,1,0,97.749972,-49.489972,0.4937085762673305
36.28,electronics,61,CA,desktop,5,0,1,12,3,6,1,1,97.749972,-61.469972,0.3711509976580761
66.14,fashion,32,TX,mobile,6,0,1,22,7,0,0,1,97.749972,-31.609972,0.6766242278143647
3.81,fuel,24,CA,desktop,3,0,4,1,9,6,1,1,97.749972,-93.939972,0.038976992863210304
27.43,electronics,36,TX,tablet,2,0,1,5,12,3,0,1,97.749972,-70.319972,0.2806138882514065
345.52,fuel,36,CA,tablet,2,0,1,17,10,3,0,1,97.749972,247.77002799999997,3.534732434146043
65.43,grocery,32,CA,desktop,3,0,13,5,7,2,0,0,97.749972,-32.31997199999999,0.6693607986981235
20.85,grocery,67,IL,tablet,4,0,1,4,9,2,0,1,97.749972,-76.89997199999999,0.2132992916530013
30.57,fashion,48,CA,tablet,3,0,17,22,1,0,0,0,97.749972,-67.17997199999999,0.3127366592725299
33.31,electronics,46,FL,desktop,6,0,1,4,6,1,0,1,97.749972,-64.439972,0.340767357552109
57.45,fashion,21,FL,desktop,3,0,20,9,8,4,0,0,97.749972,-40.299972,0.5877239475043129
27.92,fuel,54,CA,desktop,2,0,0,2,8,4,0,1,97.749972,-69.829972,0.28562667735979835
90.04,entertainment,51,TX,mobile,4,0,15,2,10,6,1,0,97.749972,-7.709971999999993,0.9211255741216421
18.27,grocery,18,IL,tablet,5,1,17,25,10,1,0,0,97.749972,-79.479972,0.18690542247003997
65.98,electronics,21,TX,tablet,1,0,8,20,10,4,0,0,97.749972,-31.769971999999996,0.674987398717747
48.61,grocery,69,FL,mobile,3,0,1,5,6,6,1,1,97.749972,-49.139972,0.4972891399161819
42.9,fashion,39,IL,tablet,6,0,22,15,3,1,0,1,97.749972,-54.849972,0.43887480153063574
28.36,grocery,32,IL,mobile,1,0,11,30,11,5,1,0,97.749972,-69.389972,0.2901279573754972
70.43,fashion,38,NY,tablet,1,0,3,24,2,4,0,1,97.749972,-27.319971999999993,0.7205117079674284
83.35,entertainment,64,IL,tablet,2,0,2,31,12,5,1,1,97.749972,-14.399972000000005,0.852685657519312
32.44,electronics,39,FL,mobile,1,0,16,6,9,4,0,0,97.749972,-65.309972,0.3318670993392499
6.22,fashion,59,CA,desktop,3,0,5,3,8,2,0,1,97.749972,-91.529972,0.06363173113101525
100.35,fashion,18,FL,mobile,5,0,3,30,6,4,0,1,97.749972,2.6000279999999947,1.0265987490349486
103.52,entertainment,21,CA,tablet,2,0,16,11,5,3,0,0,97.749972,5.770027999999996,1.059028425511688
79.2,entertainment,59,CA,mobile,2,0,22,1,11,2,0,1,97.749972,-18.549971999999997,0.8102304028257891
81.43,entertainment,49,NY,tablet,2,0,11,18,10,1,0,0,97.749972,-16.319971999999993,0.833043708359899
40.6,grocery,34,FL,tablet,2,0,19,18,8,3,0,0,97.749972,-57.149972,0.4153453832667555
4.25,entertainment,67,CA,tablet,4,0,11,9,9,0,0,0,97.749972,-93.499972,0.04347827287890913
452.98,fashion,33,NY,mobile,0,0,15,23,10,6,1,0,97.749972,355.230028,4.6340677761619435
1.02,fuel,59,TX,desktop,3,0,5,14,12,3,0,1,97.749972,-96.729972,0.010434785490938193
137.64,fashion,41,NY,mobile,3,0,0,27,12,4,0,1,97.749972,39.89002799999999,1.4080822303654241
55.9,grocery,63,NY,desktop,3,0,17,18,8,4,0,0,97.749972,-41.849972,0.5718671656308284
243.33,fuel,44,CA,tablet,2,0,21,26,6,0,0,0,97.749972,145.58002800000003,2.489310150499991
209.27,grocery,69,TX,tablet,4,0,6,11,11,4,0,0,97.749972,111.52002800000001,2.1408701565574857
188.52,entertainment,38,NY,desktop,4,0,12,6,4,2,0,0,97.749972,90.77002800000001,1.9285938830898708
13.16,fashion,20,FL,desktop,2,0,16,14,8,0,0,0,97.749972,-84.589972,0.1346291931968104
185.92,entertainment,34,NY,tablet,2,0,20,2,2,3,0,0,97.749972,88.17002799999999,1.901995410269832
31.52,fuel,63,FL,mobile,3,0,5,19,10,5,1,1,97.749972,-66.229972,0.32245533203369786
209.84,fashion,64,FL,mobile,4,0,16,25,8,4,0,0,97.749972,112.090028,2.1467013602141867
88.87,grocery,30,IL,tablet,3,0,19,19,2,0,0,0,97.749972,-8.879971999999995,0.9091562613526247
22.2,entertainment,58,TX,tablet,5,0,9,19,2,5,1,0,97.749972,-75.549972,0.2271100371557136
1.14,entertainment,18,TX,mobile,3,0,7,4,2,5,1,0,97.749972,-96.609972,0.011662407313401508
238.42,entertainment,54,IL,desktop,2,0,12,18,11,5,1,0,97.749972,140.670028,2.439079957597533
19.99,electronics,55,CA,tablet,4,0,18,9,7,5,1,0,97.749972,-77.759972,0.20450133525868083
324.21,fuel,68,FL,desktop,2,0,20,24,10,3,0,0,97.749972,226.46002799999997,3.316727258840266
70.55,entertainment,57,TX,desktop,0,0,13,13,11,0,0,0,97.749972,-27.199972000000002,0.7217393297898916
117.65,entertainment,30,CA,tablet,5,0,8,5,2,0,0,0,97.749972,19.900028000000006,1.2035808951067435
30.02,fashion,66,CA,desktop,2,0,11,23,11,2,0,0,97.749972,-67.729972,0.3071100592529064
80.23,entertainment,49,TX,tablet,2,0,20,2,8,4,0,0,97.749972,-17.519971999999996,0.8207674901352658
130.44,electronics,44,TX,mobile,2,0,8,19,9,0,0,0,97.749972,32.690028,1.3344249210176253
114.01,entertainment,51,TX,desktop,3,0,18,11,3,5,1,0,97.749972,16.260028000000005,1.1663430331586895
254.94,fashion,56,CA,desktop,2,0,11,1,3,1,0,0,97.749972,157.19002799999998,2.6080825618233163
337.12,grocery,61,TX,mobile,1,0,17,29,5,2,0,0,97.749972,239.370028,3.4487989065736113
29.15,fashion,36,FL,mobile,1,0,3,27,3,6,1,1,97.749972,-68.59997200000001,0.29820980104004735
19.47,fuel,37,FL,tablet,3,0,8,1,5,6,1,0,97.749972,-78.279972,0.19918164069467312
47.76,fashion,51,NY,tablet,3,0,17,9,11,5,1,0,97.749972,-49.989972,0.48859348534040004
73.27,grocery,47,IL,tablet,0,0,18,3,4,6,1,0,97.749972,-24.479972000000004,0.7495654244323934
158.74,electronics,42,IL,tablet,3,0,18,2,11,5,1,0,97.749972,60.99002800000001,1.623939067481891
191.74,entertainment,40,IL,desktop,1,0,12,4,11,4,0,0,97.749972,93.99002800000001,1.961535068659303
41.85,grocery,41,CA,desktop,3,0,16,24,5,4,0,0,97.749972,-55.899972,0.4281331105840817
29.04,grocery,47,FL,mobile,4,0,23,3,1,2,0,1,97.749972,-68.709972,0.2970844810361226
38.69,entertainment,62,FL,desktop,2,0,10,11,1,1,0,0,97.749972,-59.059972,0.39580573592588103
21.2,grocery,61,FL,mobile,4,0,22,17,11,6,1,1,97.749972,-76.549972,0.2168798553018526
68.95,fashion,58,IL,tablet,1,0,7,14,9,5,1,0,97.749972,-28.799971999999997,0.7053710388237141
230.17,grocery,53,CA,tablet,4,0,6,12,10,2,0,0,97.749972,132.420028,2.35468095730318
17.58,fashion,19,FL,mobile,4,0,4,4,7,3,0,1,97.749972,-80.169972,0.17984659699087588
87.76,electronics,48,TX,desktop,1,0,22,5,4,2,0,1,97.749972,-9.989971999999995,0.8978007594948391
52.88,fuel,68,IL,mobile,1,0,19,20,8,5,1,0,97.749972,-44.869972,0.5409720164321683
23.76,entertainment,55,TX,desktop,8,0,18,31,7,0,0,0,97.749972,-73.989972,0.24306912084773674
25.1,grocery,65,IL,desktop,5,0,0,1,6,3,0,1,97.749972,-72.64997199999999,0.2567775645319104
262.97,grocery,66,NY,mobile,5,0,13,30,8,4,0,0,97.749972,165.220028,2.69023092210982
161.41,entertainment,26,FL,desktop,2,0,14,28,8,2,0,0,97.749972,63.660028,1.6512536530316995
185.62,electronics,19,TX,mobile,3,0,21,3,12,6,1,0,97.749972,87.870028,1.8989263557136737
57.28,fuel,54,FL,mobile,2,0,1,28,7,3,0,1,97.749972,-40.469972,0.5859848165891566
15.19,fuel,40,IL,tablet,0,0,9,17,1,1,0,0,97.749972,-82.559972,0.15539646236014817
137.9,grocery,54,CA,desktop,5,0,14,12,10,2,0,0,97.749972,40.150028000000006,1.4107420776474282
24.99,fuel,28,TX,mobile,3,0,0,24,9,6,1,1,97.749972,-72.759972,0.2556522445279857
2.27,grocery,29,CA,mobile,4,0,15,19,1,2,0,0,97.749972,-95.479972,0.023222512808264408
40.18,fuel,64,FL,desktop,7,0,9,22,7,0,0,0,97.749972,-57.569972,0.4110487068881339
45.48,grocery,66,NY,tablet,3,0,18,18,8,4,0,0,97.749972,-52.269972,0.465268670713597
140.11,grocery,65,FL,tablet,4,0,16,6,12,1,0,0,97.749972,42.360028000000014,1.433350779544461
17.78,entertainment,49,FL,mobile,0,0,4,30,7,1,0,1,97.749972,-79.969972,0.1818926333616481
265.04,grocery,31,NY,desktop,1,0,12,2,10,0,0,0,97.749972,167.290028,2.7114073985473124
171.15,fuel,51,FL,desktop,5,0,11,10,4,0,0,0,97.749972,73.400028,1.7508956242883056
91.47,entertainment,53,CA,desktop,3,0,21,23,8,1,0,0,97.749972,-6.279972000000001,0.9357547341726632
152.86,entertainment,40,NY,tablet,3,0,9,4,12,2,0,0,97.749972,55.110028000000014,1.5637855981811883
19.92,fashion,47,FL,desktop,4,0,21,8,2,1,0,0,97.749972,-77.829972,0.2037852225289106
72.8,fuel,66,FL,mobile,5,0,6,16,8,4,0,0,97.749972,-24.949972000000002,0.7447572389610788
39.1,fuel,65,FL,tablet,2,0,7,27,1,5,1,0,97.749972,-58.649972,0.40000011048596407
76.25,grocery,26,CA,desktop,0,0,19,2,7,5,1,0,97.749972,-21.499972,0.7800513663568992
64.71,electronics,60,CA,tablet,6,0,4,23,10,0,0,1,97.749972,-33.039972000000006,0.6619950677633435
42.41,electronics,65,CA,tablet,1,1,0,13,4,2,0,1,97.749972,-55.339972,0.4338620124222438
106.23,entertainment,30,IL,tablet,4,0,14,3,7,6,1,0,97.749972,8.480028000000004,1.0867522183356513
55.78,electronics,52,TX,tablet,1,0,5,11,9,2,0,1,97.749972,-41.969972,0.5706395438083651
1.98,fashion,63,NY,desktop,5,0,11,4,1,2,0,0,97.749972,-95.769972,0.020255760070644727
246.62,electronics,30,FL,desktop,5,0,9,27,7,2,0,0,97.749972,148.870028,2.5229674487991933
128.06,fashion,60,IL,tablet,2,0,9,16,6,3,0,0,97.749972,30.310028000000003,1.3100770882054362
59.12,fuel,47,TX,tablet,1,0,5,19,8,5,1,1,97.749972,-38.629972,0.6048083512002607
0.93,grocery,20,FL,mobile,2,0,20,12,3,5,1,0,97.749972,-96.81997199999999,0.009514069124090705
162.49,electronics,41,FL,desktop,4,0,12,5,5,6,1,0,97.749972,64.74002800000001,1.6623022494338695
34.42,entertainment,48,CA,tablet,1,0,6,1,5,6,1,0,97.749972,-63.329972,0.3521228594098947
121.23,fashion,24,NY,mobile,6,0,21,20,5,5,1,0,97.749972,23.480028000000004,1.2402049461435658
384.0,grocery,61,TX,desktop,3,0,6,28,11,1,0,0,97.749972,286.250028,3.9283898318826136
300.05,electronics,68,IL,tablet,1,0,4,30,6,4,0,1,97.749972,202.300028,3.069566065250985
170.28,fuel,43,FL,mobile,3,0,13,4,12,0,0,0,97.749972,72.530028,1.7419953660754464
183.33,electronics,19,FL,mobile,3,0,11,30,9,0,0,0,97.749972,85.58002800000001,1.8754992392683323
31.48,fuel,50,FL,desktop,1,0,21,7,12,5,1,0,97.749972,-66.269972,0.3220461247595434
86.36,entertainment,60,TX,desktop,5,0,6,26,1,3,0,0,97.749972,-11.389972,0.8834785048994336
10.56,grocery,26,TX,mobile,1,0,16,22,4,4,0,0,97.749972,-87.189972,0.10803072037677187
27.5,fuel,25,FL,desktop,2,0,22,11,11,0,0,1,97.749972,-70.249972,0.2813300009811768
72.8,fuel,54,NY,tablet,5,0,21,9,10,0,0,0,97.749972,-24.949972000000002,0.7447572389610788
41.45,entertainment,67,IL,mobile,4,0,19,20,3,0,0,0,97.749972,-56.299972,0.4240410378425373
78.14,fuel,45,FL,tablet,5,0,7,13,1,3,0,0,97.749972,-19.609972,0.7993864100606964
48.81,electronics,41,IL,mobile,5,0,16,19,8,4,0,0,97.749972,-48.939972,0.4993351762869541
32.12,entertainment,43,FL,mobile,4,0,18,26,4,1,0,0,97.749972,-65.62997200000001,0.3285934411460144
85.4,fashion,37,CA,tablet,2,0,1,29,1,5,1,1,97.749972,-12.349971999999994,0.8736575303197271
62.49,fuel,56,CA,desktop,3,0,20,1,8,1,0,0,97.749972,-35.259972,0.6392840640477722
21.16,grocery,43,NY,mobile,3,0,1,6,3,0,0,1,97.749972,-76.589972,0.2164706480276982
37.99,grocery,59,FL,desktop,0,0,18,16,6,4,0,0,97.749972,-59.759972,0.3886446086281784
186.82,fashion,69,TX,mobile,1,0,20,21,12,5,1,0,97.749972,89.070028,1.911202573938307
143.88,entertainment,63,FL,mobile,3,0,16,13,12,4,0,0,97.749972,46.130027999999996,1.4719185651335167
137.69,electronics,35,TX,desktop,2,0,6,14,6,4,0,0,97.749972,39.940028,1.4085937394581174
2.5,grocery,60,FL,mobile,0,0,21,22,7,0,0,0,97.749972,-95.249972,0.025575454634652432
191.18,grocery,47,CA,tablet,1,0,21,10,7,2,0,0,97.749972,93.43002800000001,1.9558061668211408
201.63,fuel,57,IL,desktop,3,0,21,22,2,3,0,0,97.749972,103.880028,2.062711567193988
121.41,electronics,35,TX,mobile,4,0,19,21,3,0,0,0,97.749972,23.660027999999997,1.2420463788772607
205.5,entertainment,58,NY,mobile,3,0,20,10,6,0,0,0,97.749972,107.750028,2.10230237096843
56.54,fuel,41,IL,desktop,4,0,18,18,2,5,1,0,97.749972,-41.209972,0.5784144820172994
67.83,fuel,45,TX,mobile,5,0,21,25,2,4,0,0,97.749972,-29.919972,0.6939132351473898
70.27,grocery,65,IL,tablet,2,0,19,19,3,1,0,0,97.749972,-27.479972000000004,0.7188748788708105
263.23,grocery,39,TX,mobile,2,0,22,27,8,5,1,1,97.749972,165.480028,2.6928907693918243
13.38,entertainment,54,IL,desktop,5,0,18,11,10,4,0,0,97.749972,-84.369972,0.13687983320465982
26.92,grocery,38,IL,desktop,4,0,20,29,8,3,0,0,97.749972,-70.829972,0.2753964955059374
40.25,entertainment,25,CA,desktop,3,0,18,19,12,0,0,0,97.749972,-57.499972,0.4117648196179042
15.79,fashion,27,TX,desktop,2,1,11,6,6,3,0,0,97.749972,-81.959972,0.16153457147246475
239.88,electronics,23,IL,mobile,2,0,3,3,5,1,0,1,97.749972,142.13002799999998,2.45401602310417
67.18,fashion,44,IL,mobile,1,0,20,24,12,5,1,0,97.749972,-30.569971999999993,0.6872636169423803
52.7,fuel,36,TX,tablet,2,0,4,9,3,2,0,1,97.749972,-45.049972,0.5391305836984733
63.24,entertainment,20,NY,mobile,3,0,17,25,12,6,1,0,97.749972,-34.509972,0.6469567004381679
181.69,entertainment,44,CA,tablet,1,0,20,12,7,1,0,0,97.749972,83.940028,1.8587217410280001
115.43,electronics,54,IL,mobile,3,0,11,16,10,2,0,0,97.749972,17.680028000000007,1.1808698913911722
3.16,grocery,24,CA,desktop,5,0,17,16,8,1,0,0,97.749972,-94.589972,0.032327374658200674
118.9,grocery,64,IL,tablet,3,0,22,15,2,1,0,1,97.749972,21.150028000000006,1.2163686224240697
379.23,fuel,55,CA,mobile,3,0,21,7,9,5,1,0,97.749972,281.480028,3.8795918644396967
19.22,entertainment,29,NY,mobile,1,0,23,14,6,2,0,1,97.749972,-78.529972,0.19662409523120788
17.7,fashion,27,TX,desktop,1,0,1,12,2,5,1,1,97.749972,-80.049972,0.1810742188133392
33.56,fuel,62,IL,tablet,3,0,12,6,5,5,1,0,97.749972,-64.189972,0.3433249030155743
27.8,electronics,30,IL,desktop,2,0,21,15,5,6,1,0,97.749972,-69.949972,0.284399055537335
350.41,fuel,38,FL,desktop,2,0,21,24,7,0,0,0,97.749972,252.660028,3.584758023411424
0.71,entertainment,39,IL,mobile,7,0,21,3,12,6,1,0,97.749972,-97.039972,0.00726342911624129
0.38,entertainment,29,NY,desktop,1,0,21,26,6,6,1,0,97.749972,-97.369972,0.00388746910446717
69.39,entertainment,53,CA,tablet,3,0,9,21,7,4,0,0,97.749972,-28.359972,0.7098723188394129
63.79,fuel,28,TX,tablet,8,0,20,8,3,4,0,0,97.749972,-33.959972,0.6525833004577914
9.7,entertainment,36,FL,mobile,2,0,17,1,1,5,1,0,97.749972,-88.049972,0.09923276398245143
227.51,grocery,30,NY,desktop,3,0,1,18,1,3,0,1,97.749972,129.76002799999998,2.32746867357191
53.21,electronics,46,CA,mobile,1,0,4,30,9,4,0,1,97.749972,-44.539972,0.5443479764439424
374.89,electronics,30,NY,desktop,4,0,11,12,1,4,0,0,97.749972,277.140028,3.83519287519394
49.83,electronics,48,CA,desktop,2,0,12,5,7,4,0,0,97.749972,-47.919972,0.5097699617778922
303.79,fashion,21,NY,tablet,2,0,8,22,5,6,1,0,97.749972,206.040028,3.107826945384425
68.2,grocery,41,IL,mobile,4,0,21,23,1,6,1,0,97.749972,-29.549971999999997,0.6976984024333184
29.87,grocery,67,IL,tablet,6,0,11,26,5,3,0,0,97.749972,-67.879972,0.3055755319748273
76.48,fashion,57,NY,desktop,3,0,2,8,12,3,0,1,97.749972,-21.269971999999996,0.7824043081832872
252.72,electronics,48,TX,mobile,3,0,8,23,4,5,1,0,97.749972,154.970028,2.585371558107745
24.44,entertainment,23,IL,tablet,3,0,20,15,10,5,1,0,97.749972,-73.309972,0.2500256445083622
60.19,grocery,69,NY,desktop,4,0,6,8,11,1,0,0,97.749972,-37.559972,0.6157546457838919
272.92,entertainment,28,FL,desktop,0,0,3,23,9,5,1,1,97.749972,175.170028,2.792021231555737
65.24,electronics,65,NY,tablet,6,0,15,19,9,0,0,0,97.749972,-32.509972000000005,0.6674170641458899
324.91,fashion,62,IL,desktop,5,0,2,7,4,4,0,1,97.749972,227.160028,3.323888386137969
81.9,fuel,23,IL,mobile,6,0,17,3,9,1,0,0,97.749972,-15.849971999999994,0.8378518938312137
160.27,electronics,44,FL,tablet,3,0,16,29,12,3,0,0,97.749972,62.52002800000001,1.6395912457182982
17.0,entertainment,67,TX,tablet,4,0,22,1,6,2,0,1,97.749972,-80.749972,0.17391309151563653
161.12,entertainment,20,CA,desktop,2,0,17,5,5,3,0,0,97.749972,63.370028000000005,1.6482869002940799
206.85,electronics,43,TX,desktop,3,0,4,20,10,6,1,1,97.749972,109.100028,2.116113116471142
6.88,electronics,42,FL,mobile,3,0,7,2,10,0,0,0,97.749972,-90.869972,0.07038365115456349
131.63,entertainment,57,TX,mobile,4,0,22,8,5,6,1,1,97.749972,33.880027999999996,1.3465988374237199
66.75,fuel,64,FL,tablet,3,0,15,2,11,5,1,0,97.749972,-30.999972,0.68286463874522
99.92,grocery,44,IL,tablet,8,0,9,30,4,5,1,0,97.749972,2.170028000000002,1.0221997708377883
372.36,entertainment,51,CA,desktop,7,0,7,5,7,1,0,0,97.749972,274.610028,3.809310515103672
165.56,fuel,49,TX,mobile,2,0,19,22,6,5,1,0,97.749972,67.810028,1.6937089077252228
295.75,fashion,19,IL,tablet,3,0,11,23,9,5,1,0,97.749972,198.000028,3.0255762832793827
20.27,entertainment,32,IL,tablet,2,0,23,23,4,6,1,1,97.749972,-77.479972,0.2073657861777619
37.48,fashion,26,NY,tablet,5,0,4,21,12,3,0,1,97.749972,-60.269972,0.3834272158827092
41.33,fuel,30,CA,desktop,7,0,13,25,3,4,0,0,97.749972,-56.419972,0.422813416020074
99.26,fuel,58,IL,tablet,3,0,10,9,6,3,0,0,97.749972,1.5100280000000055,1.0154478508142402
56.53,fashion,39,IL,tablet,0,0,14,28,12,3,0,0,97.749972,-41.219972,0.5783121801987609
17.23,grocery,40,NY,tablet,2,0,2,3,6,5,1,1,97.749972,-80.519972,0.17626603334202456
38.37,grocery,48,CA,tablet,4,0,10,12,2,5,1,0,97.749972,-59.379972,0.3925320777326455
6.72,electronics,68,TX,desktop,5,0,7,22,8,1,0,0,97.749972,-91.029972,0.06874682205794573
24.93,fashion,58,TX,desktop,2,0,17,9,4,1,0,0,97.749972,-72.819972,0.25503843361675405
29.92,grocery,26,IL,desktop,7,0,0,22,10,5,1,1,97.749972,-67.829972,0.3060870410675203
20.07,entertainment,61,NY,tablet,3,0,5,17,3,4,0,1,97.749972,-77.67997199999999,0.20531974980698972
71.6,fashion,63,CA,mobile,2,0,11,13,8,1,0,0,97.749972,-26.149972000000005,0.7324810207364456
197.65,grocery,34,IL,mobile,5,0,12,16,11,2,0,0,97.749972,99.900028,2.021995443415621
368.06,fashion,53,NY,mobile,3,1,2,13,2,6,1,1,97.749972,270.310028,3.7653207331320697
22.75,fashion,43,TX,desktop,2,0,19,9,3,5,1,0,97.749972,-74.999972,0.23273663717533713
66.22,fuel,56,IL,desktop,5,0,12,7,3,3,0,0,97.749972,-31.529972,0.6774426423626736
9.1,fashion,30,FL,tablet,2,0,2,19,4,4,0,1,97.749972,-88.649972,0.09309465487013485
54.36,entertainment,47,FL,mobile,3,0,1,15,7,4,0,1,97.749972,-43.389972,0.5561126855758824
55.2,fashion,20,NY,mobile,1,0,0,4,6,1,0,1,97.749972,-42.549972,0.5647060383331257
105.31,fuel,25,NY,tablet,0,0,1,23,11,5,1,1,97.749972,7.560028000000003,1.077340451030099
45.38,fuel,67,CA,desktop,7,0,4,17,10,0,0,1,97.749972,-52.369972,0.464245652528211
91.86,fashion,41,FL,mobile,3,0,19,2,8,4,0,0,97.749972,-5.889972,0.939744505095669
0.81,grocery,47,FL,tablet,1,0,15,18,4,1,0,0,97.749972,-96.939972,0.008286447301627389
97.29,entertainment,52,TX,mobile,6,0,3,3,12,6,1,1,97.749972,-0.4599719999999934,0.9952943925621341
243.28,fashion,50,FL,tablet,3,0,1,19,8,5,1,1,97.749972,145.53002800000002,2.4887986414072976
53.0,electronics,34,NY,tablet,1,0,1,22,9,6,1,1,97.749972,-44.749972,0.5421996382546316
26.84,electronics,25,NY,tablet,5,0,2,26,5,6,1,1,97.749972,-70.909972,0.27457808095762853
233.59,fuel,67,FL,tablet,1,0,4,19,8,5,1,1,97.749972,135.84002800000002,2.3896681792433845
34.82,entertainment,46,IL,mobile,2,0,23,28,10,0,0,1,97.749972,-62.929972,0.35621493215143907
147.98,fashion,18,FL,tablet,2,0,11,30,1,0,0,0,97.749972,50.23002799999999,1.5138623107343467
76.21,grocery,37,IL,mobile,2,0,7,26,2,5,1,0,97.749972,-21.539972000000006,0.7796421590827447
95.79,grocery,33,CA,tablet,1,0,10,24,6,5,1,0,97.749972,-1.9599719999999934,0.9799491197813427
50.57,entertainment,29,NY,desktop,2,0,6,8,11,2,0,0,97.749972,-47.179972,0.5173402963497494
20.41,fashion,53,NY,mobile,4,0,8,21,5,5,1,0,97.749972,-77.339972,0.20879801163730247
9.72,entertainment,32,CA,desktop,3,0,7,17,3,3,0,0,97.749972,-88.029972,0.09943736761952866
51.42,fuel,57,IL,tablet,10,0,19,22,10,1,0,0,97.749972,-46.329972,0.5260359509255312
34.91,grocery,38,IL,tablet,3,0,22,30,11,2,0,1,97.749972,-62.839972,0.3571356485182865
174.11,entertainment,68,CA,mobile,4,0,18,26,1,3,0,0,97.749972,76.36002800000001,1.781176962575734
0.7,fashion,36,NY,mobile,6,0,3,13,3,6,1,1,97.749972,-97.049972,0.007161127297702681
23.53,entertainment,63,FL,tablet,5,0,4,8,5,0,0,1,97.749972,-74.219972,0.2407161790213487
76.06,fashion,51,IL,tablet,4,0,18,20,1,3,0,0,97.749972,-21.689971999999997,0.7781076318046656
3.4,fuel,28,IL,mobile,3,0,22,18,9,2,0,1,97.749972,-94.349972,0.03478261830312731
68.03,grocery,51,IL,desktop,2,0,11,7,4,3,0,0,97.749972,-29.719972,0.695959271518162
44.09,entertainment,29,TX,desktop,6,0,14,29,1,6,1,0,97.749972,-53.659971999999996,0.45104871793673035
126.85,fuel,58,IL,desktop,3,0,3,28,12,5,1,1,97.749972,29.100027999999995,1.2976985681622644
281.73,entertainment,58,FL,tablet,6,0,15,22,11,4,0,0,97.749972,183.980028,2.882149133688252
67.22,grocery,61,FL,mobile,2,0,13,9,8,4,0,0,97.749972,-30.529972,0.6876728242165345
86.09,entertainment,69,TX,mobile,3,0,4,10,8,5,1,1,97.749972,-11.659971999999996,0.8807163557988912
46.35,electronics,22,FL,tablet,2,0,19,16,11,2,0,0,97.749972,-51.399972,0.4741689289264561
192.39,electronics,49,TX,mobile,3,0,7,6,11,2,0,0,97.749972,94.64002799999999,1.9681846868643125
82.46,electronics,29,CA,tablet,3,0,12,29,1,5,1,0,97.749972,-15.289972000000006,0.8435807956693757
90.86,fuel,39,TX,mobile,2,0,22,6,10,3,0,1,97.749972,-6.889972,0.9295143232418079
74.39,fuel,55,IL,tablet,3,0,9,3,11,6,1,0,97.749972,-23.359972,0.7610232281087178
10.88,fuel,66,CA,tablet,0,0,6,11,7,1,0,0,97.749972,-86.869972,0.1113043785700074
33.43,grocery,39,FL,desktop,6,0,5,1,5,2,0,1,97.749972,-64.319972,0.3419949793745723
133.7,fashion,47,NY,mobile,2,0,7,17,12,1,0,0,97.749972,35.95002799999999,1.3677753138612119
12.83,electronics,61,TX,desktop,2,0,5,1,11,2,0,1,97.749972,-84.919972,0.1312532331850363
52.65,entertainment,64,NY,desktop,3,0,21,1,8,0,0,0,97.749972,-45.099972,0.5386190746057802
119.73,grocery,30,FL,desktop,1,0,18,20,9,4,0,0,97.749972,21.980028000000004,1.2248596733627743
94.25,grocery,34,FL,desktop,4,0,1,24,5,2,0,1,97.749972,-3.4999719999999996,0.9641946397263966
95.68,electronics,30,IL,mobile,3,0,4,17,8,3,0,1,97.749972,-2.069971999999993,0.978823799777418
33.62,fashion,32,NY,desktop,2,0,2,24,9,6,1,1,97.749972,-64.12997200000001,0.34393871392680586
0.74,electronics,30,FL,desktop,4,0,8,12,9,0,0,0,97.749972,-97.009972,0.0075703345718571196
163.84,entertainment,29,NY,tablet,3,0,9,15,8,3,0,0,97.749972,66.090028,1.6761129949365818
26.66,entertainment,38,TX,mobile,2,0,23,18,3,4,0,1,97.749972,-71.089972,0.2727366482239335
21.55,grocery,45,NY,desktop,3,0,16,4,1,1,0,0,97.749972,-76.199972,0.22046041895070398
180.17,grocery,38,TX,mobile,4,0,4,28,2,1,0,1,97.749972,82.42002799999999,1.8431718646101314
0.74,fashion,35,CA,tablet,0,0,10,5,11,6,1,0,97.749972,-97.009972,0.0075703345718571196
63.82,grocery,26,NY,tablet,7,0,8,25,5,2,0,0,97.749972,-33.929972,0.6528902059134073
116.61,fuel,35,FL,tablet,5,0,7,8,2,1,0,0,97.749972,18.860028,1.192941505978728
4.82,entertainment,36,CA,tablet,2,0,22,18,2,6,1,1,97.749972,-92.92997199999999,0.049309476535609895
120.17,entertainment,66,TX,mobile,3,0,23,25,11,4,0,1,97.749972,22.420028000000002,1.229360953378473
76.81,entertainment,62,CA,desktop,4,0,22,26,9,3,0,1,97.749972,-20.939971999999997,0.7857802681950613
9.18,fuel,39,CA,mobile,1,0,1,22,7,5,1,1,97.749972,-88.569972,0.09391306941844373
49.12,electronics,29,CA,tablet,2,0,12,11,7,3,0,0,97.749972,-48.629972,0.5025065326616509
236.91,entertainment,50,NY,tablet,1,0,13,31,1,1,0,0,97.749972,139.160028,2.423632382998203
51.53,fashion,59,FL,desktop,3,0,6,14,4,6,1,0,97.749972,-46.219972,0.527161270929456
295.38,grocery,66,FL,desktop,1,0,2,27,12,2,0,1,97.749972,197.63002799999998,3.0217911159934543
238.89,fuel,66,IL,desktop,2,0,20,1,12,6,1,0,97.749972,141.14002799999997,2.4438881430688477
211.82,fashion,68,CA,tablet,2,0,17,19,12,1,0,0,97.749972,114.070028,2.166957120284831
111.98,grocery,62,NY,desktop,3,0,9,20,11,6,1,0,97.749972,14.230028000000004,1.1455757639953517
316.94,grocery,40,IL,mobile,3,0,10,29,4,4,0,0,97.749972,219.19002799999998,3.2423538367626965
15.27,entertainment,58,CA,desktop,5,0,3,25,4,1,0,1,97.749972,-82.479972,0.15621487690845706
170.78,fuel,33,NY,tablet,1,0,4,8,10,1,0,1,97.749972,73.030028,1.747110457002377
24.69,fashion,28,CA,desktop,4,0,20,30,11,5,1,0,97.749972,-73.059972,0.25258318997182744
33.99,fashion,62,IL,desktop,4,0,3,21,6,2,0,1,97.749972,-63.759972,0.3477238812127345
87.14,grocery,30,TX,desktop,4,0,14,27,4,5,1,0,97.749972,-10.609971999999999,0.8914580467454452
20.52,fashion,62,NY,mobile,3,0,19,25,9,6,1,0,97.749972,-77.229972,0.20992333164122715
107.74,fashion,61,TX,tablet,6,0,16,8,3,1,0,0,97.749972,9.990027999999995,1.1021997929349812
26.26,fashion,68,NY,tablet,3,0,13,10,10,1,0,0,97.749972,-71.489972,0.2686445754823892
11.14,grocery,20,IL,tablet,7,0,3,23,10,6,1,1,97.749972,-86.609972,0.11396422585201124
134.25,electronics,22,IL,desktop,3,0,1,14,2,0,0,1,97.749972,36.500028,1.3734019138808355
84.01,electronics,67,NY,mobile,5,0,17,26,6,0,0,0,97.749972,-13.739971999999995,0.8594375775428603
9.59,fashion,36,IL,mobile,2,0,15,9,4,5,1,0,97.749972,-88.159972,0.09810744397852672
39.0,entertainment,59,FL,tablet,6,0,18,25,9,2,0,0,97.749972,-58.749972,0.39897709230057793
60.69,fuel,18,NY,desktop,3,0,14,31,7,2,0,0,97.749972,-37.059972,0.6208697367108225
10.32,fashion,28,TX,desktop,4,0,12,14,5,6,1,0,97.749972,-87.42997199999999,0.10557547673184524
312.17,fuel,53,NY,desktop,4,0,7,26,7,1,0,0,97.749972,214.420028,3.19355586931978
18.0,fashion,53,IL,mobile,5,0,22,11,12,0,0,1,97.749972,-79.749972,0.1841432733694975
56.64,grocery,42,NY,desktop,4,0,3,28,11,3,0,1,97.749972,-41.109972,0.5794375002026855
54.94,entertainment,47,CA,mobile,5,0,15,26,3,6,1,0,97.749972,-42.809972,0.5620461910511219
36.47,fuel,66,TX,desktop,2,0,17,16,7,5,1,0,97.749972,-61.279972,0.37309473221030964
241.93,fashion,27,NY,tablet,7,0,22,10,5,4,0,1,97.749972,144.180028,2.4749878959045852
16.42,fashion,56,FL,desktop,4,0,16,26,12,1,0,0,97.749972,-81.329972,0.1679795860403972
269.02,electronics,30,CA,desktop,4,0,23,5,9,1,0,1,97.749972,171.27002799999997,2.752123522325679
95.61,fashion,56,CA,desktop,2,0,1,7,4,3,0,1,97.749972,-2.139972,0.9781076870476476
80.62,grocery,54,NY,mobile,0,0,13,11,1,2,0,0,97.749972,-17.129971999999995,0.8247572610582716
41.89,electronics,53,TX,tablet,3,0,11,18,10,2,0,0,97.749972,-55.859972,0.42854231785823615
109.87,fuel,61,CA,mobile,4,0,13,12,12,0,0,0,97.749972,12.120028000000005,1.123990080283705
24.75,electronics,39,CA,tablet,2,0,21,4,11,5,1,0,97.749972,-72.999972,0.2531970008830591
21.26,entertainment,32,TX,tablet,2,0,19,18,1,1,0,0,97.749972,-76.489972,0.2174936662130843
5.63,electronics,56,FL,desktop,3,1,10,12,10,2,0,0,97.749972,-92.119972,0.05759592383723727
94.98,fuel,28,CA,desktop,1,0,1,12,3,6,1,1,97.749972,-2.7699719999999957,0.9716626724797153
46.48,entertainment,26,IL,desktop,3,0,13,30,4,6,1,0,97.749972,-51.269972,0.475498852567458
17.27,fashion,19,NY,mobile,4,0,10,2,1,1,0,0,97.749972,-80.479972,0.176675240616179
115.7,entertainment,25,NY,desktop,3,0,3,29,3,2,0,1,97.749972,17.950028000000003,1.1836320404917147
105.62,electronics,49,IL,desktop,1,0,18,23,9,0,0,0,97.749972,7.870028000000005,1.080511807404796
33.96,fuel,26,TX,tablet,7,0,23,26,11,6,1,1,97.749972,-63.789972,0.34741697575711866
76.69,electronics,54,FL,desktop,4,0,7,26,5,4,0,0,97.749972,-21.059972000000002,0.784552646372598
37.93,entertainment,22,NY,desktop,1,0,20,6,2,6,1,0,97.749972,-59.819972,0.3880307977169467
467.16,fashion,39,NY,desktop,1,0,7,17,4,0,0,0,97.749972,369.410028,4.7791317548496925
95.56,entertainment,41,NY,desktop,4,0,10,13,12,1,0,0,97.749972,-2.1899719999999974,0.9775961779549546
72.7,electronics,39,IL,mobile,1,0,0,12,3,5,1,1,97.749972,-25.049971999999997,0.7437342207756927
94.04,entertainment,32,CA,desktop,1,0,12,20,9,4,0,0,97.749972,-3.7099719999999934,0.9620463015370859
341.03,fuel,46,FL,tablet,4,0,20,21,11,3,0,0,97.749972,243.28002799999996,3.488798917622207
107.32,electronics,25,NY,desktop,4,0,10,3,3,6,1,0,97.749972,9.570027999999994,1.0979031165563595
136.24,electronics,23,NY,mobile,3,0,9,20,4,3,0,0,97.749972,38.49002800000001,1.393759975770019
246.32,fuel,28,IL,mobile,1,0,11,2,3,2,0,0,97.749972,148.57002799999998,2.5198983942430346
37.01,fuel,44,FL,desktop,1,0,1,22,5,6,1,1,97.749972,-60.739972,0.37861903041139455
53.21,electronics,66,IL,tablet,0,0,5,26,2,0,0,1,97.749972,-44.539972,0.5443479764439424
82.26,fuel,25,FL,tablet,4,0,16,5,10,2,0,0,97.749972,-15.489971999999995,0.8415347592986037
8.18,grocery,36,FL,desktop,6,0,22,15,4,5,1,1,97.749972,-89.569972,0.08368288756458275
14.67,electronics,33,IL,tablet,4,0,15,31,7,0,0,0,97.749972,-83.079972,0.15007676779614046
6.95,fashion,62,TX,desktop,1,0,16,16,12,5,1,0,97.749972,-90.799972,0.07109976388433376
26.76,fashion,25,TX,tablet,1,0,20,15,6,3,0,0,97.749972,-70.989972,0.27375966640931965
93.73,grocery,19,NY,tablet,2,0,1,23,3,3,0,1,97.749972,-4.019971999999996,0.958874945162389
85.69,electronics,33,CA,mobile,2,0,23,17,4,6,1,1,97.749972,-12.059972000000002,0.8766242830573467
6.8,electronics,21,CA,desktop,0,0,13,17,12,5,1,0,97.749972,-90.949972,0.06956523660625462
20.28,grocery,35,FL,mobile,2,0,2,23,1,1,0,1,97.749972,-77.469972,0.20746808799630054
314.27,grocery,46,NY,mobile,2,0,12,21,7,4,0,0,97.749972,216.52002799999997,3.215039251212888
23.67,grocery,29,FL,mobile,5,0,1,25,3,4,0,1,97.749972,-74.079972,0.24214840448088923
137.14,fashion,52,TX,desktop,6,0,7,18,7,1,0,0,97.749972,39.39002799999999,1.4029671394384937
160.9,electronics,19,CA,desktop,1,0,21,12,11,6,1,0,97.749972,63.150028000000006,1.6460362602862306
55.23,entertainment,62,FL,mobile,2,0,13,8,4,0,0,0,97.749972,-42.519972,0.5650129437887415
51.36,fuel,20,CA,tablet,2,0,3,1,3,4,0,1,97.749972,-46.389972,0.5254221400142995
36.59,fashion,26,NY,mobile,5,0,18,5,11,5,1,0,97.749972,-61.159971999999996,0.37432235403277303
70.25,fashion,66,NY,desktop,3,0,18,8,4,4,0,0,97.749972,-27.499972,0.7186702752337333
130.04,electronics,25,NY,mobile,6,1,6,3,5,1,0,0,97.749972,32.29002799999999,1.3303328482760808
123.16,electronics,19,CA,desktop,1,0,5,12,8,5,1,1,97.749972,25.410027999999997,1.2599491971215173
32.73,grocery,61,CA,desktop,4,0,18,20,5,5,1,0,97.749972,-65.019972,0.3348338520768696
327.47,electronics,30,NY,mobile,5,0,21,19,11,1,0,0,97.749972,229.720028,3.350077651683853
49.31,entertainment,34,CA,desktop,1,0,4,4,10,4,0,1,97.749972,-48.439972,0.5044502672138846
59.19,fashion,53,IL,tablet,2,0,3,27,1,5,1,1,97.749972,-38.559972,0.6055244639300309
45.11,fashion,36,FL,desktop,2,0,8,31,7,0,0,0,97.749972,-52.639972,0.4614835034276685
49.3,fashion,48,CA,tablet,3,0,17,11,5,3,0,0,97.749972,-48.449972,0.5043479653953459
315.7,electronics,22,NY,tablet,5,0,16,4,5,3,0,0,97.749972,217.95002799999997,3.229668411263909
113.48,electronics,35,TX,desktop,3,0,16,14,2,0,0,0,97.749972,15.730028000000004,1.1609210367761433
21.71,fuel,59,IL,tablet,3,0,22,25,9,2,0,1,97.749972,-76.039972,0.22209724804732173
10.69,fashion,49,CA,desktop,5,0,18,7,5,6,1,0,97.749972,-87.059972,0.10936064401777379
22.36,entertainment,22,FL,desktop,4,0,19,19,7,4,0,0,97.749972,-75.389972,0.22874686625233134
38.11,fashion,27,CA,desktop,5,0,18,12,8,5,1,0,97.749972,-59.639972,0.3898722304506417
54.71,entertainment,66,IL,desktop,4,0,23,9,10,0,0,1,97.749972,-43.039972,0.5596932492247338
139.96,fashion,57,TX,mobile,2,0,3,6,5,5,1,1,97.749972,42.21002800000001,1.4318162522663818
160.95,fashion,36,IL,tablet,4,0,19,3,5,4,0,0,97.749972,63.20002799999999,1.6465477693789234
41.91,entertainment,29,CA,desktop,3,0,13,15,1,0,0,0,97.749972,-55.839972,0.42874692149531335
4.28,fuel,68,CA,desktop,4,0,13,10,10,3,0,0,97.749972,-93.469972,0.043785178334524964
70.58,grocery,66,NY,mobile,7,0,19,3,3,3,0,0,97.749972,-27.169972,0.7220462352455075
6.71,fashion,29,IL,desktop,1,0,14,3,5,1,0,0,97.749972,-91.039972,0.06864452023940713
220.74,grocery,28,IL,desktop,2,0,13,10,9,6,1,0,97.749972,122.99002800000001,2.2582103424212714
90.55,fashion,53,IL,mobile,5,0,10,13,5,4,0,0,97.749972,-7.1999720000000025,0.926342966867111
284.72,grocery,22,IL,mobile,4,0,12,1,8,0,0,0,97.749972,186.970028,2.9127373774312963
177.56,entertainment,41,IL,tablet,2,0,12,9,5,1,0,0,97.749972,79.810028,1.8164710899715544
43.66,electronics,58,CA,desktop,2,0,18,20,7,3,0,0,97.749972,-54.089972,0.44664973973957006
5.34,fashion,52,CA,tablet,4,0,11,19,6,0,0,0,97.749972,-92.409972,0.054629171099617596
129.23,fashion,47,FL,desktop,3,0,12,30,3,3,0,0,97.749972,31.48002799999999,1.3220464009744535
163.18,fashion,37,IL,desktop,1,0,11,14,7,4,0,0,97.749972,65.43002800000001,1.6693610749130336
4.12,grocery,47,TX,mobile,4,0,16,26,3,5,1,0,97.749972,-93.629972,0.04214834923790721
122.13,grocery,22,CA,mobile,2,0,6,8,11,1,0,0,97.749972,24.380027999999996,1.2494121098120405
18.57,grocery,21,NY,mobile,4,0,19,8,4,4,0,0,97.749972,-79.17997199999999,0.18997447702619827
30.05,grocery,27,IL,desktop,2,0,6,9,8,2,0,0,97.749972,-67.699972,0.30741696470852226
437.16,entertainment,31,FL,mobile,2,0,8,3,10,1,0,0,97.749972,339.410028,4.4722262992338635
1.83,electronics,22,IL,tablet,1,0,6,15,1,6,1,0,97.749972,-95.919972,0.01872123279256558
317.34,fashion,34,NY,desktop,3,0,2,23,1,1,0,1,97.749972,219.59002799999996,3.246445909504241
306.03,entertainment,38,CA,mobile,2,0,2,1,5,0,0,1,97.749972,208.28002799999996,3.130742552737073
136.94,fuel,66,NY,desktop,3,0,7,5,2,6,1,0,97.749972,39.190028,1.4009211030677216
69.89,fuel,31,NY,mobile,2,0,14,2,9,4,0,0,97.749972,-27.859972,0.7149874097663433
246.67,entertainment,63,TX,mobile,1,0,5,11,2,5,1,1,97.749972,148.920028,2.523478957891886
148.94,grocery,24,FL,desktop,5,0,2,7,7,3,0,1,97.749972,51.190028,1.5236832853140532
151.58,grocery,25,TX,tablet,1,0,18,7,10,5,1,0,97.749972,53.83002800000001,1.5506909654082464
42.34,grocery,40,FL,mobile,5,0,0,29,5,0,0,1,97.749972,-55.409971999999996,0.43314589969247363
158.27,grocery,39,CA,desktop,2,0,1,4,8,4,0,1,97.749972,60.52002800000001,1.6191308820105763
288.41,entertainment,30,CA,tablet,2,0,11,21,8,2,0,0,97.749972,190.660028,2.9504867484720436
28.71,electronics,64,IL,desktop,3,0,19,8,5,6,1,0,97.749972,-69.039972,0.2937085210243485
148.25,grocery,64,CA,tablet,2,0,19,28,10,0,0,0,97.749972,50.500028,1.5166244598348892
284.57,fuel,51,TX,mobile,5,0,11,13,12,1,0,0,97.749972,186.82002799999998,2.911202850153217
27.34,fuel,27,TX,tablet,1,0,10,15,1,5,1,0,97.749972,-70.409972,0.279693171884559
65.86,fuel,33,FL,tablet,3,0,5,11,1,1,0,1,97.749972,-31.889972,0.6737597768952837
102.63,fashion,26,TX,tablet,6,0,1,23,7,1,0,1,97.749972,4.880027999999996,1.0499235636617517
18.84,grocery,61,NY,mobile,3,0,10,30,4,1,0,0,97.749972,-78.909972,0.19273662612674072
68.35,fashion,57,FL,tablet,5,0,7,26,12,1,0,0,97.749972,-29.399972000000005,0.6992329297113974
55.58,entertainment,24,TX,mobile,5,0,16,16,3,5,1,0,97.749972,-42.169972,0.5685935074375928
24.24,fashion,46,FL,mobile,2,0,11,28,6,4,0,0,97.749972,-73.509972,0.24797960813758996
169.61,entertainment,31,NY,desktop,2,0,11,15,6,2,0,0,97.749972,71.86002800000001,1.7351411442333597
6.64,grocery,50,TX,desktop,6,0,0,14,5,6,1,1,97.749972,-91.109972,0.06792840750963686
16.24,fashion,24,IL,mobile,1,0,19,8,5,6,1,0,97.749972,-81.509972,0.16613815330670217
86.44,fuel,21,TX,desktop,4,0,1,1,2,3,0,1,97.749972,-11.309972000000002,0.8842969194477425
82.6,fuel,61,TX,tablet,1,0,18,26,9,3,0,0,97.749972,-15.149972000000005,0.8450130211289163
116.29,fashion,51,NY,mobile,4,0,3,28,11,0,0,1,97.749972,18.540028000000007,1.1896678477854925
91.83,fuel,20,FL,tablet,5,0,11,30,11,5,1,0,97.749972,-5.919972000000001,0.9394375996400531
134.0,entertainment,54,NY,mobile,1,0,20,2,11,5,1,0,97.749972,36.250028,1.3708443684173703
156.71,fashion,35,NY,tablet,4,0,9,13,11,6,1,0,97.749972,58.96002800000001,1.6031717983185532
77.54,fashion,24,CA,mobile,2,0,18,23,5,0,0,0,97.749972,-20.209971999999993,0.7932483009483798
149.98,fuel,37,FL,desktop,3,0,6,4,10,1,0,0,97.749972,52.23002799999999,1.5343226744420686
15.58,fashion,33,NY,desktop,3,0,12,18,8,6,1,0,97.749972,-82.169972,0.15938623328315396
17.98,electronics,52,FL,mobile,6,0,14,3,9,6,1,0,97.749972,-79.769972,0.1839386697324203
28.9,electronics,23,CA,mobile,4,0,18,15,3,2,0,0,97.749972,-68.84997200000001,0.2956522555765821
50.33,electronics,49,NY,mobile,3,0,8,2,3,2,0,0,97.749972,-47.419972,0.5148850527048228
22.9,entertainment,20,IL,mobile,2,0,7,27,1,4,0,0,97.749972,-74.84997200000001,0.23427116445341625
30.04,fashion,50,CA,mobile,2,0,23,22,9,6,1,1,97.749972,-67.709972,0.3073146628899836
16.62,entertainment,23,TX,mobile,5,0,11,27,11,0,0,0,97.749972,-81.129972,0.17002562241116936
0.93,grocery,57,FL,mobile,5,0,14,22,10,6,1,0,97.749972,-96.81997199999999,0.009514069124090705
67.04,grocery,29,IL,desktop,4,0,8,9,12,0,0,0,97.749972,-30.709971999999993,0.6858313914828397
214.08,fuel,48,TX,mobile,2,0,15,23,1,0,0,0,97.749972,116.33002800000001,2.190077331274557
228.83,grocery,45,NY,mobile,2,0,10,1,5,0,0,0,97.749972,131.08002800000003,2.3409725136190067
41.08,electronics,27,IL,mobile,0,0,23,6,4,3,0,1,97.749972,-56.669972,0.42025587055660873
394.97,fuel,65,TX,desktop,4,0,13,6,11,6,1,0,97.749972,297.220028,4.040614926819469
102.78,fuel,36,IL,tablet,3,0,6,2,12,0,0,0,97.749972,5.0300280000000015,1.0514580909398308
131.76,fuel,39,CA,tablet,1,0,14,9,12,4,0,0,97.749972,34.01002799999999,1.3479287610647217
111.69,electronics,68,FL,tablet,1,0,6,16,10,0,0,0,97.749972,13.940027999999998,1.142609011257732
24.99,fuel,41,NY,tablet,3,0,6,1,8,3,0,0,97.749972,-72.759972,0.2556522445279857
40.53,grocery,31,CA,tablet,4,0,14,12,3,5,1,0,97.749972,-57.219972,0.41462927053698523
45.93,electronics,66,IL,desktop,7,0,18,27,12,2,0,0,97.749972,-51.819972,0.4698722525478345
4.44,electronics,38,FL,mobile,3,0,10,4,9,6,1,0,97.749972,-93.309972,0.045422007431142726
28.48,fuel,26,IL,mobile,7,0,10,23,11,3,0,0,97.749972,-69.269972,0.2913555791979605
300.8,fashion,69,CA,mobile,4,0,1,9,1,1,0,1,97.749972,203.050028,3.077238701641381
84.69,fashion,40,NY,desktop,4,0,12,5,7,1,0,0,97.749972,-13.059972000000002,0.8663941012034858
9.42,entertainment,52,NY,desktop,1,0,15,25,12,0,0,0,97.749972,-88.329972,0.09636831306337036
12.81,entertainment,69,CA,desktop,1,0,12,23,10,6,1,0,97.749972,-84.939972,0.13104862954795907
46.68,grocery,28,IL,tablet,2,0,1,7,7,6,1,1,97.749972,-51.069972,0.4775448889382302
143.6,fuel,20,NY,desktop,2,0,6,30,11,5,1,0,97.749972,45.850027999999995,1.4690541142144355
30.55,fuel,47,FL,desktop,5,0,2,11,1,3,0,1,97.749972,-67.199972,0.3125320556354527
14.07,grocery,51,NY,tablet,7,0,16,11,7,3,0,0,97.749972,-83.67997199999999,0.14393865868382388
29.87,fuel,44,CA,mobile,3,0,18,26,1,2,0,0,97.749972,-67.879972,0.3055755319748273
27.36,grocery,68,FL,mobile,4,0,4,10,6,5,1,1,97.749972,-70.389972,0.2798977755216362
20.2,fashion,46,IL,desktop,4,0,10,7,5,5,1,0,97.749972,-77.549972,0.20664967344799165
5.67,fuel,55,IL,desktop,3,1,16,10,8,2,0,0,97.749972,-92.079972,0.05800513111139172
101.53,fashion,29,FL,desktop,5,0,14,8,6,5,1,0,97.749972,3.7800280000000015,1.0386703636225045
294.56,entertainment,65,TX,desktop,5,0,18,24,6,4,0,0,97.749972,196.810028,3.0134023668732883
3.24,electronics,24,TX,desktop,1,0,4,20,7,5,1,1,97.749972,-94.509972,0.033145789206509554
85.92,entertainment,41,NY,mobile,0,0,19,21,3,3,0,0,97.749972,-11.829971999999998,0.8789772248837348
35.38,fashion,28,NY,mobile,3,0,2,19,4,4,0,1,97.749972,-62.369972,0.3619438339896012
164.33,fashion,59,IL,desktop,1,0,9,15,5,0,0,0,97.749972,66.58002800000001,1.6811257840449738
246.58,fashion,23,IL,mobile,2,0,16,13,2,0,0,0,97.749972,148.83002800000003,2.5225582415250387
194.65,electronics,25,FL,tablet,2,0,16,4,9,2,0,0,97.749972,96.900028,1.9913048978540384
232.19,fuel,57,IL,desktop,4,0,19,18,8,4,0,0,97.749972,134.44002799999998,2.3753459246479793
204.43,electronics,64,IL,desktop,0,0,18,30,10,0,0,0,97.749972,106.68002800000001,2.0913560763847987
20.6,entertainment,49,FL,mobile,2,0,17,13,1,3,0,0,97.749972,-77.14997199999999,0.21074174618953606
91.49,electronics,39,NY,mobile,2,0,1,25,2,6,1,1,97.749972,-6.259972000000005,0.9359593378097404
116.6,fashion,36,IL,desktop,2,0,23,20,5,0,0,1,97.749972,18.850027999999995,1.1928392041601894
266.57,fashion,63,TX,desktop,5,0,1,24,4,6,1,1,97.749972,168.82002799999998,2.7270595767837196
11.26,fuel,34,IL,desktop,2,0,6,1,4,4,0,0,97.749972,-86.489972,0.11519184767447455
91.29,fashion,69,FL,desktop,6,0,3,19,8,4,0,1,97.749972,-6.459971999999993,0.9339133014389682
95.88,electronics,46,NY,mobile,1,0,15,9,1,6,1,0,97.749972,-1.8699720000000042,0.98086983614819
43.9,grocery,39,FL,mobile,3,0,18,11,2,4,0,0,97.749972,-53.849972,0.44910498338449667
300.64,entertainment,53,CA,mobile,3,0,11,2,5,3,0,0,97.749972,202.89002799999997,3.075601872544763
39.63,electronics,37,IL,tablet,3,0,18,16,3,2,0,0,97.749972,-58.119972,0.4054221068685104
24.48,entertainment,48,NY,tablet,3,0,6,27,10,4,0,0,97.749972,-73.269972,0.2504348517825166
31.35,fuel,41,FL,tablet,3,0,18,29,10,1,0,0,97.749972,-66.39997199999999,0.3207162011185415
82.58,fashion,54,FL,tablet,3,0,12,1,3,4,0,0,97.749972,-15.169972000000001,0.8448084174918391
228.23,fashion,52,NY,tablet,2,0,10,13,4,3,0,0,97.749972,130.480028,2.3348344045066898
72.5,fashion,18,IL,desktop,3,0,15,15,8,3,0,0,97.749972,-25.249972,0.7416881844049206
17.75,entertainment,65,FL,tablet,4,0,8,26,1,4,0,0,97.749972,-79.999972,0.18158572790603228
322.23,fashion,50,NY,mobile,7,0,6,5,3,5,1,0,97.749972,224.480028,3.2964714987696215
49.33,fuel,42,CA,mobile,7,0,18,6,6,3,0,0,97.749972,-48.419972,0.5046548708509617
103.12,grocery,33,NY,desktop,3,0,6,14,10,0,0,0,97.749972,5.370028000000005,1.0549363527701436
24.15,entertainment,54,IL,tablet,1,0,5,23,3,5,1,1,97.749972,-73.59997200000001,0.24705889177074247
64.69,grocery,59,IL,mobile,3,0,9,1,9,6,1,0,97.749972,-33.059972,0.6617904641262663
439.41,entertainment,43,TX,mobile,1,0,2,16,5,3,0,1,97.749972,341.660028,4.49524420840505
378.47,electronics,35,NY,desktop,1,0,22,22,12,3,0,1,97.749972,280.720028,3.8718169262307627
46.5,entertainment,19,TX,tablet,3,0,23,20,1,4,0,1,97.749972,-51.249972,0.47570345620453525
91.05,entertainment,35,NY,desktop,5,0,11,22,7,4,0,0,97.749972,-6.6999720000000025,0.9314580577940416
29.65,fuel,46,TX,mobile,5,0,6,23,1,1,0,0,97.749972,-68.09997200000001,0.3033248919669778
30.15,fuel,49,NY,mobile,7,0,14,13,5,4,0,0,97.749972,-67.59997200000001,0.30843998289390834
40.5,grocery,51,CA,mobile,5,0,9,25,9,6,1,0,97.749972,-57.249972,0.4143223650813694
1.99,grocery,59,TX,tablet,1,0,18,21,1,5,1,0,97.749972,-95.759972,0.020358061889183335
43.23,entertainment,32,CA,desktop,4,0,9,25,3,0,0,0,97.749972,-54.519972,0.44225076154240983
84.8,electronics,53,CA,mobile,4,0,18,16,11,2,0,0,97.749972,-12.949972000000002,0.8675194212074104
278.79,electronics,54,TX,tablet,5,0,7,20,10,6,1,0,97.749972,181.040028,2.8520723990379007
90.41,fashion,30,FL,tablet,0,0,9,17,11,6,1,0,97.749972,-7.339972000000003,0.9249107414075705
205.67,fuel,56,CA,mobile,2,0,16,1,10,5,1,0,97.749972,107.92002799999999,2.1040415018835863
29.86,entertainment,30,FL,tablet,3,0,1,11,11,4,0,1,97.749972,-67.889972,0.30547323015628863
6.21,grocery,65,FL,tablet,0,0,21,17,9,1,0,0,97.749972,-91.539972,0.06352942931247664
391.46,fashion,67,IL,desktop,0,0,13,23,8,2,0,0,97.749972,293.71002799999997,4.0047069885124165
56.63,entertainment,59,TX,desktop,1,0,18,9,11,5,1,0,97.749972,-41.119972,0.5793351983841469
17.06,fuel,21,FL,mobile,4,0,4,12,8,0,0,1,97.749972,-80.689972,0.1745269024268682
75.78,electronics,37,IL,desktop,0,0,9,13,4,2,0,0,97.749972,-21.969972,0.7752431808855845
321.92,fuel,38,IL,tablet,5,0,2,13,4,5,1,1,97.749972,224.170028,3.2933001423949246
162.91,fashion,49,FL,desktop,4,0,11,23,9,0,0,0,97.749972,65.160028,1.6665989258124911
221.21,fuel,21,TX,desktop,0,0,11,17,2,4,0,0,97.749972,123.46002800000001,2.263018527892586
166.01,electronics,64,IL,desktop,4,0,23,21,6,1,0,1,97.749972,68.26002799999999,1.69831248955946
122.63,grocery,66,IL,tablet,2,0,1,21,6,4,0,1,97.749972,24.880027999999996,1.254527200738971
43.16,fuel,36,NY,desktop,2,0,18,1,4,4,0,0,97.749972,-54.589972,0.44153464881263954
140.19,entertainment,23,TX,desktop,5,0,9,14,8,0,0,0,97.749972,42.440028,1.4341691940927697
58.46,electronics,50,TX,tablet,1,0,23,15,4,4,0,1,97.749972,-39.289972,0.5980564311767125
28.36,entertainment,37,TX,mobile,1,0,9,13,12,4,0,0,97.749972,-69.389972,0.2901279573754972
28.32,grocery,47,TX,desktop,2,0,1,10,8,3,0,1,97.749972,-69.42997199999999,0.28971875010134274
46.05,electronics,24,NY,tablet,3,0,2,4,11,5,1,1,97.749972,-51.699972,0.47109987437029777
122.89,electronics,64,IL,desktop,4,0,18,4,6,5,1,0,97.749972,25.140028,1.257187048020975
224.95,grocery,35,IL,mobile,2,0,9,20,8,6,1,0,97.749972,127.20002799999999,2.3012794080260255
239.93,entertainment,48,IL,mobile,6,0,18,21,2,2,0,0,97.749972,142.180028,2.454527532196863
90.75,entertainment,57,CA,mobile,0,0,22,4,7,0,0,1,97.749972,-6.999972,0.9283890032378833
37.89,electronics,33,TX,desktop,4,0,22,1,10,6,1,1,97.749972,-59.859972,0.38762159044279226
18.0,grocery,41,NY,tablet,3,0,8,26,4,2,0,0,97.749972,-79.749972,0.1841432733694975
173.1,grocery,42,IL,mobile,4,0,9,31,1,2,0,0,97.749972,75.350028,1.7708444789033344
21.64,entertainment,22,FL,desktop,2,0,20,15,9,6,1,0,97.749972,-76.109972,0.22138113531755146
90.7,electronics,51,FL,tablet,5,0,17,17,1,0,0,0,97.749972,-7.049971999999997,0.9278774941451903
39.78,entertainment,47,FL,mobile,2,0,10,6,12,4,0,0,97.749972,-57.969972,0.4069566341465895
0.02,grocery,29,IL,tablet,0,0,6,20,11,2,0,0,97.749972,-97.729972,0.00020460363707721946
10.89,fuel,66,FL,tablet,2,0,6,9,1,1,0,0,97.749972,-86.859972,0.111406680388546
6.43,fuel,26,FL,tablet,4,0,19,5,10,3,0,0,97.749972,-91.319972,0.06578006932032605
86.02,fashion,38,TX,mobile,3,0,22,6,1,4,0,1,97.749972,-11.729972000000004,0.8800002430691208
122.97,fashion,22,IL,mobile,1,0,20,21,2,2,0,0,97.749972,25.220028,1.2580054625692838
174.81,entertainment,33,TX,tablet,1,0,9,3,3,6,1,0,97.749972,77.060028,1.7883380898734367
83.61,grocery,31,FL,tablet,1,0,15,14,9,2,0,0,97.749972,-14.139972,0.8553455048013159
227.3,electronics,47,NY,desktop,2,0,2,25,2,6,1,1,97.749972,129.550028,2.325320335382599
303.04,entertainment,36,FL,tablet,1,0,9,16,7,1,0,0,97.749972,205.290028,3.1001543089940293
98.07,electronics,38,FL,desktop,0,0,14,21,6,1,0,0,97.749972,0.32002799999999354,1.0032739344081456
58.12,electronics,47,FL,tablet,3,0,13,29,10,6,1,0,97.749972,-39.629972,0.5945781693463997
15.09,electronics,27,NY,tablet,2,0,17,1,11,4,0,0,97.749972,-82.659972,0.15437344417476206
18.45,fuel,30,IL,tablet,2,0,21,10,10,1,0,0,97.749972,-79.299972,0.18874685520373494
146.85,entertainment,55,CA,mobile,1,0,23,20,5,5,1,1,97.749972,49.100027999999995,1.5023022052394839
26.22,grocery,20,FL,tablet,3,0,15,18,8,4,0,0,97.749972,-71.529972,0.2682353682082347
80.79,electronics,29,NY,mobile,2,0,0,30,8,4,0,1,97.749972,-16.959971999999993,0.8264963919734281
55.19,grocery,34,TX,tablet,3,0,10,1,3,2,0,0,97.749972,-42.559972,0.5646037365145871
121.1,entertainment,42,NY,tablet,7,0,2,1,4,0,0,1,97.749972,23.350027999999995,1.2388750225025638
172.39,fashion,32,IL,mobile,1,0,4,9,3,2,0,1,97.749972,74.64002799999999,1.763581049787093
70.22,fashion,32,CA,mobile,4,0,22,29,1,6,1,1,97.749972,-27.529972,0.7183633697781175
131.12,grocery,41,IL,desktop,4,0,20,25,11,0,0,0,97.749972,33.370028000000005,1.3413814446782508
28.08,grocery,35,NY,tablet,1,0,10,26,11,5,1,0,97.749972,-69.669972,0.2872635064564161
0.69,fuel,46,CA,tablet,3,0,18,2,7,5,1,0,97.749972,-97.059972,0.007058825479164071
11.57,electronics,25,NY,desktop,4,0,15,26,8,5,1,0,97.749972,-86.17997199999999,0.11836320404917146
183.7,grocery,44,CA,mobile,3,0,12,24,11,3,0,0,97.749972,85.95002799999999,1.8792844065542607
21.06,entertainment,69,FL,mobile,5,0,7,16,10,2,0,0,97.749972,-76.689972,0.21544762984231208
361.23,fuel,55,FL,tablet,0,0,7,14,6,1,0,0,97.749972,263.480028,3.6954485910701993
141.32,fuel,18,FL,tablet,5,0,8,20,2,1,0,0,97.749972,43.57002799999999,1.4457292995876325
201.8,fuel,60,CA,tablet,7,0,17,17,7,0,0,0,97.749972,104.05002800000001,2.0644506981091446
200.24,fashion,52,NY,desktop,2,0,4,4,3,5,1,1,97.749972,102.49002800000001,2.0484916144171215
4.81,fuel,61,CA,desktop,1,0,8,12,6,6,1,0,97.749972,-92.939972,0.04920717471707128
133.33,electronics,35,CA,mobile,5,0,16,25,5,5,1,0,97.749972,35.58002800000001,1.3639901465752837
225.22,fashion,44,FL,tablet,3,0,13,10,4,6,1,0,97.749972,127.470028,2.304041557126568
34.32,grocery,38,NY,desktop,4,0,21,26,5,4,0,0,97.749972,-63.429972,0.3510998412245086
49.07,grocery,46,IL,desktop,4,0,5,16,7,5,1,1,97.749972,-48.679972,0.501995023568958
11.02,entertainment,31,NY,desktop,3,1,22,13,4,2,0,1,97.749972,-86.729972,0.11273660402954791
71.33,entertainment,31,IL,mobile,0,0,23,21,1,6,1,1,97.749972,-26.419972,0.7297188716359032
161.01,entertainment,40,IL,desktop,3,0,11,15,3,1,0,0,97.749972,63.26002799999999,1.6471615802901551
91.22,fuel,32,NY,mobile,1,0,17,5,1,4,0,0,97.749972,-6.529972000000001,0.9331971887091979
56.15,electronics,65,TX,desktop,2,0,10,21,4,3,0,0,97.749972,-41.599972,0.5744247110942936
17.52,fuel,63,CA,desktop,4,0,17,20,10,4,0,0,97.749972,-80.229972,0.17923278607964424
3.83,grocery,50,FL,tablet,1,0,14,17,8,3,0,0,97.749972,-93.919972,0.039181596500287526
101.09,entertainment,58,CA,mobile,1,0,6,9,11,3,0,0,97.749972,3.3400280000000038,1.0341690836068058
283.01,entertainment,54,NY,desktop,4,0,17,16,11,3,0,0,97.749972,185.26002799999998,2.895243766461194
120.92,fashion,61,IL,mobile,2,0,8,3,2,4,0,0,97.749972,23.170028000000002,1.237033589768869
99.13,fashion,54,IL,mobile,3,0,21,29,6,2,0,0,97.749972,1.3800279999999958,1.0141179271732381
27.48,grocery,28,IL,desktop,2,0,5,17,11,4,0,1,97.749972,-70.269972,0.2811253973440995
329.17,fashion,65,IL,tablet,2,0,0,22,3,2,0,1,97.749972,231.420028,3.3674689608354167
207.71,electronics,66,CA,mobile,3,0,16,24,11,4,0,0,97.749972,109.96002800000001,2.1249110728654625
7.05,fuel,63,IL,tablet,4,0,20,5,8,4,0,0,97.749972,-90.699972,0.07212278206971985
44.66,fuel,50,IL,mobile,5,0,14,26,5,3,0,0,97.749972,-53.089972,0.456879921593431
4.29,grocery,37,CA,desktop,3,0,4,20,3,0,0,1,97.749972,-93.459972,0.043887480153063575
274.14,electronics,31,NY,desktop,4,0,14,15,7,4,0,0,97.749972,176.39002799999997,2.8045020534174467
372.05,entertainment,18,TX,tablet,2,0,17,6,11,0,0,0,97.749972,274.300028,3.8061391587289752
117.95,electronics,24,NY,mobile,4,0,20,13,9,1,0,0,97.749972,20.200028000000003,1.2066499496629017
99.6,entertainment,40,FL,desktop,3,0,14,28,6,1,0,0,97.749972,1.8500279999999947,1.0189261126445528
31.97,fashion,45,TX,mobile,6,0,16,16,10,0,0,0,97.749972,-65.779972,0.3270589138679353
166.39,fashion,46,NY,mobile,1,0,14,5,3,6,1,0,97.749972,68.64002799999999,1.7021999586639271
32.29,electronics,44,CA,desktop,3,0,22,14,8,0,0,1,97.749972,-65.459972,0.3303325720611708
58.8,fashion,65,TX,tablet,1,0,4,10,11,4,0,1,97.749972,-38.949972,0.6015346930070251
164.94,entertainment,64,IL,desktop,9,0,22,4,2,5,1,1,97.749972,67.190028,1.6873661949758287
8.35,entertainment,24,CA,mobile,3,0,9,11,5,5,1,0,97.749972,-89.399972,0.08542201847973911
163.07,fashion,50,TX,mobile,1,0,14,21,5,5,1,0,97.749972,65.320028,1.6682357549091087
263.55,entertainment,39,TX,desktop,2,0,20,28,6,4,0,0,97.749972,165.800028,2.6961644275850594
9.95,fashion,36,CA,desktop,5,0,1,31,3,3,0,1,97.749972,-87.799972,0.10179030944591667
2.57,grocery,23,IL,desktop,5,0,7,11,9,2,0,0,97.749972,-95.179972,0.0262915673644227
5.48,fashion,19,IL,mobile,3,0,0,16,1,0,0,1,97.749972,-92.269972,0.056061396559158136
176.41,entertainment,52,TX,tablet,2,0,12,20,9,1,0,0,97.749972,78.660028,1.8047063808396142
143.44,electronics,58,IL,mobile,4,0,11,3,9,6,1,0,97.749972,45.690028,1.467417285117818
10.62,fuel,27,IL,mobile,1,0,15,18,2,5,1,0,97.749972,-87.129972,0.10864453128800353
60.94,grocery,33,TX,tablet,3,0,7,12,2,6,1,0,97.749972,-36.809972,0.6234272821742877
12.61,fashion,61,TX,tablet,3,0,5,6,9,1,0,1,97.749972,-85.139972,0.12900259317718685
96.53,fashion,35,FL,mobile,1,0,13,14,12,2,0,0,97.749972,-1.2199719999999985,0.9875194543531997
57.96,fashion,48,TX,desktop,7,0,14,6,11,0,0,0,97.749972,-39.789972,0.592941340249782
141.38,fashion,27,TX,tablet,3,0,12,9,4,1,0,0,97.749972,43.630027999999996,1.4463431104988642
104.26,grocery,52,FL,desktop,4,0,18,4,2,5,1,0,97.749972,6.5100280000000055,1.0665987600835451
39.01,entertainment,42,CA,desktop,5,0,3,13,10,6,1,1,97.749972,-58.739972,0.3990793941191165
32.51,electronics,49,FL,desktop,2,0,23,5,9,1,0,1,97.749972,-65.239972,0.3325832120690202
60.38,grocery,64,TX,tablet,2,0,1,23,9,0,0,1,97.749972,-37.369972,0.6176983803361256
175.77,electronics,18,FL,desktop,0,0,1,26,8,0,0,1,97.749972,78.02002800000001,1.7981590644531433
182.57,grocery,39,TX,tablet,5,0,19,27,6,3,0,0,97.749972,84.820028,1.8677243010593978
157.11,fuel,35,CA,tablet,0,0,7,17,11,6,1,0,97.749972,59.360028000000014,1.6072638710600975
13.07,entertainment,33,NY,tablet,3,0,17,6,7,5,1,0,97.749972,-84.67997199999999,0.13370847682996292
103.16,fashion,24,TX,tablet,4,0,16,1,2,2,0,0,97.749972,5.410027999999997,1.0553455600442978
201.61,fuel,59,NY,desktop,2,0,18,31,7,2,0,0,97.749972,103.86002800000001,2.0625069635569107
6.43,grocery,18,FL,desktop,4,0,22,21,5,6,1,1,97.749972,-91.319972,0.06578006932032605
211.69,grocery,32,FL,tablet,0,0,4,26,5,3,0,1,97.749972,113.940028,2.1656271966438294
477.88,fuel,63,IL,desktop,5,0,12,19,2,5,1,0,97.749972,380.130028,4.888799304323082
56.88,fuel,55,NY,tablet,3,0,5,13,7,5,1,1,97.749972,-40.869972,0.5818927438476121
118.95,fashion,41,CA,tablet,3,0,1,9,10,0,0,1,97.749972,21.200028000000003,1.2168801315167628
54.34,electronics,32,TX,tablet,3,0,19,29,7,0,0,0,97.749972,-43.409971999999996,0.5559080819388053
192.69,entertainment,25,NY,desktop,2,0,9,10,6,4,0,0,97.749972,94.940028,1.9712537414204707
99.34,entertainment,28,NY,mobile,3,0,16,23,1,1,0,0,97.749972,1.5900280000000038,1.0162662653625492
0.84,entertainment,69,NY,mobile,0,0,11,11,5,5,1,0,97.749972,-96.909972,0.008593352757243216
176.28,entertainment,47,TX,tablet,2,0,21,27,2,0,0,0,97.749972,78.530028,1.8033764571986124
24.11,electronics,55,IL,tablet,0,0,21,19,5,6,1,0,97.749972,-73.639972,0.24664968449658806
5.98,grocery,57,FL,desktop,0,0,4,4,5,3,0,1,97.749972,-91.769972,0.06117648748608862
54.09,entertainment,61,IL,desktop,3,0,22,1,3,4,0,1,97.749972,-43.659971999999996,0.55335053647534
10.8,grocery,67,FL,mobile,5,0,10,19,11,6,1,0,97.749972,-86.949972,0.11048596402169851
74.93,entertainment,30,NY,tablet,2,0,15,17,9,6,1,0,97.749972,-22.819971999999993,0.7665475263098027
35.49,entertainment,54,CA,tablet,3,0,5,28,3,3,0,1,97.749972,-62.259972,0.36306915399352596
12.84,entertainment,66,TX,mobile,2,0,16,30,8,4,0,0,97.749972,-84.909972,0.13135553500357489
80.45,fashion,64,FL,desktop,2,0,22,10,12,6,1,1,97.749972,-17.299971999999997,0.8230181301431153
18.74,electronics,67,TX,desktop,3,0,2,22,1,6,1,1,97.749972,-79.009972,0.1917136079413546
25.83,fuel,23,CA,mobile,4,0,7,26,10,5,1,0,97.749972,-71.919972,0.2642455972852289
48.95,fashion,42,TX,desktop,4,0,12,11,10,2,0,0,97.749972,-48.799972,0.5007674017464946
69.57,fuel,36,TX,desktop,0,0,14,22,11,2,0,0,97.749972,-28.179972000000006,0.7117137515731078
6.58,fashion,64,NY,mobile,2,0,5,20,5,4,0,1,97.749972,-91.169972,0.0673145965984052
50.43,fuel,56,IL,tablet,2,0,23,29,11,4,0,1,97.749972,-47.319972,0.5159080708902088
149.01,entertainment,24,CA,tablet,1,0,4,29,10,6,1,1,97.749972,51.26002799999999,1.5243993980438235
181.63,fashion,51,TX,tablet,1,0,9,11,3,5,1,0,97.749972,83.880028,1.8581079301167684
47.89,fashion,31,CA,desktop,5,0,17,10,11,3,0,0,97.749972,-49.859972,0.48992340898140196
68.99,electronics,28,CA,mobile,6,0,2,28,9,5,1,1,97.749972,-28.759972000000005,0.7057802460978685
156.81,fashion,40,TX,mobile,2,0,5,26,4,4,0,1,97.749972,59.060028,1.6041948165039392
218.76,fashion,27,IL,desktop,6,0,0,13,3,2,0,1,97.749972,121.01002799999999,2.237954582350626
13.5,fuel,29,NY,tablet,2,0,5,15,7,4,0,1,97.749972,-84.249972,0.13810745502712313
101.25,fashion,51,NY,mobile,0,0,2,15,10,1,0,1,97.749972,3.5000280000000004,1.0358059127034236
275.12,fashion,37,IL,desktop,2,0,17,7,3,0,0,0,97.749972,177.370028,2.8145276316342307
291.74,fuel,49,IL,desktop,2,0,0,29,8,0,0,1,97.749972,193.990028,2.9845532540454003
6.14,fuel,43,NY,tablet,2,0,16,19,11,1,0,0,97.749972,-91.609972,0.06281331658270636
50.63,electronics,47,NY,tablet,2,0,6,16,2,4,0,0,97.749972,-47.119972,0.5179541072609811
66.87,entertainment,33,IL,tablet,0,0,17,4,11,4,0,0,97.749972,-30.879971999999995,0.6840922605676832
169.18,fuel,26,NY,mobile,3,0,1,21,7,3,0,1,97.749972,71.43002800000001,1.7307421660361995
17.44,fuel,42,IL,mobile,1,0,9,17,12,1,0,0,97.749972,-80.309972,0.17841437153133538
26.93,grocery,46,IL,tablet,3,0,2,11,6,1,0,1,97.749972,-70.819972,0.275498797324476
209.96,electronics,23,FL,tablet,3,0,3,21,4,3,0,1,97.749972,112.21002800000001,2.14792898203665
31.06,entertainment,44,FL,desktop,0,0,15,13,3,2,0,0,97.749972,-66.689972,0.3177494483809218
14.04,fashion,24,IL,mobile,1,0,21,24,2,4,0,0,97.749972,-83.709972,0.14363175322820804
16.32,grocery,60,IL,tablet,4,0,7,26,2,5,1,0,97.749972,-81.42997199999999,0.1669565678550111
80.95,grocery,25,TX,desktop,3,0,3,20,5,4,0,1,97.749972,-16.799971999999997,0.8281332210700457
221.08,grocery,43,CA,mobile,7,0,8,24,7,2,0,0,97.749972,123.33002800000001,2.261688604251584
2.96,entertainment,20,FL,tablet,1,0,16,23,7,1,0,0,97.749972,-94.789972,0.030281338287428478
143.74,electronics,60,NY,tablet,0,0,11,5,11,1,0,0,97.749972,45.99002800000001,1.4704863396739762
77.04,grocery,59,IL,desktop,2,0,21,7,5,1,0,0,97.749972,-20.709971999999993,0.7881332100214494
56.58,entertainment,32,NY,mobile,3,0,3,11,7,0,0,1,97.749972,-41.169972,0.5788236892914538
5.22,fuel,69,FL,desktop,3,0,19,8,3,2,0,0,97.749972,-92.529972,0.05340154927715428
68.88,fashion,62,IL,tablet,5,0,3,21,4,6,1,1,97.749972,-28.869972000000004,0.7046549260939438
74.06,fashion,33,CA,desktop,3,0,19,12,6,6,1,0,97.749972,-23.689971999999997,0.7576472680969437
127.41,entertainment,52,FL,tablet,2,0,15,22,8,3,0,0,97.749972,29.660027999999997,1.3034274700004265
21.26,grocery,64,CA,tablet,1,0,3,20,3,2,0,1,97.749972,-76.489972,0.2174936662130843
206.61,fashion,35,CA,desktop,6,0,23,24,3,3,0,1,97.749972,108.86002800000001,2.1136578728262156
73.07,grocery,21,TX,mobile,5,0,6,14,8,0,0,0,97.749972,-24.679972000000006,0.7475193880616212
122.23,fuel,39,CA,desktop,1,0,18,4,12,6,1,0,97.749972,24.480028000000004,1.2504351279974268
50.27,grocery,35,NY,tablet,2,0,11,30,5,3,0,0,97.749972,-47.479972,0.5142712417935912
15.65,grocery,53,TX,tablet,1,0,8,25,10,1,0,0,97.749972,-82.099972,0.16010234601292422
373.26,grocery,49,TX,mobile,6,0,19,11,5,3,0,0,97.749972,275.510028,3.8185176787721464
241.71,electronics,19,NY,mobile,1,0,23,17,9,6,1,1,97.749972,143.96002800000002,2.4727372558967358
119.17,grocery,36,FL,tablet,4,0,11,24,7,2,0,0,97.749972,21.420028000000002,1.2191307715246122
2.28,fashion,52,TX,tablet,5,0,23,27,2,1,0,1,97.749972,-95.469972,0.023324814626803015
7.38,grocery,45,TX,mobile,7,0,0,13,5,4,0,1,97.749972,-90.369972,0.07549874208149397
24.2,grocery,32,TX,desktop,2,0,2,19,9,0,0,1,97.749972,-73.549972,0.24757040086343554
1.16,grocery,20,IL,desktop,1,0,21,4,2,6,1,0,97.749972,-96.589972,0.011867010950478728
24.22,fuel,56,IL,desktop,4,0,9,2,3,2,0,0,97.749972,-73.529972,0.24777500450051274
190.67,entertainment,66,NY,tablet,5,0,9,19,9,0,0,0,97.749972,92.92002799999999,1.9505887740756715
57.63,electronics,54,FL,mobile,4,0,17,29,7,0,0,0,97.749972,-40.119972,0.5895653802380079
15.41,grocery,28,IL,mobile,0,0,15,6,6,1,0,0,97.749972,-82.339972,0.1576471023679976
30.14,entertainment,64,IL,tablet,6,0,22,23,10,2,0,1,97.749972,-67.609972,0.30833768107536974
12.04,grocery,48,CA,tablet,3,0,21,15,9,6,1,0,97.749972,-85.709972,0.1231713895204861
80.78,fashion,38,IL,desktop,2,0,5,12,8,0,0,1,97.749972,-16.969972,0.8263940901548894
107.04,grocery,67,FL,mobile,4,0,4,1,10,5,1,1,97.749972,9.290028000000007,1.0950386656372786
125.19,entertainment,33,FL,mobile,3,0,18,31,5,2,0,0,97.749972,27.440027999999998,1.2807164662848551
73.14,electronics,32,IL,desktop,1,0,9,9,12,0,0,0,97.749972,-24.609972,0.7482355007913916
21.84,fashion,52,NY,mobile,4,0,21,4,11,5,1,0,97.749972,-75.909972,0.22342717168832366
12.41,electronics,46,TX,mobile,1,0,22,19,2,0,0,1,97.749972,-85.339972,0.12695655680641468
439.56,entertainment,44,IL,desktop,3,0,14,14,11,3,0,0,97.749972,341.810028,4.4967787356831295
83.44,fashion,46,NY,tablet,2,0,23,28,9,3,0,1,97.749972,-14.309972000000002,0.8536063738861596
22.72,fuel,49,CA,mobile,3,0,4,6,8,1,0,1,97.749972,-75.029972,0.23242973171972128
63.38,electronics,27,FL,tablet,6,0,17,5,4,1,0,0,97.749972,-34.369972,0.6483889258977085
64.28,electronics,40,IL,mobile,3,0,14,22,11,1,0,0,97.749972,-33.469972,0.6575960895661833
194.89,electronics,28,FL,mobile,2,0,8,5,5,6,1,0,97.749972,97.14002799999999,1.9937601414989647
53.39,grocery,45,IL,desktop,5,0,20,21,12,3,0,0,97.749972,-44.359972,0.5461894091776374
103.5,fuel,64,FL,mobile,1,0,12,8,11,4,0,0,97.749972,5.750028,1.0588238218746107
101.65,fuel,69,FL,tablet,2,0,1,11,6,1,0,1,97.749972,3.900028000000006,1.039897985444968
40.83,fashion,29,FL,mobile,1,0,9,26,2,5,1,0,97.749972,-56.919972,0.4176983250931435
9.84,electronics,48,FL,mobile,4,0,20,26,3,1,0,0,97.749972,-87.909972,0.10066498944199197
178.84,electronics,57,TX,tablet,7,0,17,21,12,5,1,0,97.749972,81.090028,1.8295657227444964
83.87,electronics,65,IL,desktop,6,0,3,20,4,5,1,1,97.749972,-13.879971999999995,0.8580053520833198
51.0,electronics,49,TX,mobile,4,0,17,18,12,0,0,0,97.749972,-46.749972,0.5217392745469096
104.5,grocery,69,IL,mobile,3,0,4,7,6,1,0,1,97.749972,6.750028,1.0690540037284717
1.95,electronics,48,TX,tablet,5,0,13,25,2,5,1,0,97.749972,-95.799972,0.019948854615028898
117.32,grocery,21,CA,mobile,2,0,9,3,9,5,1,0,97.749972,19.570027999999994,1.2002049350949693
90.26,fuel,37,FL,tablet,0,0,19,6,7,3,0,0,97.749972,-7.4899719999999945,0.9233762141294914
196.7,fashion,24,IL,desktop,3,0,16,9,6,3,0,0,97.749972,98.95002799999999,2.012276770654453
50.04,entertainment,30,FL,desktop,0,0,11,15,10,6,1,0,97.749972,-47.709972,0.5119182999672031
79.21,grocery,42,FL,mobile,1,0,2,5,12,0,0,1,97.749972,-18.539972000000006,0.8103327046443276
276.19,fuel,29,FL,mobile,2,0,5,8,10,6,1,1,97.749972,178.44002799999998,2.825473926217862
185.57,fashion,28,TX,desktop,6,0,19,30,1,6,1,0,97.749972,87.820028,1.8984148466209807
80.48,fashion,38,CA,desktop,4,0,15,18,12,6,1,0,97.749972,-17.269971999999996,0.8233250355987312
88.6,fuel,43,TX,tablet,5,0,21,7,5,5,1,0,97.749972,-9.149972000000005,0.9063941122520821
49.91,grocery,43,IL,tablet,2,0,9,5,4,1,0,0,97.749972,-47.839972,0.5105883763262011
116.97,electronics,40,IL,mobile,3,0,22,6,9,2,0,1,97.749972,19.220028,1.196624371446118
98.42,fuel,31,IL,desktop,4,0,22,5,5,4,0,1,97.749972,0.6700280000000021,1.006854498056997
281.06,electronics,25,TX,mobile,5,0,6,28,1,4,0,0,97.749972,183.310028,2.875294911846165
26.23,entertainment,58,IL,mobile,1,0,1,9,1,1,0,1,97.749972,-71.519972,0.26833767002677333
209.09,fashion,68,CA,mobile,2,0,15,1,12,4,0,0,97.749972,111.340028,2.139028723823791
141.66,fuel,51,TX,tablet,4,0,2,19,11,5,1,1,97.749972,43.910028,1.4492075614179454
43.47,fashion,27,TX,mobile,2,0,3,4,6,6,1,1,97.749972,-54.279972,0.4447060051873365
29.64,fashion,58,FL,tablet,3,0,10,26,2,0,0,0,97.749972,-68.109972,0.3032225901484392
229.71,fuel,55,FL,tablet,3,0,3,14,1,6,1,1,97.749972,131.96002800000002,2.349975073650404
143.67,fuel,45,FL,tablet,2,0,13,12,6,2,0,0,97.749972,45.92002799999999,1.469770226944206
211.47,fashion,48,NY,desktop,3,0,23,4,11,5,1,1,97.749972,113.720028,2.16337655663598
133.38,entertainment,39,TX,desktop,6,0,4,12,10,2,0,1,97.749972,35.630027999999996,1.3645016556679765
51.47,fuel,47,CA,tablet,2,0,3,23,10,0,0,1,97.749972,-46.279972,0.5265474600182243
28.83,electronics,30,NY,desktop,0,0,22,9,7,5,1,1,97.749972,-68.919972,0.2949361428468118
413.6,electronics,51,FL,tablet,1,0,11,9,1,0,0,0,97.749972,315.850028,4.231203214756898
161.81,grocery,67,NY,desktop,6,0,16,27,12,4,0,0,97.749972,64.060028,1.655345725773244
197.89,grocery,64,CA,desktop,3,0,18,20,2,6,1,0,97.749972,100.14002799999999,2.024450687060548
93.53,fashion,57,NY,mobile,5,0,18,29,7,4,0,0,97.749972,-4.2199719999999985,0.9568289087916168
85.97,entertainment,28,CA,desktop,3,0,22,6,8,1,0,1,97.749972,-11.779972,0.8794887339764278
63.64,entertainment,66,CA,desktop,3,0,11,5,4,1,0,0,97.749972,-34.109972,0.6510487731797123
25.31,fashion,42,TX,tablet,3,0,9,3,12,5,1,0,97.749972,-72.439972,0.2589259027212212
28.63,grocery,61,IL,mobile,1,0,4,14,8,6,1,1,97.749972,-69.119972,0.29289010647603964
91.05,fashion,30,CA,mobile,2,0,19,25,12,2,0,0,97.749972,-6.6999720000000025,0.9314580577940416
32.81,grocery,49,TX,tablet,5,0,1,6,2,0,0,1,97.749972,-64.939972,0.33565226662517855
252.62,electronics,25,NY,mobile,2,0,6,22,9,4,0,0,97.749972,154.870028,2.584348539922359
67.29,entertainment,69,IL,tablet,4,0,18,25,1,1,0,0,97.749972,-30.459971999999993,0.6883889369463049
39.59,entertainment,40,FL,mobile,0,0,23,26,2,0,0,1,97.749972,-58.159971999999996,0.40501289959435594
8.76,grocery,18,TX,mobile,4,0,11,17,7,6,1,0,97.749972,-88.989972,0.08961639303982212
169.97,entertainment,57,FL,mobile,3,0,11,21,2,2,0,0,97.749972,72.220028,1.7388240097007495
10.17,electronics,40,FL,desktop,1,0,14,2,8,2,0,0,97.749972,-87.579972,0.10404094945376609
27.97,fashion,38,NY,mobile,6,0,3,20,10,3,0,1,97.749972,-69.779972,0.2861381864524914
112.73,entertainment,30,IL,desktop,5,0,18,12,4,4,0,0,97.749972,14.980028000000004,1.1532484003857475
46.03,grocery,45,NY,mobile,4,0,3,11,2,5,1,1,97.749972,-51.719972,0.4708952707332206
91.49,fuel,66,IL,mobile,3,0,1,25,6,6,1,1,97.749972,-6.259972000000005,0.9359593378097404
159.23,entertainment,38,FL,mobile,3,0,7,27,3,0,0,0,97.749972,61.48002799999999,1.6289518565902825
30.87,fashion,61,NY,mobile,6,0,19,2,8,2,0,0,97.749972,-66.879972,0.3158057138286882
306.42,fuel,53,NY,mobile,2,0,17,14,9,2,0,0,97.749972,208.670028,3.1347323236600793
39.87,grocery,37,FL,mobile,2,0,10,25,6,5,1,0,97.749972,-57.879972,0.40787735051343693
113.8,electronics,45,CA,mobile,2,0,5,18,11,5,1,1,97.749972,16.050027999999998,1.1641946949693787
84.41,fashion,51,CA,mobile,5,0,3,18,7,3,0,1,97.749972,-13.339972000000003,0.8635296502844046
206.69,fuel,62,IL,desktop,5,0,17,21,9,5,1,0,97.749972,108.940028,2.1144762873745244
139.36,electronics,53,TX,tablet,5,0,17,1,3,1,0,0,97.749972,41.610028000000014,1.4256781431540653
46.53,fashion,39,TX,mobile,2,0,13,8,9,4,0,0,97.749972,-51.219972,0.4760103616601511
19.94,entertainment,24,FL,tablet,4,0,13,15,10,5,1,0,97.749972,-77.809972,0.20398982616598782
148.93,entertainment,21,TX,mobile,5,0,18,15,11,4,0,0,97.749972,51.18002800000001,1.5235809834955147
72.63,grocery,64,NY,mobile,1,0,11,26,3,1,0,0,97.749972,-25.119972000000004,0.7430181080459224
111.49,entertainment,24,CA,tablet,3,0,4,6,5,5,1,1,97.749972,13.740027999999995,1.14056297488696
197.33,fashion,64,NY,mobile,1,0,16,21,2,0,0,0,97.749972,99.58002800000001,2.018721785222386
54.23,fashion,54,CA,tablet,4,0,9,20,7,3,0,0,97.749972,-43.519972,0.5547827619348805
20.49,entertainment,42,NY,desktop,2,0,20,27,7,2,0,0,97.749972,-77.259972,0.20961642618561133
180.14,grocery,48,NY,mobile,1,0,1,29,6,3,0,1,97.749972,82.39002799999999,1.8428649591545154
35.14,fashion,51,IL,tablet,2,0,4,18,7,0,0,1,97.749972,-62.609972,0.35948859034467456
102.39,fashion,48,FL,desktop,6,0,20,21,7,4,0,0,97.749972,4.640028000000001,1.047468320016825
9.79,entertainment,61,IL,tablet,5,0,3,19,5,4,0,1,97.749972,-87.959972,0.10015348034929891
91.4,grocery,22,NY,mobile,3,0,23,26,6,6,1,1,97.749972,-6.349971999999994,0.935038621442893
105.39,entertainment,45,CA,tablet,2,0,5,6,5,5,1,1,97.749972,7.640028000000001,1.078158865578408
15.73,grocery,22,FL,mobile,2,0,8,21,12,5,1,0,97.749972,-82.019972,0.1609207605612331
113.53,grocery,63,TX,desktop,2,0,21,21,11,0,0,0,97.749972,15.780028000000001,1.1614325458688362
52.46,grocery,50,IL,desktop,4,0,19,5,1,4,0,0,97.749972,-45.289972,0.5366753400535467
51.66,fuel,54,CA,mobile,5,0,2,13,7,3,0,1,97.749972,-46.089972,0.5284911945704578
348.8,electronics,35,CA,tablet,2,0,0,19,9,1,0,1,97.749972,251.050028,3.5682874306267074
69.0,grocery,55,CA,desktop,4,0,13,12,6,6,1,0,97.749972,-28.749972,0.7058825479164071
26.72,fashion,40,NY,desktop,2,0,23,18,11,0,0,1,97.749972,-71.029972,0.2733504591351652
111.41,electronics,21,IL,desktop,1,0,18,26,1,4,0,0,97.749972,13.660027999999997,1.139744560338651
7.33,entertainment,48,NY,mobile,1,0,13,12,12,1,0,0,97.749972,-90.419972,0.07498723298880093
69.39,fashion,36,TX,tablet,6,0,14,26,12,0,0,0,97.749972,-28.359972,0.7098723188394129
135.33,electronics,18,FL,desktop,4,0,10,2,2,4,0,0,97.749972,37.58002800000001,1.3844505102830056
131.02,fashion,59,NY,mobile,2,0,8,13,1,5,1,0,97.749972,33.27002800000001,1.3403584264928647
21.23,fashion,58,NY,tablet,2,0,6,21,10,4,0,0,97.749972,-76.519972,0.21718676075746846
157.57,fuel,59,CA,tablet,3,0,1,24,12,5,1,1,97.749972,59.82002799999999,1.6119697547128733
110.09,fashion,35,NY,mobile,0,0,13,20,8,1,0,0,97.749972,12.340028000000004,1.1262407202915545
176.72,fashion,55,IL,desktop,4,0,7,25,11,0,0,0,97.749972,78.970028,1.807877737214311
25.23,entertainment,62,CA,desktop,3,0,11,8,8,1,0,0,97.749972,-72.519972,0.25810748817291235
93.43,fashion,30,TX,mobile,4,0,1,8,7,5,1,1,97.749972,-4.319971999999993,0.9558058906062308
173.16,entertainment,41,CA,mobile,1,0,7,4,4,0,0,0,97.749972,75.410028,1.771458289814566
16.27,fuel,53,TX,tablet,4,0,14,29,9,3,0,0,97.749972,-81.479972,0.16644505876231802
6.65,fuel,24,CA,mobile,3,0,18,26,6,6,1,0,97.749972,-91.099972,0.06803070932817547
71.42,grocery,60,FL,mobile,2,0,15,15,2,1,0,0,97.749972,-26.329971999999998,0.7306395880027506
271.23,fashion,58,TX,mobile,4,0,4,12,7,1,0,1,97.749972,173.480028,2.7747322242227117
39.24,entertainment,58,TX,desktop,2,0,7,16,1,1,0,0,97.749972,-58.509972,0.4014323359455046
21.42,fashion,18,TX,desktop,3,0,17,28,8,2,0,0,97.749972,-76.329972,0.21913049530970205
25.06,electronics,18,TX,tablet,2,0,13,2,5,3,0,0,97.749972,-72.689972,0.256368357257756
17.52,fashion,55,IL,mobile,6,0,8,9,5,3,0,0,97.749972,-80.229972,0.17923278607964424
9.76,fashion,39,IL,mobile,3,0,17,30,7,6,1,0,97.749972,-87.989972,0.0998465748936831
39.52,fuel,21,IL,desktop,3,0,6,1,11,1,0,0,97.749972,-58.229972,0.4042967868645857
169.41,grocery,49,IL,mobile,3,0,10,10,2,4,0,0,97.749972,71.660028,1.7330951078625874
116.84,grocery,27,FL,desktop,4,0,8,23,2,2,0,0,97.749972,19.090028000000004,1.1952944478051162
82.71,fuel,38,FL,desktop,6,0,22,13,4,5,1,1,97.749972,-15.039972000000006,0.846138341132841
96.02,fuel,22,NY,desktop,4,0,0,12,5,4,0,1,97.749972,-1.7299720000000036,0.9823020616077306
152.52,fuel,32,IL,tablet,4,0,22,24,9,1,0,1,97.749972,54.77002800000001,1.5603073363508757
49.68,fuel,65,IL,desktop,2,0,7,1,10,1,0,0,97.749972,-48.069972,0.5082354344998131
131.57,entertainment,62,TX,tablet,3,0,10,21,11,0,0,0,97.749972,33.82002799999999,1.3459850265124882
12.4,grocery,20,TX,tablet,5,0,11,21,3,1,0,0,97.749972,-85.349972,0.12685425498787606
294.07,grocery,20,CA,tablet,3,0,13,31,8,2,0,0,97.749972,196.32002799999998,3.008389577764896
86.47,electronics,59,FL,desktop,6,0,0,1,2,2,0,1,97.749972,-11.279972,0.8846038249033583
109.59,electronics,56,FL,mobile,3,0,17,17,1,1,0,0,97.749972,11.840028000000004,1.1211256293646241
73.1,grocery,53,FL,desktop,1,0,13,26,3,6,1,0,97.749972,-24.649972000000005,0.7478262935172371
18.21,fashion,54,IL,tablet,4,0,13,8,3,1,0,0,97.749972,-79.539972,0.18629161155880833
53.58,fuel,48,IL,mobile,2,0,1,23,2,3,0,1,97.749972,-44.169972,0.5481331437298709
224.52,entertainment,62,FL,desktop,2,0,23,2,9,4,0,1,97.749972,126.77002800000001,2.2968804298288656
46.88,electronics,43,CA,tablet,4,1,23,1,7,5,1,1,97.749972,-50.869972,0.47959092530900244
92.7,fuel,41,FL,tablet,2,0,23,30,12,4,0,1,97.749972,-5.049971999999997,0.9483378578529122
116.39,electronics,68,FL,mobile,1,0,16,19,8,0,0,0,97.749972,18.640028,1.1906908659708786
20.27,fuel,63,TX,mobile,2,0,9,12,8,4,0,0,97.749972,-77.479972,0.2073657861777619
4.65,grocery,43,NY,mobile,2,0,22,31,10,0,0,1,97.749972,-93.099972,0.04757034562045353
120.98,entertainment,18,TX,tablet,3,0,7,7,10,0,0,0,97.749972,23.230028000000004,1.2376474006801006
124.91,fuel,57,CA,mobile,4,0,4,19,7,4,0,1,97.749972,27.160027999999997,1.277852015365774
38.66,grocery,37,IL,mobile,2,0,14,28,6,2,0,0,97.749972,-59.089972,0.3954988304702652
118.46,fuel,59,TX,desktop,5,0,7,10,4,0,0,0,97.749972,20.710027999999994,1.2118673424083708
81.49,entertainment,36,IL,desktop,3,0,5,16,4,6,1,1,97.749972,-16.259972000000005,0.8336575192711306
21.15,fashion,44,TX,mobile,2,0,14,25,6,5,1,0,97.749972,-76.59997200000001,0.21636834620915957
217.97,grocery,53,NY,desktop,3,0,23,10,11,4,0,1,97.749972,120.220028,2.229872738686076
34.0,entertainment,24,NY,desktop,2,0,11,30,8,2,0,0,97.749972,-63.749972,0.34782618303127305
47.59,grocery,56,NY,desktop,1,0,0,6,1,4,0,1,97.749972,-50.159971999999996,0.4868543544252437
386.23,entertainment,67,IL,tablet,1,0,3,7,3,3,0,1,97.749972,288.480028,3.951203137416724
58.53,grocery,22,NY,mobile,1,0,1,15,4,5,1,1,97.749972,-39.219972,0.5987725439064827
17.92,entertainment,45,NY,mobile,2,0,6,16,12,0,0,0,97.749972,-79.829972,0.18332485882118865
66.59,electronics,60,FL,mobile,1,0,5,9,2,4,0,1,97.749972,-31.159971999999996,0.6812278096486022
34.42,electronics,20,FL,tablet,5,0,12,26,3,6,1,0,97.749972,-63.329972,0.3521228594098947
36.05,entertainment,38,TX,tablet,6,0,17,10,7,0,0,0,97.749972,-61.699972,0.36879805583168807
171.03,entertainment,59,FL,tablet,2,0,3,31,5,2,0,1,97.749972,73.280028,1.7496680024658422
125.04,electronics,32,FL,desktop,1,0,5,6,2,6,1,1,97.749972,27.290028000000007,1.279181939006776
8.92,fuel,48,IL,desktop,2,0,3,22,11,1,0,1,97.749972,-88.829972,0.09125322213643988
94.88,electronics,40,FL,desktop,3,0,5,19,3,6,1,1,97.749972,-2.869972000000004,0.9706396542943291
51.41,fashion,22,NY,mobile,4,0,12,19,4,2,0,0,97.749972,-46.339972,0.5259336491069926
225.71,electronics,39,NY,mobile,4,0,15,3,7,2,0,0,97.749972,127.96002800000001,2.3090543462349604
330.66,fashion,62,TX,mobile,3,0,12,9,4,1,0,0,97.749972,232.910028,3.3827119317976697
325.82,fuel,30,TX,tablet,1,0,15,26,6,6,1,0,97.749972,228.07002799999998,3.3331978516249823
59.71,entertainment,43,CA,desktop,3,0,21,25,1,2,0,0,97.749972,-38.039972,0.6108441584940387
7.15,entertainment,46,FL,mobile,0,0,19,18,5,5,1,0,97.749972,-90.599972,0.07314580025510596
16.98,electronics,64,FL,tablet,2,0,6,10,9,5,1,0,97.749972,-80.769972,0.17370848787855933
31.97,grocery,68,TX,desktop,2,0,3,20,11,6,1,1,97.749972,-65.779972,0.3270589138679353
248.46,electronics,39,CA,desktop,2,0,22,16,2,3,0,1,97.749972,150.71002800000002,2.5417909834102974
138.9,grocery,64,IL,mobile,7,0,17,17,1,0,0,0,97.749972,41.150028000000006,1.4209722595012892
1.09,electronics,29,IL,desktop,5,0,3,18,4,1,0,1,97.749972,-96.659972,0.011150898220708461
30.44,entertainment,27,IL,tablet,4,0,22,21,9,3,0,1,97.749972,-67.309972,0.31140673563152804
253.92,electronics,54,TX,tablet,3,0,13,27,1,4,0,0,97.749972,156.170028,2.597647776332378
6.34,fashion,55,TX,mobile,6,0,20,10,8,5,1,0,97.749972,-91.409972,0.06485935295347857
224.33,grocery,66,NY,desktop,3,0,7,5,4,2,0,0,97.749972,126.58002800000001,2.294936695276632
93.27,fuel,19,CA,mobile,3,0,23,27,10,4,0,1,97.749972,-4.479972000000004,0.9541690615096129
445.42,entertainment,64,TX,tablet,1,0,22,29,1,6,1,1,97.749972,347.670028,4.556727601346755
22.62,grocery,19,IL,tablet,0,0,23,14,7,6,1,1,97.749972,-75.129972,0.2314067135343352
77.47,grocery,44,TX,desktop,1,0,14,14,4,3,0,0,97.749972,-20.279972,0.7925321882186095
116.52,grocery,62,CA,mobile,4,0,1,31,1,0,0,1,97.749972,18.770027999999996,1.1920207896118804
18.9,electronics,21,TX,tablet,1,0,5,3,8,3,0,1,97.749972,-78.84997200000001,0.19335043703797236
212.38,grocery,31,CA,tablet,4,0,22,11,6,5,1,1,97.749972,114.630028,2.1726860221229933
64.35,grocery,39,NY,desktop,3,0,1,19,5,6,1,1,97.749972,-33.399972000000005,0.6583122022959536
25.87,grocery,20,IL,desktop,6,0,2,10,5,4,0,1,97.749972,-71.879972,0.2646548045593834
18.46,grocery,63,TX,tablet,4,0,4,18,5,3,0,1,97.749972,-79.289972,0.18884915702227356
128.58,entertainment,26,TX,desktop,1,0,20,2,7,5,1,0,97.749972,30.830028000000013,1.315396782769444
161.62,entertainment,36,IL,tablet,5,0,22,4,7,0,0,1,97.749972,63.870028000000005,1.6534019912210105
140.03,grocery,18,FL,desktop,2,0,2,29,7,4,0,1,97.749972,42.280028,1.432532364996152
3.66,grocery,29,NY,desktop,6,0,4,17,7,2,0,1,97.749972,-94.089972,0.03744246558513116
22.6,fuel,41,FL,mobile,5,0,12,1,8,3,0,0,97.749972,-75.14997199999999,0.231202109897258
397.7,grocery,60,FL,tablet,1,0,22,13,12,2,0,1,97.749972,299.950028,4.068543323280509
116.51,grocery,32,CA,tablet,3,0,19,28,8,2,0,0,97.749972,18.760028000000005,1.191918487793342
58.41,fashion,43,IL,desktop,4,0,2,4,8,3,0,1,97.749972,-39.339972,0.5975449220840194
12.0,fuel,69,NY,mobile,4,0,14,10,2,5,1,0,97.749972,-85.749972,0.12276218224633167
167.03,fashion,32,NY,desktop,2,0,19,12,12,3,0,0,97.749972,69.280028,1.7087472750503983
62.47,grocery,57,IL,mobile,0,0,4,28,11,1,0,1,97.749972,-35.279972,0.639079460410695
30.53,fashion,67,TX,mobile,4,0,14,20,4,2,0,0,97.749972,-67.219972,0.3123274519983755
6.96,electronics,34,FL,desktop,3,0,11,10,7,0,0,0,97.749972,-90.789972,0.07120206570287237
38.91,entertainment,34,CA,mobile,3,0,19,7,8,6,1,0,97.749972,-58.839972,0.3980563759337304
44.24,fuel,67,NY,desktop,7,0,10,12,10,5,1,0,97.749972,-53.509972,0.45258324521480947
20.34,fashion,61,NY,tablet,1,0,5,23,7,5,1,1,97.749972,-77.409972,0.20808189890753218
13.97,electronics,21,FL,desktop,3,0,20,21,6,4,0,0,97.749972,-83.779972,0.1429156404984378
79.59,grocery,52,TX,mobile,4,0,7,25,2,5,1,0,97.749972,-18.159971999999996,0.8142201737487949
1.11,grocery,44,IL,desktop,2,0,15,13,2,1,0,0,97.749972,-96.639972,0.011355501857785682
142.2,grocery,26,TX,tablet,3,0,5,12,8,0,0,1,97.749972,44.45002799999999,1.4547318596190302
33.57,electronics,46,IL,desktop,3,0,0,28,4,4,0,1,97.749972,-64.17997199999999,0.3434272048341129
168.45,fashion,67,TX,tablet,4,0,23,14,8,0,0,1,97.749972,70.70002799999999,1.7232741332828807
120.78,entertainment,44,NY,desktop,1,0,22,31,10,0,0,1,97.749972,23.030028,1.2356013643093282
20.44,entertainment,58,NY,tablet,1,0,22,25,3,0,0,1,97.749972,-77.309972,0.20910491709291829
242.05,electronics,45,NY,tablet,2,0,0,23,7,6,1,1,97.749972,144.300028,2.4762155177270486
70.45,fuel,55,IL,tablet,2,0,1,18,4,1,0,1,97.749972,-27.299971999999997,0.7207163116045056
50.18,fashion,51,CA,desktop,2,0,1,31,5,1,0,1,97.749972,-47.569972,0.5133505254267436
55.05,fuel,25,TX,tablet,3,0,21,25,5,2,0,0,97.749972,-42.699972,0.5631715110550465
40.68,grocery,65,NY,mobile,4,0,7,24,10,3,0,0,97.749972,-57.069972,0.41616379781506435
8.48,fashion,50,NY,mobile,5,0,8,11,3,0,0,0,97.749972,-89.269972,0.08675194212074105
733.9,grocery,26,IL,desktop,3,0,16,21,9,2,0,0,97.749972,636.150028,7.507930462548567
10.3,fashion,32,CA,tablet,5,0,6,27,1,3,0,0,97.749972,-87.449972,0.10537087309476803
230.52,entertainment,39,TX,desktop,2,0,2,25,11,5,1,1,97.749972,132.77002800000002,2.3582615209520315
97.48,entertainment,19,IL,mobile,1,0,2,11,8,3,0,1,97.749972,-0.26997199999999566,0.9972381271143677
128.53,entertainment,30,IL,tablet,4,0,0,26,10,5,1,1,97.749972,30.780028,1.314885273676751
92.49,electronics,66,FL,desktop,5,0,11,25,3,4,0,0,97.749972,-5.259972000000005,0.9461895196636013
45.47,grocery,61,NY,tablet,7,0,2,28,10,5,1,1,97.749972,-52.279972,0.4651663688950584
16.26,entertainment,32,TX,mobile,3,0,9,11,4,1,0,0,97.749972,-81.489972,0.16634275694377942
1.6,fashion,45,FL,mobile,5,0,14,21,1,5,1,0,97.749972,-96.149972,0.01636829096617756
135.34,fuel,58,FL,mobile,4,0,13,10,5,4,0,0,97.749972,37.590028000000004,1.384552812101544
560.86,fuel,31,FL,tablet,2,0,13,23,11,2,0,0,97.749972,463.110028,5.737699794556465
1.23,fashion,45,TX,desktop,4,0,7,9,3,2,0,0,97.749972,-96.519972,0.012583123680248996
29.76,electronics,19,FL,tablet,3,0,11,25,3,4,0,0,97.749972,-67.989972,0.30445021197090255
103.64,entertainment,37,FL,desktop,2,0,12,9,11,2,0,0,97.749972,5.890028000000001,1.0602560473341511
30.79,grocery,24,CA,mobile,1,0,4,3,3,6,1,1,97.749972,-66.959972,0.31498729928037933
129.05,entertainment,36,CA,tablet,5,0,4,20,6,1,0,1,97.749972,31.30002800000001,1.3202049682407586
116.08,grocery,51,NY,tablet,4,0,4,22,6,5,1,1,97.749972,18.330028,1.1875195095961817
77.12,fashion,56,CA,mobile,3,0,11,24,4,2,0,0,97.749972,-20.629971999999995,0.7889516245697583
63.22,fuel,66,CA,desktop,3,0,0,3,8,3,0,1,97.749972,-34.529972,0.6467520968010907
17.93,electronics,69,NY,tablet,4,0,16,29,11,4,0,0,97.749972,-79.819972,0.18342716063972725
36.56,grocery,56,NY,desktop,4,0,13,26,2,6,1,0,97.749972,-61.189972,0.3740154485771572
253.63,fashion,42,FL,desktop,2,0,12,31,1,1,0,0,97.749972,155.88002799999998,2.5946810235947586
170.98,fashion,63,CA,mobile,1,0,0,15,1,5,1,1,97.749972,73.23002799999999,1.749156493373149
140.34,grocery,65,CA,desktop,3,0,1,30,5,3,0,1,97.749972,42.590028000000004,1.435703721370849
87.84,electronics,53,TX,tablet,1,0,5,4,9,2,0,1,97.749972,-9.909971999999996,0.8986191740431478
71.68,fuel,43,NY,mobile,6,0,10,6,6,3,0,0,97.749972,-26.069971999999993,0.7332994352847546
118.47,electronics,18,FL,mobile,1,0,13,15,6,2,0,0,97.749972,20.720028,1.2119696442269094
95.56,electronics,37,CA,tablet,4,0,19,29,5,2,0,0,97.749972,-2.1899719999999974,0.9775961779549546
86.18,entertainment,43,CA,mobile,5,0,17,22,11,4,0,0,97.749972,-11.569971999999993,0.8816370721657387
27.39,electronics,64,FL,mobile,4,0,2,27,7,2,0,1,97.749972,-70.359972,0.28020468097725204
112.81,grocery,68,CA,tablet,4,0,1,17,4,2,0,1,97.749972,15.060028000000003,1.1540668149340563
113.03,electronics,26,IL,desktop,7,0,8,23,1,6,1,0,97.749972,15.280028000000001,1.1563174549419057
21.88,fuel,31,FL,mobile,2,0,16,6,3,0,0,0,97.749972,-75.869972,0.22383637896247807
87.09,electronics,44,CA,desktop,3,0,2,11,10,2,0,1,97.749972,-10.659971999999996,0.8909465376527521
36.69,fashion,52,NY,tablet,5,0,21,21,12,2,0,0,97.749972,-61.059972,0.37534537221815906
62.42,fuel,64,NY,desktop,2,0,18,31,10,1,0,0,97.749972,-35.329972,0.6385679513180019
102.97,grocery,53,IL,mobile,4,0,23,17,9,6,1,1,97.749972,5.220027999999999,1.0534018254920643
66.05,entertainment,63,IL,desktop,2,0,14,3,6,0,0,0,97.749972,-31.699972000000002,0.6757035114475172
198.06,fashion,42,IL,tablet,1,0,0,17,5,1,0,1,97.749972,100.310028,2.026189817975704
14.88,entertainment,63,IL,tablet,6,0,18,7,3,0,0,0,97.749972,-82.869972,0.15222510598545128
24.77,entertainment,69,FL,mobile,5,0,22,17,5,4,0,1,97.749972,-72.979972,0.25340160452013627
20.08,electronics,40,IL,tablet,1,0,3,30,7,6,1,1,97.749972,-77.669972,0.20542205162552832
171.2,fashion,58,TX,desktop,4,0,13,5,7,2,0,0,97.749972,73.45002799999999,1.7514071333809984
336.53,fashion,67,CA,desktop,1,0,11,10,9,5,1,0,97.749972,238.78002799999996,3.442763099279833
27.29,entertainment,42,FL,desktop,4,0,22,6,4,3,0,1,97.749972,-70.459972,0.27918166279186596
1.0,grocery,51,FL,tablet,3,0,10,16,8,4,0,0,97.749972,-96.749972,0.010230181853860973
313.5,fuel,31,FL,mobile,6,0,11,22,9,4,0,0,97.749972,215.750028,3.207162011185415
32.56,fashion,61,CA,desktop,6,0,3,3,7,0,0,1,97.749972,-65.189972,0.3330947211617133
145.57,grocery,28,NY,desktop,3,0,2,11,11,0,0,1,97.749972,47.82002799999999,1.4892075724665417
23.73,grocery,49,FL,tablet,3,0,6,1,5,6,1,0,97.749972,-74.019972,0.2427622153921209
142.95,fashion,20,NY,mobile,1,0,23,28,4,6,1,1,97.749972,45.20002799999999,1.462404496009426
138.38,electronics,24,FL,mobile,3,0,19,19,7,2,0,0,97.749972,40.630027999999996,1.4156525649372813
113.99,grocery,51,TX,desktop,1,0,14,10,11,3,0,0,97.749972,16.240027999999995,1.1661384295216122
176.15,fashion,59,NY,desktop,6,0,4,6,6,3,0,1,97.749972,78.400028,1.8020465335576104
87.78,grocery,43,NY,mobile,5,0,13,24,9,1,0,0,97.749972,-9.969971999999999,0.8980053631319161
194.17,fashion,52,NY,desktop,3,0,12,15,6,3,0,0,97.749972,96.42002799999999,1.9863944105641849
76.71,fashion,42,FL,mobile,4,0,4,14,4,4,0,1,97.749972,-21.039972000000006,0.7847572500096751
111.91,electronics,43,TX,desktop,4,0,10,19,5,6,1,0,97.749972,14.160027999999997,1.1448596512655813
5.43,grocery,31,CA,desktop,1,0,14,25,1,1,0,0,97.749972,-92.319972,0.05554988746646508
14.79,fuel,56,NY,desktop,1,0,19,1,10,5,1,0,97.749972,-82.959972,0.1513043896186038
14.56,grocery,60,IL,tablet,1,0,9,23,2,4,0,0,97.749972,-83.189972,0.14895144779221578
92.91,grocery,49,FL,desktop,4,0,7,2,11,2,0,0,97.749972,-4.839972000000003,0.950486196042223
278.82,entertainment,21,NY,mobile,1,0,12,13,1,5,1,0,97.749972,181.07002799999998,2.852379304493516
221.1,electronics,69,TX,desktop,2,0,8,14,7,4,0,0,97.749972,123.350028,2.261893207888661
79.32,electronics,40,TX,mobile,2,0,18,8,7,4,0,0,97.749972,-18.429972000000006,0.8114580246482523
38.47,entertainment,52,IL,desktop,2,0,4,22,10,6,1,1,97.749972,-59.279972,0.3935550959180316
264.7,entertainment,25,FL,tablet,2,0,8,26,8,0,0,0,97.749972,166.95002799999997,2.7079291367169995
99.92,grocery,59,NY,mobile,5,0,9,6,12,1,0,0,97.749972,2.170028000000002,1.0221997708377883
182.09,grocery,38,TX,tablet,1,0,4,24,7,6,1,1,97.749972,84.340028,1.8628138137695445
59.19,electronics,20,FL,tablet,2,0,22,6,9,2,0,1,97.749972,-38.559972,0.6055244639300309
151.51,fashion,44,TX,mobile,5,0,9,5,3,6,1,0,97.749972,53.76002799999999,1.5499748526784758
35.15,fuel,33,IL,desktop,1,0,1,10,2,3,0,1,97.749972,-62.599972,0.35959089216321316
338.95,entertainment,44,IL,mobile,4,0,0,15,3,4,0,1,97.749972,241.20002799999997,3.4675201393661768
10.74,grocery,36,FL,desktop,4,0,9,31,12,5,1,0,97.749972,-87.009972,0.10987215311046684
125.21,grocery,55,FL,tablet,3,0,14,14,1,5,1,0,97.749972,27.460027999999994,1.2809210699219322
226.02,grocery,28,IL,desktop,4,0,1,22,10,5,1,1,97.749972,128.27002800000002,2.3122257026096573
106.66,fuel,28,CA,mobile,6,0,17,1,11,1,0,0,97.749972,8.910027999999997,1.0911511965328113
28.19,fuel,54,CA,desktop,2,0,21,3,11,4,0,0,97.749972,-69.559972,0.2883888264603408
98.98,electronics,44,IL,desktop,4,0,19,17,7,2,0,0,97.749972,1.2300280000000043,1.0125833998951592
82.12,electronics,20,NY,desktop,3,0,23,18,8,3,0,1,97.749972,-15.629971999999995,0.8401025338390631
49.13,fashion,39,TX,mobile,3,0,11,31,1,0,0,0,97.749972,-48.619972,0.5026088344801897
88.13,grocery,36,FL,tablet,3,0,18,5,11,6,1,0,97.749972,-9.619972000000004,0.9015859267807674
163.43,fuel,69,NY,tablet,2,0,16,14,7,6,1,0,97.749972,65.68002800000001,1.6719186203764989
173.47,electronics,63,FL,mobile,5,0,5,8,8,0,0,1,97.749972,75.720028,1.774629646189263
85.87,electronics,56,NY,mobile,5,0,21,11,3,0,0,0,97.749972,-11.879971999999995,0.8784657157910418
153.79,electronics,41,TX,tablet,2,0,14,28,5,5,1,0,97.749972,56.04002799999999,1.5732996673052788
60.73,entertainment,41,CA,tablet,1,0,23,1,6,5,1,1,97.749972,-37.019972,0.6212789439849769
199.83,entertainment,48,NY,mobile,5,0,22,20,1,4,0,1,97.749972,102.08002800000001,2.0442972398570385
454.21,fashion,45,FL,mobile,2,0,14,17,1,1,0,0,97.749972,356.46002799999997,4.646650899842192
21.79,fashion,59,FL,mobile,2,0,3,5,4,2,0,1,97.749972,-75.959972,0.2229156625956306
293.2,grocery,68,CA,desktop,1,0,17,22,10,5,1,0,97.749972,195.45002799999997,2.999489319552037
114.94,entertainment,24,TX,desktop,1,0,21,16,10,0,0,0,97.749972,17.190027999999998,1.1758571022827802
12.5,entertainment,26,IL,desktop,4,0,0,25,11,4,0,1,97.749972,-85.249972,0.12787727317326217
69.94,grocery,64,FL,mobile,4,0,19,10,1,2,0,0,97.749972,-27.809972000000002,0.7154989188590364
204.33,fuel,39,NY,mobile,0,0,15,15,6,2,0,0,97.749972,106.58002800000001,2.0903330581994126
133.75,electronics,67,IL,mobile,2,0,7,5,12,0,0,0,97.749972,36.000028,1.3682868229539051
309.31,electronics,43,FL,mobile,1,0,8,14,9,3,0,0,97.749972,211.560028,3.1642975492177374
27.01,grocery,42,FL,tablet,5,0,14,19,2,5,1,0,97.749972,-70.739972,0.2763172118727849
61.55,fuel,48,NY,tablet,4,0,20,25,4,1,0,0,97.749972,-36.199972,0.6296676931051428
19.37,fuel,19,FL,tablet,6,0,4,27,9,2,0,1,97.749972,-78.379972,0.19815862250928706
164.83,fuel,26,IL,tablet,5,0,20,17,10,3,0,0,97.749972,67.08002800000001,1.6862408749719042
299.7,electronics,66,IL,tablet,4,0,14,8,11,2,0,0,97.749972,201.95002799999997,3.0659855016021336
72.98,electronics,54,CA,tablet,2,0,23,17,10,1,0,1,97.749972,-24.769971999999996,0.7465986716947738
114.78,grocery,54,NY,mobile,2,0,4,30,1,6,1,1,97.749972,17.030028,1.1742202731861624
52.66,entertainment,48,CA,desktop,3,0,5,26,9,3,0,1,97.749972,-45.089972,0.5387213764243188
3.5,fuel,67,CA,mobile,4,0,10,17,1,1,0,0,97.749972,-94.249972,0.035805636488513405
26.51,entertainment,56,FL,mobile,4,0,13,22,6,5,1,0,97.749972,-71.239972,0.2712021209458544
35.64,entertainment,62,TX,tablet,2,0,13,13,9,4,0,0,97.749972,-62.109972,0.3646036812716051
140.47,entertainment,27,IL,tablet,4,0,16,11,10,2,0,0,97.749972,42.720028,1.4370336450118508
41.83,fashion,63,TX,tablet,0,0,12,8,2,1,0,0,97.749972,-55.919972,0.42792850694700446
11.17,entertainment,20,IL,mobile,3,0,7,3,3,3,0,0,97.749972,-86.579972,0.11427113130762706
34.18,entertainment,41,TX,tablet,3,0,2,2,3,5,1,1,97.749972,-63.569972,0.349667615764968
10.22,entertainment,46,FL,desktop,4,0,12,19,12,3,0,0,97.749972,-87.529972,0.10455245854645914
51.8,fashion,53,NY,mobile,2,0,15,16,11,5,1,0,97.749972,-45.949972,0.5299234200299984
35.12,grocery,47,CA,tablet,2,0,10,28,5,1,0,0,97.749972,-62.629972,0.3592839867075973
53.59,grocery,69,FL,desktop,2,0,21,29,4,5,1,0,97.749972,-44.159971999999996,0.5482354455484095
215.91,fuel,33,TX,tablet,2,0,7,4,6,6,1,0,97.749972,118.160028,2.2087985640671226
59.96,grocery,43,TX,tablet,2,0,11,12,5,3,0,0,97.749972,-37.789972,0.6134017039575039
6.9,fuel,39,CA,mobile,0,0,18,12,4,4,0,0,97.749972,-90.849972,0.07058825479164071
580.6,grocery,25,IL,tablet,5,0,19,20,12,4,0,0,97.749972,482.850028,5.939643584351681
90.75,fashion,49,NY,mobile,2,0,17,23,8,4,0,0,97.749972,-6.999972,0.9283890032378833
269.78,fashion,23,TX,mobile,4,0,10,4,4,0,0,0,97.749972,172.03002799999996,2.759898460534613
169.95,entertainment,57,TX,tablet,1,0,8,6,10,6,1,0,97.749972,72.20002799999999,1.7386194060636722
32.13,electronics,33,NY,tablet,4,0,1,1,4,4,0,1,97.749972,-65.61997199999999,0.32869574296455306
39.04,fuel,57,IL,tablet,6,0,8,28,10,4,0,0,97.749972,-58.709972,0.3993862995747324
75.12,grocery,45,IL,desktop,0,0,20,10,5,4,0,0,97.749972,-22.629971999999995,0.7684912608620363
45.66,electronics,27,FL,tablet,3,0,8,1,2,2,0,0,97.749972,-52.089972,0.467110103447292
320.83,grocery,45,CA,desktop,1,0,20,14,7,3,0,0,97.749972,223.08002799999997,3.2821492441742155
50.46,fuel,33,FL,desktop,3,0,2,24,12,6,1,1,97.749972,-47.289972,0.5162149763458247
20.0,fashion,50,NY,desktop,1,0,13,7,8,0,0,0,97.749972,-77.749972,0.20460363707721946
236.35,fashion,49,FL,desktop,4,0,5,22,7,5,1,1,97.749972,138.600028,2.417903481160041
45.03,grocery,35,TX,mobile,7,0,8,21,11,3,0,0,97.749972,-52.719972,0.46066508887935964
133.35,entertainment,41,CA,mobile,5,0,12,18,2,6,1,0,97.749972,35.600027999999995,1.3641947502123606
157.31,fuel,25,IL,desktop,5,0,5,9,10,6,1,1,97.749972,59.560028,1.6093099074308697
128.1,electronics,18,NY,tablet,3,0,1,26,8,4,0,1,97.749972,30.350027999999995,1.3104862954795906
23.66,fuel,34,IL,desktop,4,0,4,24,3,6,1,1,97.749972,-74.089972,0.2420461026623506
105.22,grocery,48,NY,tablet,6,0,15,6,9,2,0,0,97.749972,7.470027999999999,1.0764197346632516
111.1,fashion,68,TX,desktop,3,0,7,5,5,3,0,0,97.749972,13.350027999999995,1.136573203963954
9.56,fuel,51,IL,tablet,3,0,5,9,9,4,0,1,97.749972,-88.189972,0.0978005385229109
9.02,entertainment,68,TX,tablet,5,0,19,16,10,2,0,0,97.749972,-88.729972,0.09227624032182596
215.63,electronics,26,IL,tablet,3,0,1,11,12,0,0,1,97.749972,117.880028,2.2059341131480417
41.13,grocery,64,TX,mobile,6,0,20,2,8,2,0,0,97.749972,-56.619972,0.42076737964930183
38.51,entertainment,26,NY,desktop,2,0,12,14,4,4,0,0,97.749972,-59.239972,0.39396430319218606
37.53,fuel,32,FL,desktop,3,0,6,29,5,0,0,0,97.749972,-60.219972,0.3839387249754023
88.62,fashion,49,CA,desktop,2,0,3,26,2,0,0,1,97.749972,-9.129971999999995,0.9065987158891594
43.43,fashion,20,CA,desktop,1,0,17,19,2,0,0,0,97.749972,-54.319972,0.44429679791318205
71.01,grocery,50,CA,mobile,4,0,11,23,5,3,0,0,97.749972,-26.739971999999995,0.7264452134426678
175.13,grocery,23,CA,tablet,4,0,18,7,6,1,0,0,97.749972,77.380028,1.791611748066672
255.39,fashion,63,CA,mobile,5,0,11,14,8,2,0,0,97.749972,157.64002799999997,2.6126861436575535
48.78,grocery,33,CA,tablet,1,0,11,23,12,4,0,0,97.749972,-48.969972,0.49902827083133827
41.79,entertainment,36,CA,mobile,3,0,15,23,4,1,0,0,97.749972,-55.959972,0.42751929967285
54.26,fashion,20,FL,tablet,0,0,19,23,7,5,1,0,97.749972,-43.489972,0.5550896673904964
72.27,fashion,45,FL,desktop,3,0,16,28,4,6,1,0,97.749972,-25.479972000000004,0.7393352425785324
125.06,grocery,42,NY,mobile,3,0,2,22,1,5,1,1,97.749972,27.310028000000003,1.2793865426438533
47.16,fashion,61,TX,desktop,2,0,21,23,1,0,0,0,97.749972,-50.589972,0.48245537622808343
95.04,entertainment,25,FL,desktop,2,0,7,24,8,5,1,0,97.749972,-2.7099719999999934,0.972276483390947
9.34,fuel,43,NY,desktop,3,0,19,24,5,2,0,0,97.749972,-88.409972,0.09554989851506149
95.51,electronics,32,IL,tablet,4,0,6,21,2,2,0,0,97.749972,-2.2399719999999945,0.9770846688622615
31.21,electronics,43,CA,desktop,4,0,17,14,2,2,0,0,97.749972,-66.539972,0.31928397565900096
270.61,fuel,64,TX,tablet,2,0,2,24,4,6,1,1,97.749972,172.860028,2.768389511473318
116.97,fuel,69,NY,tablet,1,0,19,18,1,2,0,0,97.749972,19.220028,1.196624371446118
47.8,electronics,44,TX,tablet,3,0,12,30,11,2,0,0,97.749972,-49.949972,0.4890026926145545
121.28,entertainment,60,NY,desktop,2,0,0,11,2,5,1,1,97.749972,23.530028,1.2407164552362588
87.56,entertainment,30,TX,desktop,3,0,3,1,7,4,0,1,97.749972,-10.189971999999997,0.8957547231240668
91.45,electronics,51,IL,desktop,2,1,5,16,7,1,0,1,97.749972,-6.299971999999997,0.935550130535586
18.72,grocery,57,IL,tablet,3,0,4,25,10,4,0,1,97.749972,-79.029972,0.1915090043042774
5.34,grocery,34,IL,tablet,5,0,18,17,3,3,0,0,97.749972,-92.409972,0.054629171099617596
431.48,electronics,19,CA,mobile,2,0,7,24,2,3,0,0,97.749972,333.730028,4.414118866303933
12.16,electronics,46,NY,mobile,1,0,1,4,10,4,0,1,97.749972,-85.589972,0.12439901134294944
287.84,grocery,62,NY,mobile,0,1,16,11,4,0,0,0,97.749972,190.09002799999996,2.944655544815342
193.58,entertainment,63,NY,mobile,2,0,13,10,2,3,0,0,97.749972,95.83002800000001,1.9803586032704072
7.51,fuel,57,TX,mobile,2,0,6,17,11,4,0,0,97.749972,-90.239972,0.0768286657224959
125.32,grocery,36,IL,mobile,0,0,15,9,3,2,0,0,97.749972,27.570027999999994,1.282046389925857
95.45,entertainment,26,FL,mobile,4,0,6,12,6,0,0,0,97.749972,-2.299971999999997,0.9764708579510298
118.63,entertainment,40,NY,desktop,3,0,9,23,11,2,0,0,97.749972,20.880027999999996,1.2136064733235272
17.4,electronics,18,IL,desktop,5,0,11,13,8,6,1,0,97.749972,-80.34997200000001,0.1780051642571809
13.48,electronics,51,NY,mobile,4,0,12,14,6,4,0,0,97.749972,-84.269972,0.1379028513900459
130.79,fashion,25,TX,tablet,3,0,8,16,8,2,0,0,97.749972,33.04002799999999,1.3380054846664766
74.39,fashion,30,FL,desktop,5,0,9,31,8,5,1,0,97.749972,-23.359972,0.7610232281087178
8.87,grocery,44,IL,tablet,1,0,15,8,3,4,0,0,97.749972,-88.879972,0.09074171304374681
0.91,fuel,30,NY,tablet,6,0,22,22,11,4,0,1,97.749972,-96.839972,0.009309465487013486
39.32,fuel,48,FL,tablet,2,0,10,15,4,4,0,0,97.749972,-58.429972,0.4022507504938134
34.26,fuel,36,NY,desktop,3,0,17,10,1,1,0,0,97.749972,-63.489972,0.3504860303132769
27.6,grocery,50,IL,desktop,4,0,21,4,3,4,0,0,97.749972,-70.14997199999999,0.28235301916656286
29.68,entertainment,62,TX,tablet,6,0,0,12,6,6,1,1,97.749972,-68.069972,0.30363179742259366
119.3,electronics,50,NY,mobile,1,1,2,8,12,6,1,1,97.749972,21.550027999999998,1.220460695165614
104.92,entertainment,30,FL,mobile,5,0,4,29,12,3,0,1,97.749972,7.170028000000002,1.0733506801070933
5.54,grocery,67,IL,mobile,1,0,21,26,4,2,0,0,97.749972,-92.209972,0.05667520747038979
7.46,entertainment,52,NY,desktop,5,0,8,19,12,3,0,0,97.749972,-90.289972,0.07631715662980286
112.33,grocery,43,FL,mobile,2,0,1,25,11,4,0,1,97.749972,14.580027999999999,1.149156327644203
29.2,electronics,48,CA,mobile,1,0,7,7,12,3,0,0,97.749972,-68.549972,0.2987213101327404
29.01,entertainment,37,TX,tablet,3,0,19,9,11,2,0,0,97.749972,-68.739972,0.2967775755805068
6.01,fuel,44,IL,mobile,2,0,17,4,7,0,0,0,97.749972,-91.739972,0.06148339294170444
104.42,electronics,48,NY,tablet,2,0,2,12,9,0,0,1,97.749972,6.670028000000002,1.0682355891801627
187.66,electronics,62,IL,tablet,5,0,11,1,8,3,0,0,97.749972,89.910028,1.9197959266955502
111.61,entertainment,45,NY,mobile,3,0,0,12,3,5,1,1,97.749972,13.860028,1.141790596709423
18.73,fuel,68,FL,tablet,3,0,7,20,3,2,0,0,97.749972,-79.019972,0.19161130612281602
52.86,electronics,30,CA,mobile,2,0,3,13,7,3,0,1,97.749972,-44.889972,0.540767412795091
147.68,electronics,44,CA,mobile,5,0,19,2,8,2,0,0,97.749972,49.93002800000001,1.5107932561781885
35.83,entertainment,61,FL,desktop,6,0,14,17,9,1,0,0,97.749972,-61.919972,0.36654741582383865
138.36,electronics,25,FL,tablet,2,0,17,24,1,2,0,0,97.749972,40.610028000000014,1.4154479613002042
163.48,grocery,36,NY,desktop,3,0,16,20,9,2,0,0,97.749972,65.73002799999999,1.6724301294691917
7.99,entertainment,57,NY,tablet,4,0,5,24,9,1,0,1,97.749972,-89.759972,0.08173915301234917
89.03,entertainment,61,NY,desktop,7,0,4,20,7,2,0,1,97.749972,-8.719971999999999,0.9107930904492424
170.57,grocery,59,IL,mobile,2,0,1,19,5,4,0,1,97.749972,72.820028,1.744962118813066
27.9,electronics,55,TX,tablet,4,0,16,10,12,1,0,0,97.749972,-69.84997200000001,0.2854220737227211
30.83,electronics,50,IL,desktop,6,0,4,13,6,3,0,1,97.749972,-66.919972,0.3153965065545338
467.55,fashion,35,TX,tablet,1,0,13,3,1,0,0,0,97.749972,369.800028,4.783121525772698
7.45,electronics,52,NY,tablet,2,0,22,30,12,5,1,1,97.749972,-90.299972,0.07621485481126425
92.91,entertainment,36,IL,tablet,3,0,7,15,4,4,0,0,97.749972,-4.839972000000003,0.950486196042223
123.21,grocery,25,IL,mobile,3,0,16,5,12,0,0,0,97.749972,25.460027999999994,1.2604607062142104
12.02,fuel,53,CA,mobile,5,0,6,9,8,1,0,0,97.749972,-85.729972,0.12296678588340888
339.89,electronics,55,TX,tablet,1,0,14,17,1,2,0,0,97.749972,242.14002799999997,3.4771365103088057
15.46,electronics,31,FL,desktop,1,0,0,23,10,6,1,1,97.749972,-82.289972,0.15815861146069066
153.14,entertainment,57,CA,mobile,1,0,23,4,5,2,0,1,97.749972,55.39002799999999,1.5666500491002693
48.9,fuel,29,CA,mobile,4,0,9,18,5,5,1,0,97.749972,-48.849972,0.5002558926538015
135.14,fuel,64,NY,mobile,3,0,18,29,6,3,0,0,97.749972,37.39002799999999,1.3825067757307716
86.09,entertainment,44,IL,mobile,2,0,5,8,12,4,0,1,97.749972,-11.659971999999996,0.8807163557988912
73.41,electronics,35,CA,desktop,3,0,5,2,5,3,0,1,97.749972,-24.339972000000003,0.750997649891934
88.62,fuel,45,TX,tablet,0,0,20,14,12,3,0,0,97.749972,-9.129971999999995,0.9065987158891594
89.6,electronics,38,FL,desktop,2,0,23,16,10,6,1,1,97.749972,-8.149972000000005,0.9166242941059431
300.79,entertainment,45,TX,mobile,4,0,2,23,10,6,1,1,97.749972,203.040028,3.0771363998228423
3.74,electronics,23,CA,mobile,3,0,20,8,3,2,0,0,97.749972,-94.009972,0.03826088013344004
20.93,entertainment,19,IL,desktop,4,0,14,2,10,6,1,0,97.749972,-76.819972,0.21411770620131015
109.07,electronics,49,IL,tablet,1,0,8,24,9,1,0,0,97.749972,11.320027999999994,1.1158059348006162
352.59,electronics,58,CA,desktop,3,0,4,12,7,4,0,1,97.749972,254.84002799999996,3.6070598198528403
133.36,grocery,40,NY,tablet,2,0,7,23,3,3,0,0,97.749972,35.610028000000014,1.3642970520308995
150.03,fashion,52,FL,desktop,4,0,23,25,11,0,0,1,97.749972,52.280028,1.5348341835347616
57.89,entertainment,19,FL,mobile,2,0,1,21,1,4,0,1,97.749972,-39.859972,0.5922252275200117
11.47,fuel,21,FL,desktop,3,1,14,8,2,3,0,0,97.749972,-86.279972,0.11734018586378536
57.14,fashion,63,NY,tablet,3,0,16,8,1,0,0,0,97.749972,-40.609972,0.584552591129616
9.23,fuel,69,FL,tablet,3,0,12,22,5,0,0,0,97.749972,-88.519972,0.09442457851113678
46.71,entertainment,46,IL,tablet,0,0,13,30,5,0,0,0,97.749972,-51.039972,0.47785179439384606
152.72,fashion,34,IL,mobile,3,0,19,1,10,1,0,0,97.749972,54.970028,1.5623533727216476
192.81,grocery,51,CA,tablet,4,0,19,9,1,1,0,0,97.749972,95.060028,1.972481363242934
7.86,grocery,62,TX,desktop,3,0,2,23,8,4,0,1,97.749972,-89.889972,0.08040922937134724
13.22,grocery,44,NY,mobile,5,0,16,27,4,5,1,0,97.749972,-84.529972,0.13524300410804208
45.1,grocery,19,FL,mobile,1,0,15,10,12,6,1,0,97.749972,-52.649972,0.4613812016091299
24.92,fuel,42,NY,mobile,4,0,11,27,4,5,1,0,97.749972,-72.829972,0.25493613179821545
47.36,grocery,32,CA,mobile,0,0,4,11,12,0,0,1,97.749972,-50.389972,0.48450141259885565
48.38,grocery,23,FL,tablet,3,1,23,31,10,1,0,1,97.749972,-49.369972,0.4949361980897939
15.78,grocery,65,CA,tablet,2,0,13,4,1,3,0,0,97.749972,-81.969972,0.16143226965392615
54.93,grocery,22,FL,desktop,1,0,1,21,7,6,1,1,97.749972,-42.819972,0.5619438892325832
68.09,entertainment,47,NY,desktop,2,0,20,16,5,1,0,0,97.749972,-29.659971999999996,0.6965730824293936
68.58,fashion,20,CA,desktop,1,0,4,17,10,3,0,1,97.749972,-29.169972,0.7015858715377855
205.22,electronics,55,NY,mobile,7,0,22,30,11,2,0,1,97.749972,107.470028,2.0994379200493487
39.6,grocery,41,IL,tablet,4,0,8,8,7,0,0,0,97.749972,-58.149972,0.40511520141289453
74.92,electronics,38,NY,tablet,2,0,16,11,4,0,0,0,97.749972,-22.829971999999998,0.7664452244912641
72.17,grocery,21,FL,tablet,2,0,18,9,3,2,0,0,97.749972,-25.579971999999998,0.7383122243931464
66.41,fashion,63,CA,tablet,2,0,8,8,1,5,1,0,97.749972,-31.339972000000003,0.6793863769149071
90.06,entertainment,24,CA,tablet,2,0,19,18,3,4,0,0,97.749972,-7.689971999999997,0.9213301777587193
41.71,grocery,19,CA,desktop,4,0,3,14,3,1,0,1,97.749972,-56.039972,0.4267008851245412
84.87,grocery,28,NY,tablet,4,0,21,11,11,0,0,0,97.749972,-12.879971999999995,0.8682355339371808
4.14,electronics,66,FL,tablet,2,0,9,2,3,3,0,0,97.749972,-93.609972,0.042352952874984424
23.7,fuel,65,FL,tablet,1,0,21,8,10,5,1,0,97.749972,-74.049972,0.24245530993650505
17.05,entertainment,45,FL,desktop,5,0,17,12,6,2,0,0,97.749972,-80.699972,0.1744246006083296
38.16,entertainment,42,NY,desktop,6,0,11,3,11,3,0,0,97.749972,-59.589972,0.39038373954333466
50.7,electronics,65,CA,tablet,4,0,14,25,5,5,1,0,97.749972,-47.049972,0.5186702199907514
31.28,fuel,50,TX,desktop,2,0,17,28,4,6,1,0,97.749972,-66.469972,0.32000008838877125
169.3,entertainment,46,TX,desktop,5,0,16,3,3,4,0,0,97.749972,71.55002800000001,1.7319697878586628
76.0,electronics,39,NY,mobile,5,0,2,5,4,2,0,1,97.749972,-21.749972,0.7774938208934339
0.04,electronics,62,TX,desktop,3,0,1,8,12,3,0,1,97.749972,-97.709972,0.0004092072741544389
108.97,electronics,49,NY,tablet,2,0,12,27,8,6,1,0,97.749972,11.220028,1.11478291661523
35.76,electronics,41,CA,mobile,3,0,19,20,2,0,0,0,97.749972,-61.989972,0.36583130309406836
115.56,entertainment,35,FL,mobile,5,0,4,28,9,5,1,1,97.749972,17.810028000000003,1.182199815032174
166.45,entertainment,52,IL,desktop,4,0,4,12,2,0,0,1,97.749972,68.70002799999999,1.7028137695751588
54.3,fuel,41,IL,tablet,4,0,1,9,8,2,0,1,97.749972,-43.449972,0.5554988746646508
24.87,electronics,44,IL,mobile,2,0,11,10,12,5,1,0,97.749972,-72.879972,0.2544246227055224
93.7,fuel,36,TX,tablet,3,0,7,23,11,2,0,0,97.749972,-4.049971999999997,0.9585680397067732
30.92,grocery,56,NY,mobile,2,0,1,15,7,5,1,1,97.749972,-66.829972,0.3163172229213813
7.55,fuel,40,IL,desktop,5,0,2,28,8,2,0,1,97.749972,-90.199972,0.07723787299665034
7.44,grocery,63,CA,desktop,2,0,8,26,3,6,1,0,97.749972,-90.309972,0.07611255299272564
23.49,fashion,18,CA,tablet,3,0,7,11,1,3,0,0,97.749972,-74.259972,0.24030697174719423
3.96,grocery,35,TX,tablet,4,0,13,7,8,6,1,0,97.749972,-93.789972,0.040511520141289455
16.96,fashion,20,FL,desktop,5,0,3,18,2,4,0,1,97.749972,-80.789972,0.1735038842414821
2.53,fashion,63,TX,mobile,2,0,1,9,7,6,1,1,97.749972,-95.219972,0.025882360090268258
349.74,fashion,40,CA,tablet,1,0,14,20,3,6,1,0,97.749972,251.990028,3.5779038015693367
97.31,electronics,38,CA,desktop,3,0,5,2,4,1,0,1,97.749972,-0.43997199999999737,0.9954989961992112
1.27,fuel,66,CA,tablet,3,0,16,16,3,2,0,0,97.749972,-96.479972,0.012992330954403436
86.89,entertainment,52,IL,mobile,3,1,12,9,3,2,0,0,97.749972,-10.859971999999999,0.88890050128198
174.7,fuel,69,NY,desktop,3,0,1,3,1,1,0,1,97.749972,76.95002799999999,1.7872127698695117
29.83,fuel,35,CA,desktop,2,0,18,13,1,5,1,0,97.749972,-67.919972,0.3051663247006728
143.39,fuel,53,IL,desktop,4,0,12,8,9,3,0,0,97.749972,45.64002799999999,1.4669057760251247
19.82,fashion,37,FL,tablet,3,0,21,20,7,2,0,0,97.749972,-77.92997199999999,0.2027622043435245
64.84,fashion,69,IL,desktop,2,0,14,30,7,6,1,0,97.749972,-32.909971999999996,0.6633249914043455
142.24,fuel,48,IL,desktop,3,0,7,12,11,5,1,0,97.749972,44.49002800000001,1.4551410668931848
79.09,fuel,46,CA,desktop,4,0,17,17,3,4,0,0,97.749972,-18.659971999999996,0.8091050828218643
26.53,grocery,39,TX,tablet,5,0,13,9,9,4,0,0,97.749972,-71.219972,0.27140672458293164
202.5,electronics,34,NY,desktop,7,0,15,11,10,1,0,0,97.749972,104.750028,2.071611825406847
61.61,grocery,33,TX,desktop,1,0,0,25,2,4,0,1,97.749972,-36.139972,0.6302815040163745
241.69,fashion,19,NY,desktop,3,0,3,13,3,6,1,1,97.749972,143.94002799999998,2.4725326522596585
5.51,grocery,67,TX,mobile,2,0,23,23,3,5,1,1,97.749972,-92.239972,0.056368302014773955
211.96,entertainment,53,CA,tablet,4,0,13,2,6,4,0,0,97.749972,114.21002800000001,2.1683893457443717
52.71,fashion,65,CA,mobile,3,0,16,19,2,5,1,0,97.749972,-45.039972,0.5392328855170119
42.61,electronics,22,FL,desktop,3,0,3,8,8,3,0,1,97.749972,-55.139972,0.43590804879301603
63.33,fuel,40,CA,mobile,6,0,6,28,1,5,1,0,97.749972,-34.419972,0.6478774168050154
131.24,entertainment,62,CA,tablet,3,0,17,18,4,3,0,0,97.749972,33.49002800000001,1.3426090665007142
13.91,grocery,37,FL,desktop,1,0,14,4,8,4,0,0,97.749972,-83.839972,0.14230182958720614
56.89,fuel,21,TX,desktop,2,0,12,20,3,2,0,0,97.749972,-40.859972,0.5819950456661508
84.55,fashion,68,IL,mobile,0,0,21,23,3,5,1,0,97.749972,-13.199972000000002,0.8649618757439452
42.17,grocery,39,IL,tablet,4,0,11,15,10,1,0,0,97.749972,-55.579972,0.43140676877731726
97.1,electronics,28,NY,tablet,2,0,11,23,12,5,1,0,97.749972,-0.6499720000000053,0.9933506580099004
66.16,fuel,55,CA,desktop,2,0,9,22,10,5,1,0,97.749972,-31.589972000000003,0.6768288314514419
44.78,entertainment,56,CA,mobile,3,0,9,19,9,0,0,0,97.749972,-52.969972,0.4581075434158944
40.67,grocery,37,NY,tablet,8,0,9,13,7,5,1,0,97.749972,-57.079972,0.41606149599652575
552.47,fuel,57,NY,mobile,4,0,6,2,12,5,1,0,97.749972,454.720028,5.651868568802572
73.2,grocery,56,CA,mobile,3,0,22,31,5,2,0,1,97.749972,-24.549971999999997,0.7488493117026233
131.89,entertainment,60,IL,tablet,5,0,11,16,7,1,0,0,97.749972,34.14002799999999,1.3492586847057235
4.63,fashion,65,CA,mobile,2,0,2,17,10,1,0,1,97.749972,-93.119972,0.0473657419833763
50.42,entertainment,52,CA,desktop,1,0,9,27,3,2,0,0,97.749972,-47.329972,0.5158057690716703
29.44,grocery,68,CA,mobile,2,0,23,8,12,6,1,1,97.749972,-68.309972,0.30117655377766706
172.18,fashion,60,CA,desktop,5,0,14,31,8,5,1,0,97.749972,74.43002800000001,1.7614327115977824
46.53,entertainment,61,TX,mobile,6,0,8,23,1,1,0,0,97.749972,-51.219972,0.4760103616601511
11.92,entertainment,18,TX,tablet,6,0,4,16,9,4,0,1,97.749972,-85.829972,0.1219437676980228
62.12,fashion,59,TX,desktop,3,0,18,23,8,4,0,0,97.749972,-35.629972,0.6354988967618436
225.58,fashion,35,IL,tablet,3,0,14,27,1,5,1,0,97.749972,127.83002800000001,2.3077244225939584
93.08,fuel,43,CA,desktop,0,0,19,17,12,1,0,0,97.749972,-4.669972000000001,0.9522253269573793
207.2,fuel,60,TX,tablet,2,1,8,29,8,0,0,0,97.749972,109.45002799999999,2.1196936801199935
2.12,fuel,57,NY,desktop,5,0,21,20,12,4,0,0,97.749972,-95.629972,0.021687985530185264
29.66,fuel,20,IL,desktop,2,0,17,12,6,6,1,0,97.749972,-68.089972,0.30342719378551647
453.56,entertainment,31,FL,mobile,2,0,5,28,9,5,1,1,97.749972,355.810028,4.640001281637183
33.63,fuel,64,FL,desktop,2,0,3,28,5,6,1,1,97.749972,-64.11997199999999,0.3440410157453445
64.73,fashion,40,NY,tablet,1,0,21,3,12,1,0,0,97.749972,-33.019971999999996,0.6621996714004208
84.53,electronics,34,NY,desktop,4,0,5,7,10,4,0,1,97.749972,-13.219971999999999,0.864757272106868
162.28,electronics,54,IL,desktop,2,0,20,10,4,0,0,0,97.749972,64.530028,1.6601539112445587
86.29,fuel,59,CA,mobile,1,0,9,25,6,1,0,0,97.749972,-11.459971999999993,0.8827623921696633
178.91,entertainment,38,CA,desktop,3,0,20,4,2,5,1,0,97.749972,81.160028,1.8302818354742667
59.13,electronics,38,NY,mobile,4,0,19,29,2,3,0,0,97.749972,-38.619972,0.6049106530187993
124.18,fuel,68,CA,mobile,1,0,1,8,7,4,0,1,97.749972,26.430028000000007,1.2703839826124557
189.45,electronics,35,FL,mobile,3,0,22,8,11,1,0,1,97.749972,91.70002799999999,1.9381079522139613
39.09,electronics,64,NY,mobile,1,0,19,4,3,5,1,0,97.749972,-58.659971999999996,0.39989780866742547
62.04,electronics,34,IL,mobile,2,0,10,15,9,4,0,0,97.749972,-35.709972,0.6346804822135348
12.21,entertainment,57,TX,desktop,2,0,6,21,9,3,0,0,97.749972,-85.539972,0.12491052043564249
114.97,fashion,25,FL,mobile,2,0,13,1,6,5,1,0,97.749972,17.220028,1.1761640077383961
245.02,grocery,54,IL,mobile,2,0,1,17,4,0,0,1,97.749972,147.27002800000002,2.5065991578330156
156.19,fashion,29,NY,desktop,2,0,18,7,8,2,0,0,97.749972,58.440028,1.5978521037545452
122.85,grocery,52,CA,tablet,1,0,0,16,6,3,0,1,97.749972,25.100027999999995,1.2567778407468204
257.35,fashion,21,CA,desktop,5,0,22,23,9,0,0,1,97.749972,159.600028,2.6327373000911214
145.47,entertainment,24,NY,mobile,3,0,2,13,12,1,0,1,97.749972,47.720028,1.4881845542811556
18.08,electronics,50,CA,desktop,2,1,21,6,8,1,0,0,97.749972,-79.669972,0.18496168791780637
9.29,electronics,30,FL,desktop,7,0,21,30,8,2,0,0,97.749972,-88.459972,0.09503838942236843
30.4,fashion,35,TX,mobile,5,0,14,15,5,0,0,0,97.749972,-67.34997200000001,0.31099752835737354
1.22,fuel,61,FL,tablet,2,0,6,18,3,0,0,0,97.749972,-96.529972,0.012480821861710387
87.4,grocery,46,CA,mobile,6,0,19,12,2,0,0,0,97.749972,-10.349971999999994,0.8941178940274491
197.83,electronics,47,NY,desktop,2,0,7,11,6,5,1,0,97.749972,100.08002800000001,2.0238368761493164
61.54,grocery,22,NY,tablet,2,0,3,10,8,5,1,1,97.749972,-36.209972,0.6295653912866043
192.77,fuel,47,NY,mobile,4,0,3,24,12,1,0,1,97.749972,95.02002800000001,1.9720721559687797
92.68,entertainment,66,FL,tablet,4,0,0,3,6,4,0,1,97.749972,-5.069971999999993,0.948133254215835
72.87,electronics,20,CA,tablet,2,0,4,1,7,4,0,1,97.749972,-24.879971999999995,0.7454733516908492
163.22,fashion,19,NY,tablet,2,0,5,12,4,1,0,1,97.749972,65.470028,1.669770282187188
139.18,fuel,47,NY,desktop,5,0,6,5,6,2,0,0,97.749972,41.43002800000001,1.4238367104203702
187.03,electronics,60,TX,desktop,2,0,1,25,6,6,1,1,97.749972,89.280028,1.9133509121276178
74.11,entertainment,45,NY,desktop,4,0,6,27,2,0,0,0,97.749972,-23.639972,0.7581587771896366
55.41,fashion,20,TX,desktop,0,0,23,4,1,3,0,1,97.749972,-42.339972,0.5668543765224364
63.55,electronics,60,IL,tablet,5,0,5,16,7,6,1,1,97.749972,-34.199972,0.6501280568128648
15.0,fuel,47,IL,tablet,2,0,7,23,3,2,0,0,97.749972,-82.749972,0.15345272780791458
113.82,grocery,56,TX,mobile,4,0,18,25,6,5,1,0,97.749972,16.070027999999994,1.1643992986064557
106.53,electronics,44,NY,tablet,8,0,3,25,6,6,1,1,97.749972,8.780028000000001,1.0898212728918095
182.76,electronics,55,IL,mobile,2,0,20,6,4,5,1,0,97.749972,85.01002799999999,1.8696680356116313
35.45,fashion,40,CA,mobile,4,0,20,9,12,4,0,0,97.749972,-62.299972,0.3626599467193715
85.21,entertainment,51,FL,mobile,3,0,7,31,5,2,0,0,97.749972,-12.539972000000006,0.8717137957674934
18.07,grocery,32,FL,desktop,2,0,20,5,9,3,0,0,97.749972,-79.67997199999999,0.18485938609926778
135.75,grocery,35,TX,desktop,3,0,4,17,8,2,0,1,97.749972,38.000028,1.388747186661627
21.36,grocery,52,NY,tablet,1,0,20,11,1,3,0,0,97.749972,-76.389972,0.21851668439847038
30.63,entertainment,56,IL,tablet,2,0,2,11,7,1,0,1,97.749972,-67.119972,0.3133504701837616
363.98,entertainment,24,FL,tablet,2,0,11,17,6,0,0,0,97.749972,266.230028,3.723581591168317
18.6,fuel,67,IL,desktop,2,0,16,4,6,1,0,0,97.749972,-79.14997199999999,0.19028138248181412
231.02,electronics,55,CA,tablet,3,0,15,26,10,5,1,0,97.749972,133.27002800000002,2.363376611878962
84.58,grocery,60,TX,tablet,3,0,2,5,6,0,0,1,97.749972,-13.169972000000001,0.8652687811995611
241.47,grocery,55,TX,mobile,5,0,17,31,12,5,1,0,97.749972,143.720028,2.470282012251809
66.08,fashion,65,FL,mobile,5,0,8,14,5,5,1,0,97.749972,-31.669972,0.676010416903133
127.1,entertainment,35,CA,tablet,3,0,0,28,6,1,0,1,97.749972,29.350027999999995,1.3002561136257296
541.91,electronics,46,IL,desktop,4,0,20,20,10,3,0,0,97.749972,444.16002799999995,5.5438378484258
238.34,fashion,54,NY,mobile,0,0,12,9,12,4,0,0,97.749972,140.59002800000002,2.4382615430492245
22.03,electronics,59,TX,tablet,4,0,15,11,4,1,0,0,97.749972,-75.719972,0.22537090624055725
199.18,entertainment,22,CA,tablet,2,0,19,22,7,5,1,0,97.749972,101.43002800000001,2.0376476216520287
120.3,entertainment,69,TX,mobile,1,0,12,1,2,1,0,0,97.749972,22.550027999999998,1.2306908770194749
66.41,fuel,65,CA,tablet,4,0,6,1,8,3,0,0,97.749972,-31.339972000000003,0.6793863769149071
92.73,entertainment,27,NY,desktop,5,0,9,30,6,3,0,0,97.749972,-5.019971999999996,0.9486447633085281
19.67,fuel,64,FL,tablet,5,0,16,1,2,3,0,0,97.749972,-78.079972,0.20122767706544534
18.97,electronics,30,FL,tablet,2,0,16,8,12,4,0,0,97.749972,-78.779972,0.19406654976774265
121.25,electronics,55,TX,desktop,2,0,15,14,9,2,0,0,97.749972,23.500028,1.2404095497806429
41.25,fuel,40,IL,desktop,5,0,12,3,7,0,0,0,97.749972,-56.499972,0.4219950014717651
197.63,entertainment,21,NY,desktop,4,0,15,7,3,1,0,0,97.749972,99.880028,2.021790839778544
43.55,fashion,69,NY,tablet,3,0,18,6,6,1,0,0,97.749972,-54.199972,0.4455244197356453
58.98,grocery,19,NY,mobile,5,0,2,28,9,2,0,1,97.749972,-38.769972,0.6033761257407202
55.44,electronics,49,CA,tablet,1,0,13,1,1,6,1,0,97.749972,-42.309972,0.5671612819780523
21.09,grocery,24,FL,tablet,1,0,4,8,7,4,0,1,97.749972,-76.659972,0.2157545352979279
144.23,fashion,67,FL,tablet,3,0,2,1,10,5,1,1,97.749972,46.48002799999999,1.475499128782368
89.75,fuel,38,TX,desktop,5,0,12,17,10,3,0,0,97.749972,-7.999972,0.9181588213840223
22.99,electronics,35,CA,desktop,4,0,14,12,2,5,1,0,97.749972,-74.759972,0.23519188082026374
44.18,electronics,67,IL,desktop,5,0,10,22,12,6,1,0,97.749972,-53.569972,0.4519694343035778
25.0,entertainment,36,FL,mobile,5,0,17,22,7,4,0,0,97.749972,-72.749972,0.25575454634652434
416.06,entertainment,18,IL,mobile,5,0,8,9,10,6,1,0,97.749972,318.310028,4.256369462117396
319.99,entertainment,35,IL,desktop,5,0,19,25,1,2,0,0,97.749972,222.240028,3.2735558914169727
370.54,grocery,34,TX,desktop,3,0,1,20,4,3,0,1,97.749972,272.790028,3.790691584129645
60.65,electronics,49,TX,mobile,4,0,23,30,5,0,0,1,97.749972,-37.099972,0.620460529436668
51.2,fuel,55,CA,mobile,4,0,15,7,3,0,0,0,97.749972,-46.549972,0.5237853109176819
54.02,fashion,47,TX,mobile,3,0,0,10,3,3,0,1,97.749972,-43.729972,0.5526344237455698
320.87,fashion,20,IL,mobile,2,0,23,1,12,4,0,1,97.749972,223.120028,3.2825584514483706
227.69,grocery,26,FL,desktop,3,0,18,27,3,6,1,0,97.749972,129.94002799999998,2.3293101063056048
7.01,grocery,41,FL,desktop,3,0,13,17,9,1,0,0,97.749972,-90.739972,0.07171357479556542
93.48,grocery,54,TX,desktop,2,0,11,11,10,4,0,0,97.749972,-4.269971999999996,0.9563173996989238
52.38,fashion,55,NY,tablet,3,0,0,1,11,4,0,1,97.749972,-45.369972,0.5358569255052378
167.3,entertainment,23,IL,tablet,8,0,15,26,8,0,0,0,97.749972,69.55002800000001,1.7115094241509408
214.96,fashion,30,TX,desktop,5,0,5,2,4,5,1,1,97.749972,117.21002800000001,2.1990798913059546
68.16,grocery,35,NY,mobile,3,0,5,21,11,1,0,1,97.749972,-29.589972000000003,0.6972891951591639
136.06,entertainment,46,IL,desktop,2,0,10,25,11,0,0,0,97.749972,38.310028,1.391918543036324
27.0,fashion,69,CA,mobile,2,0,7,26,12,1,0,0,97.749972,-70.749972,0.27621491005424625
81.03,grocery,36,IL,desktop,1,0,9,17,3,3,0,0,97.749972,-16.719972,0.8289516356183546
27.48,grocery,26,NY,tablet,2,0,9,24,12,5,1,0,97.749972,-70.269972,0.2811253973440995
118.29,electronics,63,FL,desktop,1,0,4,20,10,4,0,1,97.749972,20.540028000000007,1.2101282114932146
24.34,fashion,19,NY,mobile,3,0,7,6,9,1,0,0,97.749972,-73.409972,0.24900262632297607
50.57,fuel,57,CA,tablet,2,0,20,6,5,5,1,0,97.749972,-47.179972,0.5173402963497494
73.43,electronics,52,FL,mobile,3,0,18,2,9,5,1,0,97.749972,-24.319971999999993,0.7512022535290113
288.35,grocery,19,TX,desktop,5,0,18,17,7,0,0,0,97.749972,190.600028,2.9498729375608117
14.07,entertainment,68,FL,desktop,1,0,22,14,5,5,1,1,97.749972,-83.67997199999999,0.14393865868382388
38.09,grocery,67,IL,mobile,5,0,1,27,5,0,0,1,97.749972,-59.659971999999996,0.3896676268135645
63.53,entertainment,54,NY,desktop,3,0,1,3,7,0,0,1,97.749972,-34.219972,0.6499234531757876
48.03,fashion,61,TX,tablet,2,0,2,21,1,6,1,1,97.749972,-49.719972,0.49135563444094255
35.39,fuel,35,CA,tablet,3,0,17,28,7,4,0,0,97.749972,-62.359972,0.3620461358081398
3.44,grocery,38,TX,mobile,2,0,23,5,11,5,1,1,97.749972,-94.309972,0.035191825577281746
140.83,entertainment,64,NY,desktop,0,0,11,12,5,4,0,0,97.749972,43.08002800000001,1.440716510479241
22.94,grocery,25,NY,mobile,4,0,20,7,2,1,0,0,97.749972,-74.809972,0.23468037172757072
11.43,fashion,56,CA,mobile,1,0,6,24,6,0,0,0,97.749972,-86.319972,0.11693097858963092
99.67,fuel,40,FL,tablet,4,0,21,5,9,1,0,0,97.749972,1.920028000000002,1.0196422253743231
17.29,grocery,27,TX,mobile,2,0,21,21,11,3,0,0,97.749972,-80.459972,0.1768798442532562
76.15,fashion,34,FL,desktop,2,0,9,21,10,4,0,0,97.749972,-21.599971999999994,0.7790283481715131
22.14,grocery,48,NY,mobile,3,0,9,20,12,4,0,0,97.749972,-75.609972,0.22649622624448193
140.68,fashion,62,CA,tablet,1,0,6,26,6,0,0,0,97.749972,42.93002800000001,1.4391819832011616
36.33,entertainment,62,NY,mobile,1,0,19,9,4,5,1,0,97.749972,-61.419972,0.3716625067507691
36.06,electronics,35,TX,desktop,2,0,19,4,3,4,0,0,97.749972,-61.689972,0.3689003576502267
93.63,fashion,35,NY,mobile,2,0,1,7,3,0,0,1,97.749972,-4.119972000000004,0.9578519269770028
1.94,fuel,36,TX,tablet,3,0,14,20,4,5,1,0,97.749972,-95.809972,0.019846552796490287
29.61,fuel,44,NY,mobile,3,1,13,10,4,6,1,0,97.749972,-68.139972,0.3029156846928234
104.74,entertainment,46,FL,mobile,1,0,18,16,5,3,0,0,97.749972,6.990027999999995,1.0715092473733983
69.7,grocery,69,FL,mobile,5,0,9,8,12,6,1,0,97.749972,-28.049971999999997,0.7130436752141098
66.02,fashion,56,NY,mobile,1,0,16,23,4,1,0,0,97.749972,-31.729972000000004,0.6753966059919014
69.49,fashion,33,FL,tablet,2,0,7,12,1,2,0,0,97.749972,-28.259972000000005,0.7108953370247989
136.73,grocery,63,IL,desktop,3,0,9,26,2,6,1,0,97.749972,38.98002799999999,1.3987727648784107
81.0,grocery,61,FL,desktop,5,0,10,1,2,2,0,0,97.749972,-16.749972,0.8286447301627388
59.22,grocery,62,FL,mobile,6,0,7,14,8,0,0,0,97.749972,-38.529972,0.6058313693856467
31.79,grocery,23,FL,mobile,3,0,17,4,5,2,0,0,97.749972,-65.959972,0.3252174811342403
566.25,entertainment,21,TX,desktop,2,0,9,14,9,2,0,0,97.749972,468.500028,5.792840474748775
281.22,grocery,58,TX,tablet,4,0,3,25,9,2,0,1,97.749972,183.470028,2.876931740942783
185.59,fashion,20,TX,tablet,2,0,11,31,7,0,0,0,97.749972,87.840028,1.898619450258058
15.08,fashion,63,TX,desktop,5,0,21,20,7,5,1,0,97.749972,-82.669972,0.15427114235622347
57.88,grocery,48,TX,desktop,4,0,3,26,12,1,0,1,97.749972,-39.869972,0.5921229257014732
8.17,grocery,64,FL,mobile,6,0,1,11,8,3,0,1,97.749972,-89.579972,0.08358058574604414
317.79,fashion,34,NY,mobile,1,0,22,24,4,6,1,1,97.749972,220.040028,3.251049491338479
75.79,entertainment,66,TX,tablet,6,0,19,30,8,2,0,0,97.749972,-21.959971999999993,0.7753454827041232
96.88,fashion,41,TX,desktop,2,0,4,4,4,0,0,1,97.749972,-0.8699720000000042,0.9911000180020509
645.11,fashion,63,NY,mobile,3,0,14,15,11,1,0,0,97.749972,547.360028,6.599592615744252
32.67,fashion,68,TX,tablet,1,0,19,11,3,5,1,0,97.749972,-65.079972,0.33422004116563797
164.87,grocery,49,FL,tablet,5,0,16,3,3,3,0,0,97.749972,67.120028,1.6866500822460586
221.49,electronics,27,NY,mobile,1,0,0,27,9,4,0,1,97.749972,123.74002800000001,2.265882978811667
26.22,grocery,53,FL,tablet,3,0,8,7,1,5,1,0,97.749972,-71.529972,0.2682353682082347
130.79,entertainment,44,IL,tablet,3,0,5,18,10,4,0,1,97.749972,33.04002799999999,1.3380054846664766
70.51,electronics,21,FL,tablet,4,0,21,11,5,3,0,0,97.749972,-27.239971999999995,0.7213301225157372
14.95,fuel,47,CA,tablet,1,0,5,12,2,5,1,1,97.749972,-82.799972,0.15294121871522154
74.38,grocery,36,FL,desktop,3,0,22,24,10,1,0,1,97.749972,-23.369972000000004,0.7609209262901792
134.15,fuel,28,FL,tablet,2,0,19,23,5,0,0,0,97.749972,36.400028000000006,1.3723788956954495
111.0,fashion,61,IL,desktop,2,0,10,24,1,2,0,0,97.749972,13.250028,1.135550185778568
78.58,fashion,19,NY,tablet,2,0,3,8,12,3,0,1,97.749972,-19.169972,0.8038876900763953
85.9,fuel,28,CA,mobile,2,0,19,3,5,2,0,0,97.749972,-11.849971999999994,0.8787726212466577
255.75,electronics,61,NY,desktop,2,0,3,5,11,1,0,1,97.749972,158.000028,2.6163690091249436
22.79,electronics,51,IL,tablet,7,0,23,26,8,4,0,1,97.749972,-74.959972,0.23314584444949155
135.34,entertainment,40,CA,mobile,4,0,2,21,12,5,1,1,97.749972,37.590028000000004,1.384552812101544
88.14,fuel,31,CA,desktop,3,0,15,21,1,5,1,0,97.749972,-9.609971999999999,0.9016882285993062
100.83,grocery,51,FL,tablet,5,0,15,2,3,2,0,0,97.749972,3.0800279999999987,1.031509236324802
0.84,electronics,49,CA,tablet,5,0,10,29,9,6,1,0,97.749972,-96.909972,0.008593352757243216
172.9,entertainment,45,CA,tablet,2,0,19,9,12,5,1,0,97.749972,75.150028,1.7687984425325622
41.84,entertainment,60,IL,tablet,3,0,5,21,6,4,0,1,97.749972,-55.909971999999996,0.4280308087655431
499.9,fuel,41,CA,desktop,1,0,13,1,7,5,1,0,97.749972,402.15002799999996,5.1140679087451
21.9,fashion,38,IL,mobile,2,0,23,5,7,1,0,1,97.749972,-75.84997200000001,0.2240409825995553
70.77,entertainment,53,IL,mobile,4,0,0,12,3,1,0,1,97.749972,-26.979972000000004,0.723989969797741
77.3,fuel,51,IL,mobile,0,0,11,23,8,1,0,0,97.749972,-20.449972000000002,0.7907930573034532
37.82,entertainment,45,TX,desktop,4,0,8,14,7,3,0,0,97.749972,-59.929972,0.386905477713022
51.69,fashion,34,CA,desktop,3,0,0,3,11,4,0,1,97.749972,-46.059972,0.5287981000260736
6.59,entertainment,61,TX,mobile,2,0,10,8,7,0,0,0,97.749972,-91.159972,0.06741689841694382
27.04,fuel,55,CA,tablet,4,0,7,2,2,2,0,0,97.749972,-70.709972,0.2766241173284007
191.93,fuel,58,TX,tablet,2,0,7,9,2,2,0,0,97.749972,94.18002800000001,1.9634788032115367
11.34,entertainment,58,NY,mobile,4,0,12,27,7,5,1,0,97.749972,-86.409972,0.11601026222278343
60.82,fashion,35,TX,desktop,2,0,17,26,11,5,1,0,97.749972,-36.929972,0.6221996603518244
63.62,grocery,42,NY,tablet,0,0,11,27,7,2,0,0,97.749972,-34.129972,0.650844169542635
5.79,entertainment,49,CA,tablet,3,0,9,1,3,4,0,0,97.749972,-91.959972,0.059232752933855035
7.02,entertainment,20,CA,mobile,2,0,15,28,12,2,0,0,97.749972,-90.729972,0.07181587661410402
14.38,entertainment,65,FL,mobile,6,0,8,17,8,3,0,0,97.749972,-83.369972,0.14711001505852078
80.37,fashion,31,FL,desktop,2,0,9,18,4,0,0,0,97.749972,-17.379971999999995,0.8221997155948064
13.8,electronics,38,NY,desktop,4,0,23,19,8,5,1,1,97.749972,-83.949972,0.14117650958328143
6.02,fashion,46,IL,tablet,2,0,13,17,5,4,0,0,97.749972,-91.729972,0.06158569476024305
184.81,entertainment,40,CA,tablet,1,0,17,27,7,2,0,0,97.749972,87.060028,1.8906399084120464
40.71,fuel,69,NY,tablet,2,0,10,27,8,6,1,0,97.749972,-57.039972,0.4164707032706802
270.99,fuel,26,TX,mobile,5,0,19,22,12,6,1,0,97.749972,173.240028,2.772276980577785
269.78,electronics,30,TX,mobile,3,0,19,3,9,5,1,0,97.749972,172.03002799999996,2.759898460534613
8.2,electronics,27,IL,desktop,3,0,17,9,3,2,0,0,97.749972,-89.549972,0.08388749120165997
557.92,grocery,42,FL,mobile,5,0,3,25,1,3,0,1,97.749972,460.17002799999995,5.707623059906114
5.27,fuel,20,TX,mobile,5,0,22,7,3,1,0,1,97.749972,-92.479972,0.05391305836984732
92.1,entertainment,22,CA,mobile,3,0,4,22,12,4,0,1,97.749972,-5.649972000000005,0.9421997487405955
41.8,electronics,51,IL,mobile,3,0,4,29,12,4,0,1,97.749972,-55.949972,0.4276216014913886
20.65,entertainment,54,CA,desktop,3,0,11,27,7,5,1,0,97.749972,-77.09997200000001,0.21125325528222907
67.85,fashion,33,CA,desktop,2,0,16,15,1,0,0,0,97.749972,-29.899972000000005,0.694117838784467
4.01,entertainment,66,FL,desktop,6,0,4,10,10,0,0,1,97.749972,-93.739972,0.041023029233982496
31.4,grocery,57,NY,mobile,0,0,14,7,7,4,0,0,97.749972,-66.34997200000001,0.32122771021123453
5.34,fashion,52,NY,tablet,6,0,12,25,11,4,0,0,97.749972,-92.409972,0.054629171099617596
79.54,fashion,25,IL,mobile,2,0,3,22,11,1,0,1,97.749972,-18.209971999999993,0.8137086646561018
28.32,electronics,48,IL,mobile,3,0,3,27,4,3,0,1,97.749972,-69.42997199999999,0.28971875010134274
195.48,entertainment,61,CA,mobile,0,0,8,11,2,6,1,0,97.749972,97.73002799999999,1.9997959487927428
175.28,fuel,66,IL,mobile,3,0,5,30,9,5,1,1,97.749972,77.530028,1.7931462753447514
51.99,entertainment,30,FL,mobile,1,1,12,8,5,6,1,0,97.749972,-45.759972,0.531867154582232
47.67,fuel,30,FL,desktop,1,0,14,20,7,2,0,0,97.749972,-50.079972,0.4876727689735526
162.15,entertainment,62,TX,desktop,8,0,14,13,3,0,0,0,97.749972,64.400028,1.6588239876035569
45.32,entertainment,54,IL,desktop,3,0,4,5,8,5,1,1,97.749972,-52.429972,0.4636318416169793
167.56,fuel,62,TX,desktop,2,0,19,2,7,5,1,0,97.749972,69.810028,1.7141692714329446
3.1,grocery,55,NY,tablet,2,0,6,13,9,2,0,0,97.749972,-94.649972,0.031713563746969015
33.86,electronics,64,IL,desktop,5,0,1,10,4,0,0,1,97.749972,-63.889972,0.3463939575717325
50.05,entertainment,51,CA,desktop,2,0,10,13,12,4,0,0,97.749972,-47.699972,0.5120206017857416
54.03,electronics,38,FL,tablet,3,0,21,15,11,2,0,0,97.749972,-43.719972,0.5527367255641084
130.76,fuel,33,TX,desktop,2,0,22,24,10,3,0,1,97.749972,33.01002799999999,1.3376985792108607
42.96,grocery,53,IL,desktop,2,0,0,25,5,5,1,1,97.749972,-54.789972,0.4394886124418674
21.54,entertainment,48,FL,desktop,6,0,2,18,12,6,1,1,97.749972,-76.209972,0.22035811713216535
8.84,fuel,49,FL,desktop,1,0,3,3,9,6,1,1,97.749972,-88.909972,0.090434807588131
22.17,electronics,59,NY,mobile,5,0,2,4,12,6,1,1,97.749972,-75.579972,0.22680313170009778
202.29,entertainment,32,IL,mobile,4,0,14,4,8,4,0,0,97.749972,104.54002799999999,2.069463487217536
58.59,electronics,30,TX,desktop,5,0,10,17,12,1,0,0,97.749972,-39.159971999999996,0.5993863548177144
9.01,grocery,48,IL,tablet,2,0,16,16,4,6,1,0,97.749972,-88.739972,0.09217393850328737
243.71,grocery,60,TX,desktop,3,0,18,9,4,1,0,0,97.749972,145.96002800000002,2.493197619604458
36.64,fuel,42,CA,desktop,5,0,16,18,12,0,0,0,97.749972,-61.109972,0.37483386312546607
73.44,entertainment,50,IL,desktop,1,0,9,28,11,0,0,0,97.749972,-24.309972000000002,0.7513045553475498
186.35,grocery,51,FL,mobile,2,0,15,1,9,4,0,0,97.749972,88.600028,1.9063943884669923
66.17,fuel,41,CA,tablet,3,0,9,8,6,2,0,0,97.749972,-31.579971999999998,0.6769311332699806
13.31,grocery,45,IL,tablet,3,0,4,27,2,1,0,1,97.749972,-84.439972,0.13616372047488956
25.96,entertainment,43,FL,desktop,6,0,0,15,4,4,0,1,97.749972,-71.789972,0.2655755209262309
6.9,electronics,53,NY,tablet,2,0,11,19,5,3,0,0,97.749972,-90.849972,0.07058825479164071
306.62,fuel,23,CA,mobile,3,0,18,16,2,2,0,0,97.749972,208.870028,3.1367783600308514
125.99,fashion,50,IL,tablet,5,0,20,21,7,6,1,0,97.749972,28.240027999999995,1.2889006117679438
129.24,entertainment,55,IL,tablet,3,0,1,22,3,2,0,1,97.749972,31.49002800000001,1.3221487027929921
5.56,electronics,29,FL,desktop,1,0,7,27,7,3,0,0,97.749972,-92.189972,0.056879811107467
76.4,grocery,28,TX,mobile,3,0,19,2,8,4,0,0,97.749972,-21.349971999999994,0.7815858936349783
86.23,grocery,47,FL,mobile,2,0,9,25,7,1,0,0,97.749972,-11.519971999999996,0.8821485812584318
40.45,entertainment,43,IL,mobile,5,0,3,23,12,5,1,1,97.749972,-57.299972,0.4138108559886764
77.51,grocery,55,IL,mobile,4,0,9,27,3,2,0,0,97.749972,-20.239971999999995,0.7929413954927641
88.98,fashion,64,TX,mobile,2,0,6,8,2,1,0,0,97.749972,-8.769971999999996,0.9102815813565494
126.5,electronics,49,IL,mobile,4,0,18,3,4,6,1,0,97.749972,28.750028,1.294118004513413
20.44,grocery,36,TX,tablet,2,0,7,26,8,0,0,0,97.749972,-77.309972,0.20910491709291829
538.64,entertainment,37,IL,mobile,4,0,6,1,9,3,0,0,97.749972,440.890028,5.510385153763674
45.12,electronics,48,NY,mobile,5,0,18,9,11,5,1,0,97.749972,-52.629972,0.46158580524620707
44.13,fuel,52,FL,desktop,3,0,20,29,8,3,0,0,97.749972,-53.619972,0.45145792521088474
64.37,electronics,69,IL,desktop,4,0,9,20,10,6,1,0,97.749972,-33.379971999999995,0.6585168059330309
22.83,grocery,55,IL,mobile,0,0,21,30,10,0,0,0,97.749972,-74.919972,0.233555051723646
116.46,electronics,46,CA,tablet,4,0,15,18,6,5,1,0,97.749972,18.710027999999994,1.1914069787006487
35.06,electronics,47,TX,desktop,0,0,21,30,8,4,0,0,97.749972,-62.689972,0.35867017579636573
30.87,grocery,65,FL,desktop,4,0,1,15,4,4,0,1,97.749972,-66.879972,0.3158057138286882
287.82,entertainment,69,TX,tablet,3,1,4,21,12,2,0,1,97.749972,190.07002799999998,2.944450941178265
34.72,entertainment,60,NY,desktop,4,0,14,27,10,4,0,0,97.749972,-63.029972,0.355191913966053
3.43,fuel,32,FL,mobile,2,0,1,12,1,4,0,1,97.749972,-94.31997199999999,0.035089523758743135
54.79,electronics,45,FL,desktop,3,0,9,12,2,0,0,0,97.749972,-42.959972,0.5605116637730427
43.87,grocery,56,IL,tablet,3,0,19,30,1,1,0,0,97.749972,-53.879972,0.4487980779288808
15.34,fuel,34,FL,desktop,3,0,23,25,5,2,0,1,97.749972,-82.409972,0.15693098963822733
27.28,entertainment,38,IL,mobile,5,1,4,4,3,5,1,1,97.749972,-70.469972,0.27907936097332736
423.53,grocery,66,FL,mobile,1,0,18,4,8,3,0,0,97.749972,325.78002799999996,4.332788920565737
352.94,entertainment,67,NY,desktop,1,0,20,6,4,2,0,0,97.749972,255.19002799999998,3.610640383501692
22.38,fuel,37,NY,mobile,2,0,8,11,3,0,0,0,97.749972,-75.369972,0.22895146988940857
29.08,entertainment,61,TX,mobile,5,0,11,30,7,6,1,0,97.749972,-68.669972,0.29749368831027706
33.9,fuel,47,CA,tablet,2,0,4,12,9,0,0,1,97.749972,-63.849972,0.34680316484588697
25.99,electronics,19,FL,tablet,5,0,2,30,7,1,0,1,97.749972,-71.759972,0.26588242638184667
37.37,entertainment,60,FL,tablet,2,0,19,15,12,3,0,0,97.749972,-60.379972,0.38230189587878455
543.32,fashion,39,NY,desktop,1,0,0,1,12,3,0,1,97.749972,445.57002800000004,5.558262404839744
35.16,entertainment,56,CA,mobile,1,0,23,19,4,1,0,1,97.749972,-62.589972,0.35969319398175176
32.49,electronics,34,CA,mobile,4,0,23,9,2,3,0,1,97.749972,-65.259972,0.332378608431943
67.92,fuel,39,CA,desktop,1,0,4,17,2,4,0,1,97.749972,-29.829971999999998,0.6948339515142373
61.81,fuel,54,IL,tablet,4,0,8,13,4,2,0,0,97.749972,-35.939972,0.6323275403871468
96.84,grocery,57,CA,mobile,1,0,11,1,7,5,1,0,97.749972,-0.9099719999999962,0.9906908107278967
83.15,fashion,57,TX,tablet,1,0,2,18,7,3,0,1,97.749972,-14.599971999999994,0.85063962114854
66.13,fashion,31,TX,tablet,3,0,17,5,4,2,0,0,97.749972,-31.619972000000004,0.6765219259958261
59.59,fashion,67,TX,tablet,1,0,2,19,2,6,1,1,97.749972,-38.159971999999996,0.6096165366715754
78.43,electronics,27,NY,desktop,3,0,8,16,2,3,0,0,97.749972,-19.319971999999993,0.8023531627983161
74.47,fashion,30,TX,desktop,4,0,9,15,10,5,1,0,97.749972,-23.279972,0.7618416426570266
43.27,electronics,64,FL,tablet,5,0,20,21,8,6,1,0,97.749972,-54.479972,0.44265996881656433
58.21,electronics,50,NY,tablet,2,1,13,10,4,0,0,0,97.749972,-39.539972,0.5954988857132473
12.93,entertainment,64,TX,desktop,4,0,18,3,4,2,0,0,97.749972,-84.819972,0.13227625137042237
69.84,fashion,61,NY,tablet,3,0,0,19,6,6,1,1,97.749972,-27.909971999999996,0.7144759006736504
210.35,entertainment,30,NY,tablet,4,0,6,4,10,4,0,0,97.749972,112.600028,2.1519187529596557
142.88,fuel,57,FL,tablet,3,0,16,4,4,0,0,0,97.749972,45.130027999999996,1.4616883832796557
16.57,grocery,37,TX,tablet,3,0,10,17,5,2,0,0,97.749972,-81.17997199999999,0.16951411331847632
246.06,grocery,26,NY,desktop,1,0,17,13,4,2,0,0,97.749972,148.310028,2.517238546961031
91.87,grocery,38,CA,tablet,1,0,23,20,11,0,0,1,97.749972,-5.879971999999995,0.9398468069142076
52.89,grocery,20,CA,mobile,2,0,4,16,3,5,1,1,97.749972,-44.859972,0.5410743182507068
176.41,grocery,22,CA,tablet,4,0,10,16,2,2,0,0,97.749972,78.660028,1.8047063808396142
7.87,electronics,31,FL,tablet,2,0,11,30,5,1,0,0,97.749972,-89.879972,0.08051153118988585
148.18,electronics,44,IL,desktop,6,0,8,29,12,3,0,0,97.749972,50.43002800000001,1.515908347105119
130.89,entertainment,43,TX,mobile,4,1,22,19,1,3,0,1,97.749972,33.14002799999999,1.3390285028518625
76.27,entertainment,61,FL,desktop,2,0,20,22,9,4,0,0,97.749972,-21.479972000000004,0.7802559699939764
80.71,electronics,64,IL,mobile,2,0,16,7,4,4,0,0,97.749972,-17.039972000000006,0.8256779774251191
49.73,fuel,28,IL,desktop,1,0,23,28,1,4,0,1,97.749972,-48.019972,0.5087469435925062
17.26,fashion,52,TX,tablet,1,0,4,12,12,0,0,1,97.749972,-80.489972,0.1765729387976404
44.0,electronics,45,IL,mobile,0,0,13,11,11,5,1,0,97.749972,-53.749972,0.4501280015698828
113.85,fuel,36,FL,tablet,4,0,4,27,3,2,0,1,97.749972,16.100027999999995,1.1647062040620717
39.54,grocery,31,NY,tablet,5,0,22,18,10,4,0,1,97.749972,-58.209972,0.40450139050166284
32.68,grocery,57,CA,mobile,3,1,12,3,6,4,0,0,97.749972,-65.069972,0.33432234298417657
156.13,entertainment,18,TX,mobile,4,0,5,12,7,4,0,1,97.749972,58.380027999999996,1.5972382928433135
155.92,electronics,32,NY,tablet,4,0,22,20,11,0,0,1,97.749972,58.17002799999999,1.5950899546540027
32.91,fashion,38,TX,mobile,2,0,12,9,11,2,0,0,97.749972,-64.839972,0.3366752848105646
15.38,fuel,56,TX,desktop,4,0,7,14,1,5,1,0,97.749972,-82.369972,0.15734019691238177
50.77,grocery,26,NY,desktop,5,0,6,10,7,0,0,0,97.749972,-46.979972,0.5193863327205216
57.59,entertainment,50,IL,mobile,2,0,8,25,9,6,1,0,97.749972,-40.159971999999996,0.5891561729638535
212.95,electronics,57,FL,mobile,3,0,4,21,10,4,0,1,97.749972,115.20002799999999,2.178517225779694
13.18,entertainment,49,TX,mobile,4,0,16,3,3,6,1,0,97.749972,-84.569972,0.13483379683388763
5.91,grocery,58,CA,mobile,3,0,8,22,9,3,0,0,97.749972,-91.839972,0.06046037475631835
69.62,grocery,55,NY,tablet,2,0,21,10,11,3,0,0,97.749972,-28.129971999999995,0.7122252606658009
23.17,fuel,55,NY,tablet,4,0,20,12,1,4,0,0,97.749972,-74.579972,0.23703331355395876
48.55,fashion,68,IL,tablet,3,0,10,28,11,1,0,0,97.749972,-49.199972,0.4966753290049502
6.79,fashion,66,FL,tablet,1,0,3,18,8,6,1,1,97.749972,-90.959972,0.06946293478771601
212.78,entertainment,38,NY,desktop,5,0,1,18,8,3,0,1,97.749972,115.030028,2.1767780948645377
16.8,fuel,37,NY,desktop,4,0,17,23,3,2,0,0,97.749972,-80.949972,0.17186705514486436
2.47,fuel,36,IL,tablet,3,0,11,28,12,5,1,0,97.749972,-95.279972,0.025268549179036606
18.7,grocery,68,FL,tablet,5,0,22,16,5,0,0,1,97.749972,-79.049972,0.19130440066720017
60.04,entertainment,46,NY,desktop,4,0,12,22,11,4,0,0,97.749972,-37.709972,0.6142201185058128
106.17,grocery,25,FL,tablet,4,0,20,2,11,3,0,0,97.749972,8.420028000000002,1.0861384074244196
16.74,fuel,68,CA,mobile,5,0,0,6,7,5,1,1,97.749972,-81.009972,0.17125324423363267
23.38,grocery,67,TX,desktop,2,0,0,18,5,2,0,1,97.749972,-74.369972,0.23918165174326952
121.93,fuel,68,IL,mobile,6,0,22,21,6,1,0,1,97.749972,24.180028000000007,1.2473660734412684
16.11,electronics,51,IL,mobile,3,1,12,11,10,1,0,0,97.749972,-81.639972,0.16480822966570027
15.02,fashion,62,TX,tablet,8,0,17,22,9,4,0,0,97.749972,-82.729972,0.1536573314449918
126.25,electronics,42,FL,desktop,2,0,4,24,5,4,0,1,97.749972,28.500028,1.2915604590499479
119.29,electronics,49,FL,desktop,1,0,16,3,9,1,0,0,97.749972,21.540028000000007,1.2203583933470754
87.62,fashion,59,IL,tablet,2,0,7,22,8,3,0,0,97.749972,-10.129971999999995,0.8963685340352985
2.33,entertainment,66,TX,mobile,0,0,18,21,11,0,0,0,97.749972,-95.419972,0.023836323719496066
5.38,entertainment,19,IL,tablet,3,0,4,25,9,0,0,1,97.749972,-92.369972,0.05503837837377203
13.96,fuel,59,TX,desktop,0,0,11,12,9,0,0,0,97.749972,-83.789972,0.14281333867989918
22.48,grocery,41,CA,desktop,2,0,16,9,1,0,0,0,97.749972,-75.269972,0.22997448807479468
2.37,fuel,64,NY,mobile,3,0,1,20,6,1,0,1,97.749972,-95.379972,0.024245530993650507
180.33,entertainment,34,FL,tablet,1,0,21,25,11,0,0,0,97.749972,82.58002800000001,1.8448086937067494
166.06,fuel,53,TX,desktop,1,0,1,6,9,2,0,1,97.749972,68.310028,1.6988239986521532
295.14,entertainment,30,NY,tablet,4,0,5,3,4,6,1,1,97.749972,197.39002799999997,3.0193358723485275
59.2,fashion,54,IL,desktop,5,0,16,24,10,1,0,0,97.749972,-38.549972,0.6056267657485697
25.89,fashion,45,IL,desktop,1,0,17,22,10,1,0,0,97.749972,-71.859972,0.2648594081964606
230.34,electronics,68,FL,mobile,2,0,11,29,10,5,1,0,97.749972,132.59002800000002,2.3564200882183366
25.04,entertainment,36,NY,tablet,3,0,15,15,4,0,0,0,97.749972,-72.709972,0.2561637536206787
119.45,entertainment,54,TX,desktop,2,0,13,19,2,5,1,0,97.749972,21.700028000000003,1.2219952224436932
112.09,grocery,21,FL,mobile,3,0,1,9,12,0,0,1,97.749972,14.340028000000004,1.1467010839992764
41.02,entertainment,61,NY,desktop,2,0,10,7,2,0,0,0,97.749972,-56.729972,0.41964205964537715
33.24,grocery,25,CA,tablet,1,0,11,8,10,6,1,0,97.749972,-64.509972,0.3400512448223387
13.96,fashion,55,CA,desktop,4,0,11,16,1,1,0,0,97.749972,-83.789972,0.14281333867989918
22.52,entertainment,42,IL,desktop,3,0,14,2,4,1,0,0,97.749972,-75.229972,0.2303836953489491
137.68,entertainment,18,CA,tablet,2,0,22,13,3,0,0,1,97.749972,39.93002800000001,1.4084914376395787
138.62,grocery,32,IL,tablet,4,0,23,15,11,4,0,1,97.749972,40.870028000000005,1.418107808582208
84.84,fashion,26,CA,tablet,5,0,0,19,9,0,0,1,97.749972,-12.909971999999996,0.8679286284815649
58.63,fashion,65,CA,tablet,2,0,15,5,2,5,1,0,97.749972,-39.119972,0.5997955620918689
8.96,fashion,46,IL,tablet,6,0,21,17,11,3,0,0,97.749972,-88.789972,0.09166242941059433
6.62,fuel,66,TX,mobile,1,0,13,5,9,0,0,0,97.749972,-91.129972,0.06772380387255963
414.04,fuel,67,TX,mobile,3,0,5,16,7,5,1,1,97.749972,316.290028,4.235704494772597
253.24,fuel,28,IL,tablet,4,0,1,15,12,4,0,1,97.749972,155.490028,2.590691252671753
39.03,fuel,34,TX,mobile,6,0,9,24,3,4,0,0,97.749972,-58.719972,0.3992839977561938
84.29,electronics,34,CA,tablet,2,0,8,16,5,1,0,0,97.749972,-13.459971999999993,0.8623020284619415
16.93,grocery,50,IL,tablet,1,0,2,10,7,2,0,1,97.749972,-80.819972,0.17319697878586626
9.01,entertainment,23,TX,tablet,1,0,1,9,4,5,1,1,97.749972,-88.739972,0.09217393850328737
118.05,electronics,52,IL,desktop,2,0,5,25,2,6,1,1,97.749972,20.300027999999998,1.2076729678482878
90.47,fuel,65,IL,mobile,5,0,8,29,7,0,0,0,97.749972,-7.279972000000001,0.9255245523188022
50.92,entertainment,61,NY,mobile,2,0,11,22,11,1,0,0,97.749972,-46.829972,0.5209208599986007
23.43,grocery,22,IL,desktop,2,0,17,24,3,6,1,0,97.749972,-74.319972,0.2396931608359626
181.02,electronics,57,IL,desktop,3,0,20,2,3,2,0,0,97.749972,83.27002800000001,1.8518675191859133
135.44,fuel,31,NY,mobile,3,0,14,29,12,3,0,0,97.749972,37.690028,1.38557583028693
98.94,fashion,59,CA,mobile,2,0,14,23,3,2,0,0,97.749972,1.190027999999998,1.0121741926210046
14.44,fuel,19,CA,tablet,0,0,16,28,4,6,1,0,97.749972,-83.309972,0.14772382596975245
10.15,fuel,52,FL,desktop,4,0,0,19,2,6,1,1,97.749972,-87.599972,0.10383634581668888
15.53,fuel,56,FL,mobile,4,0,4,27,10,3,0,1,97.749972,-82.219972,0.1588747241904609
0.04,electronics,51,FL,desktop,2,0,9,11,9,6,1,0,97.749972,-97.709972,0.0004092072741544389
45.39,fashion,28,FL,tablet,1,0,1,14,9,2,0,1,97.749972,-52.359972,0.4643479543467496
138.48,entertainment,55,TX,mobile,3,0,7,28,1,4,0,0,97.749972,40.73002799999999,1.4166755831226674
49.83,fashion,20,CA,desktop,4,0,21,28,2,0,0,0,97.749972,-47.919972,0.5097699617778922
152.34,electronics,49,IL,desktop,2,0,12,15,7,0,0,0,97.749972,54.590028000000004,1.5584659036171806
73.21,entertainment,51,NY,tablet,3,0,9,16,5,0,0,0,97.749972,-24.539972000000006,0.7489516135211618
72.62,fuel,27,NY,mobile,4,0,23,16,3,3,0,1,97.749972,-25.129971999999995,0.7429158062273838
130.54,electronics,21,CA,desktop,2,0,15,21,2,0,0,0,97.749972,32.79002799999999,1.3354479392030112
66.21,fashion,58,TX,tablet,3,0,10,7,1,6,1,0,97.749972,-31.539972000000006,0.677340340544135
46.31,grocery,36,IL,desktop,4,0,19,27,12,4,0,0,97.749972,-51.439972,0.4737597216523017
143.18,fuel,60,NY,mobile,4,0,4,9,4,6,1,1,97.749972,45.43002800000001,1.4647574378358141
40.83,fashion,58,CA,desktop,6,0,13,12,7,1,0,0,97.749972,-56.919972,0.4176983250931435
16.18,fuel,18,TX,tablet,5,0,9,5,11,5,1,0,97.749972,-81.569972,0.16552434239547054
97.44,fuel,42,FL,mobile,4,0,20,26,6,6,1,0,97.749972,-0.3099720000000019,0.9968289198402132
75.38,fuel,55,NY,tablet,2,0,14,16,12,4,0,0,97.749972,-22.369972000000004,0.7711511081440401
53.55,electronics,20,IL,mobile,3,0,16,4,11,4,0,0,97.749972,-44.199972,0.547826238274255
55.62,electronics,28,IL,desktop,2,0,13,30,4,1,0,0,97.749972,-42.129972,0.5690027147117472
93.14,fashion,24,IL,desktop,1,0,23,2,4,6,1,1,97.749972,-4.609971999999999,0.952839137868611
220.86,fuel,38,TX,mobile,5,0,21,11,3,4,0,0,97.749972,123.11002800000001,2.2594379642437348
57.1,electronics,26,FL,mobile,4,0,8,18,2,6,1,0,97.749972,-40.649972,0.5841433838554616
74.88,fuel,18,FL,desktop,2,0,8,14,10,0,0,0,97.749972,-22.869972000000004,0.7660360172171096
37.66,electronics,33,NY,tablet,2,0,9,15,3,1,0,0,97.749972,-60.089972,0.3852686486164042
14.05,fuel,56,IL,tablet,4,1,8,21,5,6,1,0,97.749972,-83.699972,0.14373405504674666
11.32,fuel,42,FL,tablet,1,0,2,1,1,5,1,1,97.749972,-86.42997199999999,0.11580565858570621
98.88,grocery,63,NY,desktop,4,0,4,8,4,0,0,1,97.749972,1.1300279999999958,1.011560381709773
1.4,fashion,32,IL,mobile,2,0,1,25,9,6,1,1,97.749972,-96.349972,0.014322254595405362
78.28,electronics,52,CA,desktop,2,0,7,14,10,5,1,0,97.749972,-19.469972,0.8008186355202369
160.87,entertainment,53,FL,desktop,5,0,6,30,10,0,0,0,97.749972,63.120028000000005,1.6457293548306147
18.72,fuel,28,TX,desktop,1,0,9,17,3,4,0,0,97.749972,-79.029972,0.1915090043042774
124.53,electronics,29,NY,mobile,2,0,12,5,12,1,0,0,97.749972,26.780028,1.273964546261307
18.65,electronics,59,TX,mobile,5,0,7,28,2,1,0,0,97.749972,-79.09997200000001,0.19079289157450713
131.49,fashion,66,FL,tablet,5,0,14,9,3,3,0,0,97.749972,33.74002800000001,1.3451666119641794
7.15,fuel,45,CA,tablet,5,0,23,19,6,2,0,1,97.749972,-90.599972,0.07314580025510596
77.08,entertainment,46,CA,tablet,3,0,17,29,4,5,1,0,97.749972,-20.669972,0.7885424172956038
361.73,grocery,62,NY,tablet,2,0,3,24,4,6,1,1,97.749972,263.980028,3.7005636819971297
92.71,fashion,22,TX,tablet,2,0,11,26,7,4,0,0,97.749972,-5.039972000000006,0.9484401596714507
12.93,entertainment,19,CA,mobile,5,0,5,24,10,1,0,1,97.749972,-84.819972,0.13227625137042237
54.12,electronics,57,FL,tablet,1,0,13,23,12,4,0,0,97.749972,-43.629972,0.5536574419309558
83.2,electronics,55,FL,mobile,4,0,20,2,9,0,0,0,97.749972,-14.549971999999997,0.851151130241233
398.57,entertainment,56,NY,tablet,4,0,19,11,3,4,0,0,97.749972,300.820028,4.077443581493368
39.49,fashion,21,IL,mobile,2,0,1,2,3,3,0,1,97.749972,-58.259972,0.40398988140896985
132.09,electronics,43,IL,tablet,4,0,1,12,10,2,0,1,97.749972,34.340028000000004,1.351304721076496
70.28,entertainment,27,TX,mobile,3,0,8,4,4,3,0,0,97.749972,-27.469972,0.7189771806893491
47.05,fashion,58,TX,tablet,2,0,5,19,1,4,0,1,97.749972,-50.699972,0.48133005622415875
0.64,fuel,35,TX,tablet,0,0,17,14,5,6,1,0,97.749972,-97.109972,0.006547316386471023
10.92,entertainment,35,CA,mobile,6,0,13,14,4,4,0,0,97.749972,-86.829972,0.11171358584416183
209.86,electronics,19,FL,mobile,1,1,7,18,6,1,0,0,97.749972,112.11002800000001,2.146905963851264
99.82,fuel,46,TX,mobile,1,0,3,29,7,5,1,1,97.749972,2.0700279999999935,1.0211767526524023
5.87,electronics,55,CA,mobile,2,0,23,30,5,0,0,1,97.749972,-91.879972,0.06005116748216391
9.26,fashion,31,CA,mobile,2,0,15,2,4,5,1,0,97.749972,-88.489972,0.0947314839667526
133.48,grocery,25,IL,tablet,2,0,19,4,5,3,0,0,97.749972,35.73002799999999,1.3655246738533626
19.25,entertainment,32,CA,desktop,4,0,20,14,11,3,0,0,97.749972,-78.499972,0.19693100068682373
293.29,entertainment,51,FL,mobile,4,0,3,6,1,5,1,1,97.749972,195.540028,3.0004100359188848
1.54,electronics,64,NY,tablet,6,0,22,31,3,6,1,1,97.749972,-96.209972,0.0157544800549459
21.09,grocery,25,IL,tablet,0,0,6,23,5,1,0,0,97.749972,-76.659972,0.2157545352979279
13.6,entertainment,22,NY,mobile,1,0,20,16,2,2,0,0,97.749972,-84.149972,0.13913047321250924
18.43,grocery,63,CA,mobile,4,0,10,3,5,4,0,0,97.749972,-79.319972,0.18854225156665771
136.22,fuel,36,IL,desktop,1,0,9,2,5,0,0,0,97.749972,38.470028,1.3935553721329417
17.63,fuel,52,CA,tablet,6,0,11,10,6,0,0,0,97.749972,-80.119972,0.18035810608356895
0.09,electronics,49,NY,desktop,2,0,23,29,7,0,0,1,97.749972,-97.659972,0.0009207163668474875
39.49,entertainment,28,CA,tablet,2,0,19,5,5,4,0,0,97.749972,-58.259972,0.40398988140896985
147.32,grocery,36,NY,tablet,4,0,11,9,12,4,0,0,97.749972,49.57002799999999,1.5071103907107983
66.92,electronics,49,IL,mobile,3,0,0,13,12,1,0,1,97.749972,-30.829971999999998,0.6846037696603763
88.52,fashion,19,FL,desktop,4,0,22,8,10,6,1,1,97.749972,-9.229972000000004,0.9055756977037732
9.37,fashion,47,FL,mobile,2,0,5,27,6,3,0,1,97.749972,-88.379972,0.0958568039706773
14.72,electronics,32,IL,desktop,3,0,14,30,5,1,0,0,97.749972,-83.029972,0.15058827688883353
56.18,fuel,64,NY,tablet,4,0,18,2,1,0,0,0,97.749972,-41.569972,0.5747316165499095
84.47,entertainment,66,CA,tablet,2,0,7,27,2,1,0,0,97.749972,-13.279972,0.8641434611956363
266.89,fashion,47,TX,desktop,2,0,8,13,2,0,0,0,97.749972,169.14002799999997,2.7303332349769547
16.69,electronics,24,FL,tablet,7,0,17,5,9,1,0,0,97.749972,-81.059972,0.17074173514093965
78.84,fuel,68,CA,desktop,10,0,19,20,12,4,0,0,97.749972,-18.909971999999996,0.8065475373583991
42.9,fuel,26,TX,desktop,7,0,16,19,7,4,0,0,97.749972,-54.849972,0.43887480153063574
17.61,entertainment,22,FL,tablet,3,1,1,20,4,2,0,1,97.749972,-80.139972,0.18015350244649173
13.7,electronics,24,CA,desktop,3,0,11,5,3,6,1,0,97.749972,-84.049972,0.14015349139789532
13.43,grocery,43,TX,desktop,1,0,11,15,3,1,0,0,97.749972,-84.319972,0.13739134229735286
294.33,electronics,58,FL,mobile,2,0,9,12,12,1,0,0,97.749972,196.58002799999997,3.0110494250468998
209.66,grocery,44,TX,tablet,4,0,0,2,12,4,0,1,97.749972,111.910028,2.1448599274804914
253.52,electronics,22,FL,tablet,3,0,16,2,2,3,0,0,97.749972,155.77002800000002,2.593555703590834
78.01,grocery,57,CA,mobile,3,0,17,23,1,0,0,0,97.749972,-19.739971999999995,0.7980564864196945
59.01,grocery,36,TX,desktop,0,0,1,22,11,4,0,1,97.749972,-38.739972,0.6036830311963359
77.65,fuel,27,IL,desktop,5,0,0,26,9,0,0,1,97.749972,-20.099971999999994,0.7943736209523046
73.53,fashion,35,FL,desktop,5,0,13,19,3,5,1,0,97.749972,-24.219972,0.7522252717143973
538.99,fuel,45,TX,tablet,1,0,15,14,3,3,0,0,97.749972,441.240028,5.513965717412526
40.49,electronics,22,CA,desktop,5,0,8,25,3,5,1,0,97.749972,-57.259972,0.4142200632628308
174.86,grocery,67,CA,mobile,4,0,18,29,7,4,0,0,97.749972,77.11002800000001,1.78884959896613
289.56,grocery,23,TX,tablet,3,0,13,24,8,5,1,0,97.749972,191.810028,2.9622514576039833
84.7,fuel,58,NY,mobile,1,0,13,25,11,0,0,0,97.749972,-13.049971999999997,0.8664964030220245
66.53,fuel,56,TX,mobile,5,0,21,7,10,5,1,0,97.749972,-31.219972,0.6806139987373705
146.96,electronics,35,TX,tablet,3,0,21,28,2,1,0,0,97.749972,49.21002800000001,1.5034275252434086
267.12,fashion,42,FL,tablet,5,0,3,10,3,6,1,1,97.749972,169.370028,2.7326861768033432
26.38,entertainment,63,TX,mobile,4,0,1,21,10,0,0,1,97.749972,-71.369972,0.26987219730485246
166.23,fashion,20,CA,mobile,4,0,15,2,5,3,0,0,97.749972,68.48002799999999,1.7005631295673094
14.55,electronics,59,FL,tablet,0,0,20,12,7,4,0,0,97.749972,-83.199972,0.14884914597367715
64.14,fuel,42,IL,tablet,3,0,21,27,1,4,0,0,97.749972,-33.609972,0.6561638641066428
27.12,fashion,30,CA,tablet,4,0,17,16,9,4,0,0,97.749972,-70.629972,0.2774425318767096
0.0,grocery,34,CA,desktop,3,0,14,25,12,0,0,0,97.749972,-97.749972,0.0
80.9,fuel,48,TX,tablet,4,0,18,14,12,5,1,0,97.749972,-16.849971999999994,0.8276217119773528
85.21,fashion,22,CA,desktop,4,0,7,31,7,2,0,0,97.749972,-12.539972000000006,0.8717137957674934
81.11,fuel,56,IL,tablet,4,0,5,28,8,0,0,1,97.749972,-16.639972,0.8297700501666635
3.09,electronics,31,IL,desktop,2,0,23,6,9,4,0,1,97.749972,-94.659972,0.031611261928430404
65.58,fuel,61,FL,tablet,6,0,0,4,3,4,0,1,97.749972,-32.169972,0.6708953259762026
45.78,electronics,37,IL,desktop,1,0,22,27,3,6,1,1,97.749972,-51.969972,0.46833772526975537
233.2,fuel,27,FL,desktop,1,0,23,12,7,4,0,1,97.749972,135.45002799999997,2.385678408320379
220.65,electronics,29,IL,desktop,4,0,20,23,8,4,0,0,97.749972,122.900028,2.2572896260544235
54.82,fuel,33,FL,tablet,1,0,20,25,2,4,0,0,97.749972,-42.929972,0.5608185692286586
73.97,fashion,19,IL,desktop,2,0,1,28,2,0,0,1,97.749972,-23.779972,0.7567265517300962
123.13,fuel,69,NY,mobile,5,0,5,31,12,6,1,1,97.749972,25.380027999999996,1.2596422916659016
27.75,grocery,61,CA,desktop,4,0,1,21,11,0,0,1,97.749972,-69.999972,0.283887546444642
0.07,grocery,58,TX,desktop,1,0,14,12,6,0,0,0,97.749972,-97.679972,0.0007161127297702682
149.8,entertainment,52,FL,desktop,3,0,20,31,3,3,0,0,97.749972,52.05002800000001,1.5324812417083737
60.41,fuel,68,IL,tablet,3,0,9,9,3,2,0,0,97.749972,-37.339972,0.6180052857917413
9.57,electronics,29,IL,desktop,6,0,17,25,10,1,0,0,97.749972,-88.17997199999999,0.09790284034144951
30.82,entertainment,24,CA,desktop,1,0,19,25,9,0,0,0,97.749972,-66.92997199999999,0.3152942047359952
276.23,electronics,61,NY,mobile,1,0,14,4,7,0,0,0,97.749972,178.480028,2.8258831334920167
37.3,entertainment,54,NY,mobile,8,0,7,22,7,0,0,0,97.749972,-60.449972,0.38158578314901426
12.7,fuel,26,FL,tablet,3,0,8,29,8,3,0,0,97.749972,-85.049972,0.12992330954403436
90.49,electronics,50,TX,desktop,3,0,5,25,4,0,0,1,97.749972,-7.259972000000005,0.9257291559558793
50.69,fashion,65,FL,mobile,2,0,0,2,4,5,1,1,97.749972,-47.059972,0.5185679181722127
82.31,electronics,29,TX,mobile,3,0,2,4,2,6,1,1,97.749972,-15.439971999999997,0.8420462683912967
112.76,grocery,63,TX,desktop,3,0,22,17,9,5,1,1,97.749972,15.010028000000005,1.1535553058413632
230.28,electronics,68,TX,desktop,0,0,1,26,6,2,0,1,97.749972,132.53002800000002,2.3558062773071047
51.87,electronics,25,NY,mobile,3,0,22,19,2,6,1,1,97.749972,-45.879972,0.5306395327597686
38.12,entertainment,59,FL,tablet,6,0,2,4,6,1,0,1,97.749972,-59.629972,0.3899745322691803
178.61,fashion,19,NY,mobile,6,0,2,6,3,0,0,1,97.749972,80.86002800000001,1.8272127809181085
135.59,electronics,54,FL,mobile,4,0,14,31,5,1,0,0,97.749972,37.840028000000004,1.3871103575650092
116.3,fashion,38,IL,desktop,5,0,21,24,7,6,1,0,97.749972,18.550027999999998,1.1897701496040312
56.48,fuel,34,NY,desktop,3,0,17,13,12,1,0,0,97.749972,-41.269972,0.5778006711060677
69.94,grocery,19,IL,mobile,2,0,1,22,4,0,0,1,97.749972,-27.809972000000002,0.7154989188590364
11.14,fashion,58,CA,desktop,3,0,18,25,8,3,0,0,97.749972,-86.609972,0.11396422585201124
181.17,electronics,27,NY,desktop,0,0,8,25,11,5,1,0,97.749972,83.42002799999999,1.8534020464639922
28.57,fashion,27,IL,desktop,4,0,22,15,9,3,0,1,97.749972,-69.17997199999999,0.292276295564808
67.75,fuel,66,CA,desktop,1,0,3,26,5,4,0,1,97.749972,-29.999972,0.6930948205990809
5.67,entertainment,31,TX,desktop,2,0,6,16,5,0,0,0,97.749972,-92.079972,0.05800513111139172
19.48,fashion,45,IL,desktop,3,1,2,11,6,1,0,1,97.749972,-78.269972,0.19928394251321174
7.7,grocery,23,CA,desktop,1,0,5,27,6,0,0,1,97.749972,-90.049972,0.0787724002747295
166.43,fuel,40,FL,tablet,4,0,17,6,6,1,0,0,97.749972,68.68002800000001,1.7026091659380818
38.02,electronics,51,FL,desktop,5,0,23,30,6,3,0,1,97.749972,-59.729972,0.3889515140837942
23.64,entertainment,55,TX,mobile,5,0,2,14,5,6,1,1,97.749972,-74.109972,0.2418414990252734
140.67,entertainment,47,IL,mobile,5,0,0,17,6,4,0,1,97.749972,42.92002799999999,1.439079681382623
39.34,entertainment,63,IL,tablet,1,0,13,28,8,2,0,0,97.749972,-58.409971999999996,0.4024553541308907
87.26,fashion,29,FL,tablet,5,0,10,13,6,1,0,0,97.749972,-10.489971999999995,0.8926856685679085
11.18,grocery,38,NY,desktop,4,0,9,29,8,1,0,0,97.749972,-86.569972,0.11437343312616567
54.4,electronics,37,FL,desktop,1,0,2,25,9,6,1,1,97.749972,-43.349972,0.556521892850037
88.11,fuel,30,IL,tablet,5,0,1,6,3,6,1,1,97.749972,-9.639972,0.9013813231436903
102.3,electronics,69,TX,tablet,6,0,19,28,10,0,0,0,97.749972,4.5500279999999975,1.0465476036499775
163.05,fashion,34,NY,desktop,1,0,17,27,8,6,1,0,97.749972,65.30002800000001,1.6680311512720316
27.08,grocery,68,TX,mobile,4,0,23,17,9,1,0,1,97.749972,-70.669972,0.27703332460255514
94.6,grocery,27,IL,mobile,6,0,8,18,12,2,0,0,97.749972,-3.1499720000000053,0.9677752033752479
6.61,grocery,60,NY,desktop,1,0,2,6,8,5,1,1,97.749972,-91.139972,0.06762150205402104
219.52,electronics,28,IL,mobile,0,0,18,12,2,6,1,0,97.749972,121.77002800000001,2.2457295205595607
10.48,electronics,35,NY,desktop,2,0,14,27,12,1,0,0,97.749972,-87.269972,0.107212305828463
53.06,electronics,30,TX,mobile,5,0,12,29,6,2,0,0,97.749972,-44.689972,0.5428134491658633
55.98,entertainment,19,TX,mobile,1,0,15,11,5,2,0,0,97.749972,-41.769972,0.5726855801791372
6.45,fashion,18,FL,mobile,1,0,4,22,7,4,0,1,97.749972,-91.299972,0.06598467295740328
125.38,grocery,36,CA,tablet,2,0,2,27,3,6,1,1,97.749972,27.630027999999996,1.2826602008370886
166.72,electronics,32,NY,tablet,5,0,17,12,3,1,0,0,97.749972,68.970028,1.7055759186757014
25.59,entertainment,62,FL,tablet,1,0,16,28,12,3,0,0,97.749972,-72.159972,0.2617903536403023
104.37,fuel,18,FL,mobile,5,0,16,9,5,1,0,0,97.749972,6.620028000000005,1.0677240800874697
314.9,fashion,60,FL,mobile,4,0,7,1,5,6,1,0,97.749972,217.15002799999996,3.2214842657808203
337.47,entertainment,22,NY,desktop,3,0,14,5,6,2,0,0,97.749972,239.720028,3.452379470222463
186.76,grocery,28,FL,desktop,5,0,12,26,12,0,0,0,97.749972,89.01002799999999,1.9105887630270753
41.15,entertainment,53,IL,mobile,0,0,22,19,2,6,1,1,97.749972,-56.599972,0.420971983286379
28.43,entertainment,56,IL,mobile,3,0,1,10,7,0,0,1,97.749972,-69.319972,0.29084407010526747
59.89,electronics,50,TX,mobile,1,0,15,29,8,1,0,0,97.749972,-37.859972,0.6126855912277337
32.66,entertainment,58,IL,tablet,2,0,23,1,5,0,0,1,97.749972,-65.089972,0.3341177393470993
182.7,grocery,41,IL,mobile,1,0,11,28,8,0,0,0,97.749972,84.95002799999999,1.8690542247003996
39.37,grocery,29,CA,mobile,3,0,20,21,10,0,0,0,97.749972,-58.379972,0.40276225958650647
197.78,grocery,20,CA,desktop,6,0,5,14,1,5,1,1,97.749972,100.030028,2.023325367056623
209.63,fashion,31,TX,mobile,3,1,3,13,11,2,0,1,97.749972,111.880028,2.144553022024876
43.76,fashion,46,FL,tablet,3,0,23,31,1,0,0,1,97.749972,-53.989972,0.44767275792495614
69.09,entertainment,30,FL,mobile,5,0,21,11,7,0,0,0,97.749972,-28.659971999999996,0.7068032642832547
2.03,entertainment,28,IL,mobile,2,0,7,15,2,2,0,0,97.749972,-95.719972,0.020767269163337772
41.9,fuel,42,IL,mobile,3,0,2,3,8,5,1,1,97.749972,-55.849972,0.42864461967677475
107.54,fuel,63,IL,tablet,0,0,3,13,8,6,1,1,97.749972,9.790028000000007,1.100153756564209
4.76,fuel,46,FL,tablet,2,0,17,17,3,4,0,0,97.749972,-92.989972,0.04869566562437823
277.68,grocery,49,NY,desktop,2,0,18,4,9,0,0,0,97.749972,179.930028,2.840716897180115
44.04,entertainment,47,IL,desktop,4,0,15,4,6,5,1,0,97.749972,-53.709972,0.45053720884403725
231.17,entertainment,22,TX,mobile,8,0,20,22,4,5,1,0,97.749972,133.420028,2.3649111391570408
32.84,fuel,63,FL,mobile,8,0,20,4,3,5,1,0,97.749972,-64.909972,0.3359591720807944
17.96,fashion,39,FL,tablet,9,0,22,16,2,2,0,1,97.749972,-79.789972,0.18373406609534307
7.09,electronics,19,TX,mobile,6,0,23,20,3,0,0,1,97.749972,-90.659972,0.0725319893438743
113.48,grocery,54,IL,mobile,1,0,18,29,7,0,0,0,97.749972,15.730028000000004,1.1609210367761433
225.91,grocery,58,IL,tablet,1,0,18,22,8,1,0,0,97.749972,128.160028,2.311100382605732
106.76,entertainment,52,NY,tablet,3,0,16,17,8,3,0,0,97.749972,9.010028000000005,1.0921742147181974
72.25,electronics,26,FL,desktop,1,0,9,18,6,5,1,0,97.749972,-25.499972,0.7391306389414553
93.63,fashion,22,NY,tablet,5,0,3,25,10,4,0,1,97.749972,-4.119972000000004,0.9578519269770028
137.97,fashion,39,NY,mobile,2,0,9,27,5,0,0,0,97.749972,40.220028,1.4114581903771983
10.19,electronics,40,CA,tablet,2,0,8,15,11,1,0,0,97.749972,-87.559972,0.10424555309084331
82.88,electronics,42,NY,tablet,5,0,18,19,4,1,0,0,97.749972,-14.869972000000004,0.8478774720479973
94.4,fashion,33,FL,mobile,6,0,8,23,11,5,1,0,97.749972,-3.349971999999994,0.9657291670044759
92.39,electronics,23,FL,tablet,1,0,2,18,8,3,0,1,97.749972,-5.359971999999999,0.9451665014782152
145.15,fuel,43,FL,tablet,6,0,4,30,7,6,1,1,97.749972,47.400028000000006,1.4849108960879203
6.8,electronics,49,IL,tablet,1,0,14,17,7,6,1,0,97.749972,-90.949972,0.06956523660625462
3.67,fashion,68,IL,mobile,4,0,13,12,8,5,1,0,97.749972,-94.079972,0.03754476740366977
13.08,fashion,35,NY,mobile,4,0,15,8,4,5,1,0,97.749972,-84.669972,0.13381077864850152
14.66,fuel,21,NY,desktop,6,0,22,21,2,0,0,1,97.749972,-83.089972,0.14997446597760186
12.11,fuel,43,IL,tablet,4,0,18,13,4,3,0,0,97.749972,-85.639972,0.12388750225025637
238.17,fashion,44,IL,desktop,0,0,18,6,3,2,0,0,97.749972,140.420028,2.436522412134068
84.28,fashion,22,NY,mobile,1,0,13,21,8,2,0,0,97.749972,-13.469971999999999,0.8621997266434028
214.13,grocery,57,IL,desktop,5,0,10,30,11,2,0,0,97.749972,116.380028,2.19058884036725
97.75,entertainment,48,CA,desktop,2,0,20,20,5,4,0,0,97.749972,2.800000000036107e-05,1.00000027621491
73.57,fashion,20,FL,mobile,2,0,20,18,12,0,0,0,97.749972,-24.179972000000006,0.7526344789885517
48.31,electronics,67,FL,mobile,2,0,18,16,6,6,1,0,97.749972,-49.439972,0.4942200853600236
45.34,grocery,31,NY,tablet,0,0,14,2,7,6,1,0,97.749972,-52.409971999999996,0.46383644525405654
114.76,fuel,24,IL,mobile,4,0,0,17,11,6,1,1,97.749972,17.010028000000005,1.1740156695490853
88.62,fashion,20,CA,desktop,3,0,9,22,7,0,0,0,97.749972,-9.129971999999995,0.9065987158891594
15.7,electronics,25,TX,tablet,2,0,11,11,9,0,0,0,97.749972,-82.049972,0.16061385510561726
148.06,fashion,22,TX,mobile,2,0,0,16,7,1,0,1,97.749972,50.310028,1.5146807252826557
172.5,electronics,46,TX,mobile,3,0,7,31,1,1,0,0,97.749972,74.750028,1.7647063697910177
68.12,entertainment,43,TX,desktop,2,0,22,15,7,0,0,1,97.749972,-29.629971999999995,0.6968799878850095
363.79,fuel,45,TX,mobile,2,0,10,26,3,6,1,0,97.749972,266.040028,3.7216378566160833
1.34,entertainment,63,NY,mobile,6,0,11,21,10,4,0,0,97.749972,-96.409972,0.013708443684173705
23.18,electronics,22,TX,mobile,3,0,17,3,2,4,0,0,97.749972,-74.569972,0.23713561537249733
337.0,fuel,31,FL,desktop,3,0,0,9,5,3,0,1,97.749972,239.250028,3.447571284751148
28.14,grocery,54,IL,tablet,5,0,8,4,8,4,0,0,97.749972,-69.609972,0.28787731736764777
15.83,fashion,43,FL,desktop,2,0,18,11,3,5,1,0,97.749972,-81.919972,0.1619437787466192
107.43,fuel,65,CA,tablet,2,0,3,30,9,0,0,1,97.749972,9.680028000000007,1.0990284365602843
65.8,entertainment,59,FL,desktop,0,0,12,25,4,3,0,0,97.749972,-31.949972000000002,0.673145965984052
20.86,electronics,26,FL,tablet,1,0,13,10,6,0,0,0,97.749972,-76.889972,0.2134015934715399
84.0,fuel,30,NY,mobile,5,0,4,18,10,1,0,1,97.749972,-13.749972,0.8593352757243217
14.86,entertainment,33,TX,mobile,6,0,12,8,4,4,0,0,97.749972,-82.889972,0.15202050234837405
72.56,entertainment,47,FL,tablet,2,0,10,13,3,6,1,0,97.749972,-25.189971999999997,0.7423019953161522
157.63,grocery,50,TX,tablet,2,0,12,30,1,6,1,0,97.749972,59.880027999999996,1.612583565624105
183.48,entertainment,26,CA,tablet,3,0,12,20,12,2,0,0,97.749972,85.73002799999999,1.8770337665464112
28.05,fuel,54,CA,mobile,1,0,2,4,7,1,0,1,97.749972,-69.699972,0.2869566010008003
284.83,electronics,61,FL,desktop,2,0,17,8,1,5,1,0,97.749972,187.08002799999997,2.9138626974352206
45.15,fashion,50,TX,tablet,0,0,1,17,11,4,0,1,97.749972,-52.599972,0.4618927107018229
46.72,grocery,24,IL,mobile,1,0,3,11,2,6,1,1,97.749972,-51.029972,0.47795409621238466
370.27,fashion,61,TX,mobile,1,0,10,11,7,1,0,0,97.749972,272.52002799999997,3.787929435029102
28.37,fashion,19,CA,desktop,3,0,3,29,2,3,0,1,97.749972,-69.379972,0.29023025919403583
7.5,grocery,19,CA,desktop,7,0,12,2,1,0,0,0,97.749972,-90.249972,0.07672636390395729
0.94,entertainment,42,FL,desktop,2,0,14,16,6,4,0,0,97.749972,-96.809972,0.009616370942629314
73.87,grocery,42,NY,mobile,4,0,4,19,12,1,0,1,97.749972,-23.879971999999995,0.7557035335447101
230.96,grocery,56,NY,mobile,5,0,1,15,4,5,1,1,97.749972,133.21002800000002,2.3627628009677304
71.57,electronics,49,FL,desktop,5,0,10,2,6,3,0,0,97.749972,-26.179972000000006,0.7321741152808298
32.71,entertainment,47,FL,mobile,3,0,8,13,11,0,0,0,97.749972,-65.039972,0.3346292484397924
6.83,fashion,55,FL,desktop,7,0,9,26,8,0,0,0,97.749972,-90.919972,0.06987214206187044
69.93,grocery,31,IL,tablet,4,0,12,9,5,3,0,0,97.749972,-27.819971999999993,0.7153966170404978
207.32,fashion,49,TX,mobile,4,0,9,24,12,5,1,0,97.749972,109.570028,2.120921301942457
11.72,fuel,20,FL,mobile,3,0,0,13,7,5,1,1,97.749972,-86.029972,0.11989773132725061
25.89,fashion,68,IL,mobile,2,0,15,27,4,2,0,0,97.749972,-71.859972,0.2648594081964606
307.76,fuel,45,NY,tablet,3,0,21,7,12,2,0,0,97.749972,210.01002799999998,3.148440767344253
20.37,fuel,48,FL,tablet,6,0,4,21,8,0,0,1,97.749972,-77.379972,0.20838880436314802
316.88,grocery,66,IL,mobile,2,0,0,9,6,6,1,1,97.749972,219.13002799999998,3.241740025851465
90.72,entertainment,39,FL,tablet,3,0,23,9,6,4,0,1,97.749972,-7.029972000000001,0.9280820977822675
76.68,grocery,47,FL,mobile,2,0,5,27,8,6,1,1,97.749972,-21.069971999999993,0.7844503445540595
22.22,grocery,65,TX,mobile,4,0,9,5,8,0,0,0,97.749972,-75.529972,0.2273146407927908
60.06,grocery,21,IL,desktop,1,0,5,6,6,1,0,1,97.749972,-37.689972,0.61442472214289
169.81,fuel,41,IL,desktop,2,0,17,10,12,5,1,0,97.749972,72.060028,1.737187180604132
42.48,fuel,50,FL,tablet,2,0,5,6,7,3,0,1,97.749972,-55.269972,0.4345781251520141
200.73,fashion,40,CA,desktop,1,0,23,10,1,1,0,1,97.749972,102.98002799999999,2.053504403525513
112.89,grocery,51,FL,mobile,5,0,3,27,2,0,0,1,97.749972,15.140028000000001,1.1548852294823653
122.94,entertainment,35,NY,mobile,3,0,10,15,3,2,0,0,97.749972,25.190027999999998,1.257698557113668
63.38,grocery,56,FL,desktop,2,0,10,15,8,1,0,0,97.749972,-34.369972,0.6483889258977085
2.43,entertainment,20,FL,mobile,1,0,9,6,1,5,1,0,97.749972,-95.31997199999999,0.024859341904882166
17.66,electronics,45,TX,desktop,3,0,14,13,12,1,0,0,97.749972,-80.089972,0.18066501153918477
5.26,fashion,26,NY,tablet,1,0,20,30,8,4,0,0,97.749972,-92.489972,0.053810756551308715
76.97,fuel,32,IL,mobile,2,0,17,18,7,0,0,0,97.749972,-20.779972,0.7874170972916791
5.16,grocery,63,NY,mobile,3,0,17,24,11,4,0,0,97.749972,-92.589972,0.05278773836592262
86.41,electronics,46,TX,tablet,3,0,12,13,7,5,1,0,97.749972,-11.339972000000003,0.8839900139921266
19.19,electronics,31,IL,desktop,2,0,10,25,1,2,0,0,97.749972,-78.559972,0.19631718977559207
50.26,entertainment,37,CA,desktop,3,0,13,8,8,0,0,0,97.749972,-47.489972,0.5141689399750524
419.9,entertainment,57,TX,tablet,6,0,21,18,12,6,1,0,97.749972,322.15002799999996,4.295653360436222
26.79,entertainment,52,FL,desktop,1,0,9,8,11,2,0,0,97.749972,-70.959972,0.27406657186493544
87.55,fashion,28,TX,mobile,5,0,0,18,4,1,0,1,97.749972,-10.199972000000002,0.8956524213055281
112.85,fuel,41,NY,desktop,3,0,17,15,3,1,0,0,97.749972,15.100027999999995,1.1544760222082107
67.88,electronics,42,CA,tablet,1,0,7,6,11,0,0,0,97.749972,-29.869972000000004,0.6944247442400828
47.96,grocery,44,NY,tablet,1,0,2,24,1,1,0,1,97.749972,-49.789972,0.49063952171117226
80.77,grocery,53,NY,tablet,3,0,13,9,8,4,0,0,97.749972,-16.979972000000004,0.8262917883363508
77.94,grocery,33,TX,desktop,4,0,4,4,12,0,0,1,97.749972,-19.809972000000002,0.7973403736899242
658.37,electronics,42,CA,desktop,3,0,9,26,7,2,0,0,97.749972,560.620028,6.735244827126449
36.14,electronics,62,IL,desktop,3,0,19,15,6,5,1,0,97.749972,-61.609972,0.36971877219853555
0.91,fashion,56,FL,tablet,3,0,11,30,11,5,1,0,97.749972,-96.839972,0.009309465487013486
44.29,fashion,21,FL,mobile,0,0,13,23,5,1,0,0,97.749972,-53.459972,0.45309475430750246
43.11,fuel,39,IL,tablet,3,0,6,17,5,4,0,0,97.749972,-54.639972,0.44102313971994656
50.51,entertainment,41,NY,desktop,5,0,3,8,5,6,1,1,97.749972,-47.239972,0.5167264854385177
6.2,fuel,64,CA,tablet,5,0,5,5,5,3,0,1,97.749972,-91.549972,0.06342712749393803
56.27,entertainment,65,CA,mobile,3,0,3,4,2,4,0,1,97.749972,-41.479972,0.575652332916757
234.29,fuel,22,NY,desktop,2,0,2,30,4,5,1,1,97.749972,136.540028,2.396829306541087
5.84,fashion,18,CA,desktop,5,0,21,29,9,6,1,0,97.749972,-91.909972,0.05974426202654808
111.4,entertainment,63,FL,desktop,1,0,20,27,12,2,0,0,97.749972,13.650028000000006,1.1396422585201125
89.12,electronics,23,CA,mobile,4,0,21,26,6,2,0,0,97.749972,-8.629971999999995,0.9117138068160899
133.78,entertainment,53,IL,tablet,4,0,0,23,1,1,0,1,97.749972,36.030028,1.3685937284095209
47.09,fashion,67,IL,desktop,1,0,19,15,7,4,0,0,97.749972,-50.659971999999996,0.48173926349831325
18.27,entertainment,62,TX,tablet,2,0,11,23,10,2,0,0,97.749972,-79.479972,0.18690542247003997
121.62,entertainment,30,NY,desktop,2,0,9,15,2,3,0,0,97.749972,23.870028000000005,1.2441947170665715
46.23,fashion,46,FL,desktop,0,0,23,17,11,4,0,1,97.749972,-51.519972,0.47294130710399274
99.8,entertainment,32,TX,tablet,3,0,5,25,2,6,1,1,97.749972,2.0500279999999975,1.020972149015325
59.19,entertainment,43,CA,tablet,3,0,21,11,12,6,1,0,97.749972,-38.559972,0.6055244639300309
44.89,electronics,47,FL,mobile,4,0,16,23,7,6,1,0,97.749972,-52.859972,0.45923286341981906
8.86,electronics,35,TX,tablet,7,0,7,5,9,1,0,0,97.749972,-88.889972,0.09063941122520822
282.82,entertainment,45,FL,desktop,3,0,9,6,8,5,1,0,97.749972,185.07002799999998,2.8933000319089603
77.12,entertainment,24,TX,desktop,1,0,8,31,1,1,0,0,97.749972,-20.629971999999995,0.7889516245697583
25.7,fashion,67,IL,mobile,1,0,0,1,11,4,0,1,97.749972,-72.049972,0.26291567364422697
116.48,electronics,59,NY,desktop,5,0,3,6,10,3,0,1,97.749972,18.730028000000004,1.1916115823377262
46.37,fuel,42,TX,desktop,4,0,6,20,12,1,0,0,97.749972,-51.379972,0.47437353256353326
20.75,grocery,20,FL,mobile,2,0,8,19,11,1,0,0,97.749972,-76.999972,0.21227627346761518
14.35,fashion,21,NY,mobile,1,0,22,9,12,5,1,1,97.749972,-83.399972,0.14680310960290496
52.39,electronics,22,FL,tablet,3,0,12,18,2,4,0,0,97.749972,-45.359972,0.5359592273237763
43.92,grocery,44,CA,mobile,2,0,7,27,1,3,0,0,97.749972,-53.829972,0.4493095870215739
162.76,fuel,44,TX,mobile,2,0,13,2,10,0,0,0,97.749972,65.01002799999999,1.6650643985344118
101.39,electronics,34,IL,tablet,3,0,17,10,9,5,1,0,97.749972,3.640028000000001,1.037238138162964
146.64,entertainment,36,IL,mobile,2,0,19,7,11,3,0,0,97.749972,48.89002799999999,1.5001538670501728
40.47,electronics,63,FL,desktop,2,0,2,2,10,6,1,1,97.749972,-57.279972,0.41401545962575353
239.07,fuel,52,TX,tablet,4,0,23,1,9,4,0,1,97.749972,141.32002799999998,2.4457295758025426
118.03,fuel,45,TX,mobile,1,0,20,27,5,4,0,0,97.749972,20.280028,1.2074683642112107
269.9,fashion,39,IL,tablet,2,0,1,23,7,5,1,1,97.749972,172.15002799999996,2.7611260823570762
2.75,fashion,53,TX,desktop,2,0,0,9,4,6,1,1,97.749972,-94.999972,0.028133000098117675
61.3,fashion,69,CA,desktop,6,0,19,11,10,2,0,0,97.749972,-36.449972,0.6271101476416776
117.02,electronics,58,TX,mobile,4,0,1,18,11,5,1,1,97.749972,19.270027999999996,1.197135880538811
52.35,entertainment,28,CA,desktop,3,0,8,10,7,6,1,0,97.749972,-45.399972,0.5355500200496219
361.36,fuel,57,TX,mobile,5,0,7,18,6,5,1,0,97.749972,263.610028,3.6967785147112013
32.94,grocery,23,FL,mobile,3,0,18,15,1,5,1,0,97.749972,-64.809972,0.3369821902661804
35.29,entertainment,52,TX,desktop,3,0,4,19,6,0,0,1,97.749972,-62.459972,0.36102311762275374
28.92,entertainment,50,NY,desktop,3,0,16,4,2,6,1,0,97.749972,-68.829972,0.29585685921365934
5.88,fashion,45,NY,mobile,6,0,22,22,12,4,0,1,97.749972,-91.869972,0.06015346930070252
168.84,grocery,30,NY,tablet,2,0,10,9,2,2,0,0,97.749972,71.090028,1.7272639042058866
109.78,fashion,64,IL,tablet,3,0,5,15,4,0,0,1,97.749972,12.030028000000001,1.1230693639168576
139.62,fashion,31,NY,desktop,3,0,22,28,5,5,1,1,97.749972,41.870028000000005,1.4283379904360691
28.41,grocery,20,IL,tablet,1,0,23,23,4,5,1,1,97.749972,-69.339972,0.2906394664681902
134.15,fashion,31,IL,tablet,3,0,15,21,12,3,0,0,97.749972,36.400028000000006,1.3723788956954495
111.22,fashion,28,NY,mobile,2,0,8,26,8,4,0,0,97.749972,13.470028,1.1378008257864174
106.99,grocery,39,NY,desktop,4,1,21,6,10,4,0,0,97.749972,9.240027999999995,1.0945271565445853
65.56,fashion,48,TX,mobile,3,0,4,11,6,5,1,1,97.749972,-32.189972,0.6706907223391254
219.46,electronics,19,IL,desktop,7,0,9,3,6,5,1,0,97.749972,121.71002800000001,2.245115709648329
17.94,electronics,60,FL,desktop,2,0,20,13,7,5,1,0,97.749972,-79.809972,0.18352946245826587
278.55,electronics,20,CA,mobile,4,0,3,21,12,2,0,1,97.749972,180.800028,2.849617155392974
206.16,electronics,56,CA,mobile,4,0,11,2,7,1,0,0,97.749972,108.410028,2.109054290991978
64.54,electronics,55,TX,desktop,2,0,15,3,12,1,0,0,97.749972,-33.20997199999999,0.6602559368481873
63.88,fashion,31,TX,desktop,1,0,10,4,2,6,1,0,97.749972,-33.869972,0.653504016824639
8.08,fashion,48,FL,tablet,4,0,11,7,1,5,1,0,97.749972,-89.669972,0.08265986937919666
167.59,fashion,49,TX,desktop,3,0,1,30,1,0,0,1,97.749972,69.840028,1.7144761768885604
241.83,fuel,38,IL,desktop,3,0,4,29,5,0,0,1,97.749972,144.08002800000003,2.473964877719199
291.19,electronics,27,IL,mobile,2,0,22,25,3,0,0,1,97.749972,193.44002799999998,2.9789266540257766
107.52,grocery,24,IL,desktop,3,0,7,22,8,1,0,0,97.749972,9.770027999999996,1.0999491529271317
133.05,fuel,28,FL,mobile,2,0,19,6,7,5,1,0,97.749972,35.30002800000001,1.3611256956562026
64.61,entertainment,48,TX,mobile,3,0,3,26,1,4,0,1,97.749972,-33.139972,0.6609720495779574
0.85,entertainment,21,CA,mobile,5,0,4,9,10,0,0,1,97.749972,-96.899972,0.008695654575781827
255.88,fuel,45,IL,tablet,7,0,2,10,3,3,0,1,97.749972,158.13002799999998,2.6176989327659457
344.41,electronics,59,CA,desktop,3,0,15,17,6,0,0,0,97.749972,246.660028,3.523376932288258
118.73,fuel,33,FL,tablet,1,0,12,19,10,2,0,0,97.749972,20.980028000000004,1.2146294915089133
82.39,fuel,47,CA,desktop,1,0,9,20,5,4,0,0,97.749972,-15.359971999999999,0.8428646829396056
30.25,electronics,21,TX,mobile,2,0,8,18,7,1,0,0,97.749972,-67.499972,0.3094630010792944
47.87,fuel,60,CA,desktop,4,0,5,27,10,6,1,1,97.749972,-49.879972,0.4897188053443247
36.14,grocery,54,FL,mobile,3,0,22,18,7,3,0,1,97.749972,-61.609972,0.36971877219853555
18.79,grocery,32,IL,mobile,2,0,13,3,9,5,1,0,97.749972,-78.959972,0.19222511703404768
127.3,fuel,54,TX,tablet,4,0,3,3,10,0,0,1,97.749972,29.550027999999998,1.3023021499965017
3.55,entertainment,30,TX,mobile,2,0,18,31,7,6,1,0,97.749972,-94.199972,0.03631714558120645
14.42,grocery,43,CA,tablet,4,0,4,28,5,6,1,1,97.749972,-83.329972,0.14751922233267523
80.3,electronics,54,TX,tablet,2,0,15,30,7,1,0,0,97.749972,-17.449972000000002,0.8214836028650361
45.85,entertainment,31,FL,tablet,1,0,2,6,7,5,1,1,97.749972,-51.899972,0.4690538379995256
161.13,entertainment,57,CA,desktop,4,0,7,1,8,3,0,0,97.749972,63.380027999999996,1.6483892021126185
13.42,electronics,26,NY,desktop,4,0,19,28,5,5,1,0,97.749972,-84.329972,0.13728904047881427
16.31,grocery,56,TX,tablet,3,0,2,10,3,6,1,1,97.749972,-81.439972,0.16685426603647247
120.28,fashion,31,IL,mobile,3,0,20,12,7,4,0,0,97.749972,22.530028,1.2304862733823978
57.74,entertainment,29,NY,desktop,5,0,1,5,5,3,0,1,97.749972,-40.009972,0.5906907002419326
180.86,electronics,50,NY,desktop,2,0,14,22,10,5,1,0,97.749972,83.11002800000001,1.8502306900892957
89.89,electronics,33,NY,desktop,2,0,21,20,2,0,0,0,97.749972,-7.859971999999999,0.9195910468435629
96.61,electronics,25,FL,tablet,3,0,15,19,12,1,0,0,97.749972,-1.1399720000000002,0.9883378689015085
5.76,grocery,31,TX,desktop,2,0,16,10,2,4,0,0,97.749972,-91.989972,0.0589258474782392
24.68,fashion,56,NY,tablet,3,0,21,9,3,5,1,0,97.749972,-73.069972,0.2524808881532888
121.2,fuel,19,NY,desktop,5,0,10,9,4,6,1,0,97.749972,23.450028000000003,1.2398980406879498
244.23,electronics,48,TX,tablet,6,0,13,24,5,2,0,0,97.749972,146.480028,2.498517314168465
83.26,grocery,32,CA,tablet,3,0,9,27,7,2,0,0,97.749972,-14.489971999999995,0.8517649411524646
122.25,entertainment,40,FL,mobile,6,0,10,5,9,1,0,0,97.749972,24.500028,1.250639731634504
100.72,grocery,34,FL,tablet,1,0,23,29,12,4,0,1,97.749972,2.9700279999999992,1.0303839163208772
119.76,fuel,20,FL,mobile,3,0,16,20,5,4,0,0,97.749972,22.010028000000005,1.22516657881839
7.89,grocery,39,FL,desktop,4,0,9,5,4,2,0,0,97.749972,-89.859972,0.08071613482696308
39.22,electronics,40,FL,desktop,4,0,5,26,5,6,1,1,97.749972,-58.529972,0.40122773230842734
190.71,entertainment,58,NY,tablet,3,0,20,10,3,4,0,0,97.749972,92.96002800000001,1.9509979813498262
49.74,fashion,57,NY,tablet,4,0,16,28,7,3,0,0,97.749972,-48.009972,0.5088492454110448
146.5,fashion,48,NY,desktop,8,0,15,8,12,3,0,0,97.749972,48.750028,1.4987216415906326
4.09,entertainment,64,TX,tablet,2,0,6,14,2,0,0,0,97.749972,-93.659972,0.041841443782291377
54.2,electronics,27,CA,mobile,3,0,9,16,9,0,0,0,97.749972,-43.549972,0.5544758564792648
37.57,fuel,56,FL,desktop,1,0,3,22,4,5,1,1,97.749972,-60.179972,0.38434793224955677
297.43,entertainment,30,TX,mobile,3,0,13,7,9,5,1,0,97.749972,199.680028,3.042762988793869
8.53,grocery,45,FL,desktop,2,0,0,13,7,5,1,1,97.749972,-89.219972,0.0872634512134341
10.2,electronics,35,TX,mobile,2,0,17,21,8,2,0,0,97.749972,-87.549972,0.10434785490938192
34.34,electronics,63,FL,desktop,2,0,8,2,6,4,0,0,97.749972,-63.409971999999996,0.35130444486158585
10.64,entertainment,40,FL,mobile,4,0,19,6,3,0,0,0,97.749972,-87.109972,0.10884913492508076
73.25,entertainment,48,NY,tablet,3,0,16,13,12,4,0,0,97.749972,-24.499972,0.7493608207953163
3.94,fuel,40,FL,tablet,0,0,20,23,7,1,0,0,97.749972,-93.809972,0.04030691650421223
5.13,electronics,64,NY,desktop,2,0,5,1,12,3,0,1,97.749972,-92.619972,0.052480832910306786
114.34,fuel,62,TX,desktop,5,0,22,3,9,6,1,1,97.749972,16.590028000000004,1.1697189931704637
75.01,entertainment,53,IL,desktop,5,0,12,19,10,3,0,0,97.749972,-22.739971999999995,0.7673659408581116
131.49,grocery,68,NY,mobile,3,0,8,21,2,0,0,0,97.749972,33.74002800000001,1.3451666119641794
248.2,entertainment,55,NY,mobile,3,0,11,13,2,1,0,0,97.749972,150.45002799999997,2.5391311361282933
44.34,fuel,27,NY,mobile,4,0,18,15,6,3,0,0,97.749972,-53.409971999999996,0.45360626340019555
50.14,fuel,30,NY,mobile,7,0,10,21,11,0,0,0,97.749972,-47.609972,0.5129413181525891
22.24,fashion,22,TX,desktop,3,0,3,20,10,4,0,1,97.749972,-75.509972,0.227519244429868
100.39,fashion,19,CA,desktop,3,0,16,9,7,6,1,0,97.749972,2.640028000000001,1.027007956309103
249.21,grocery,68,CA,mobile,5,0,4,8,5,6,1,1,97.749972,151.46002800000002,2.5494636198006932
100.07,grocery,32,CA,mobile,3,0,3,16,11,2,0,1,97.749972,2.3200279999999935,1.0237342981158675
390.98,electronics,38,IL,desktop,2,0,19,12,9,1,0,0,97.749972,293.230028,3.9997965012225634
170.36,fashion,25,NY,mobile,2,0,12,15,1,6,1,0,97.749972,72.61002800000001,1.7428137806237554
188.09,grocery,66,IL,mobile,5,0,18,6,8,1,0,0,97.749972,90.340028,1.9241949048927105
51.9,grocery,22,TX,desktop,1,1,20,2,12,5,1,0,97.749972,-45.849972,0.5309464382153845
263.02,grocery,55,NY,tablet,0,0,12,5,11,1,0,0,97.749972,165.27002799999997,2.690742431202513
37.28,entertainment,28,TX,desktop,4,0,9,17,12,5,1,0,97.749972,-60.469972,0.38138117951193706
282.66,grocery,33,IL,tablet,1,0,14,11,11,0,0,0,97.749972,184.910028,2.891663202812343
234.59,grocery,68,NY,desktop,2,0,22,5,11,5,1,1,97.749972,136.84002800000002,2.3998983610972457
142.04,fuel,58,FL,desktop,2,0,20,23,9,5,1,0,97.749972,44.29002799999999,1.4530950305224124
6.3,entertainment,25,TX,tablet,6,0,14,8,12,3,0,0,97.749972,-91.449972,0.06445014567932413
106.93,entertainment,27,IL,mobile,3,0,12,23,2,3,0,0,97.749972,9.180028000000007,1.0939133456333539
16.93,grocery,55,NY,tablet,4,0,0,1,8,1,0,1,97.749972,-80.819972,0.17319697878586626
100.28,electronics,50,FL,mobile,4,0,23,27,8,6,1,1,97.749972,2.5300280000000015,1.0258826363051783
24.35,fuel,66,IL,desktop,3,0,17,11,8,4,0,0,97.749972,-73.39997199999999,0.2491049281415147
188.7,electronics,49,FL,desktop,5,0,5,30,3,3,0,1,97.749972,90.95002799999999,1.9304353158235654
42.45,grocery,18,NY,mobile,2,0,12,16,7,5,1,0,97.749972,-55.299972,0.4342712196963983
125.44,electronics,62,TX,tablet,4,0,8,18,7,0,0,0,97.749972,27.690027999999998,1.2832740117483203
239.6,entertainment,54,TX,mobile,2,0,15,1,9,6,1,0,97.749972,141.850028,2.451151572185089
201.86,grocery,41,TX,desktop,1,0,5,22,1,5,1,1,97.749972,104.11002800000001,2.065064509020376
198.8,grocery,67,IL,desktop,0,0,12,10,11,6,1,0,97.749972,101.05002800000001,2.0337601525475617
117.78,grocery,47,NY,desktop,2,0,18,25,4,0,0,0,97.749972,20.030028,1.2049108187477453
32.99,electronics,22,CA,tablet,5,0,16,5,1,3,0,0,97.749972,-64.759972,0.3374936993588735
216.16,grocery,69,IL,desktop,3,0,7,25,11,5,1,0,97.749972,118.410028,2.211356109530588
42.35,entertainment,69,CA,desktop,3,0,19,3,11,4,0,0,97.749972,-55.399972,0.43324820151101223
99.85,electronics,68,NY,mobile,3,0,17,12,10,3,0,0,97.749972,2.1000279999999947,1.021483658108018
158.76,electronics,21,TX,desktop,1,0,10,27,6,0,0,0,97.749972,61.01002799999999,1.6241436711189678
143.01,entertainment,41,FL,tablet,3,0,11,25,9,0,0,0,97.749972,45.26002799999999,1.4630183069206577
8.07,grocery,41,FL,mobile,7,0,23,8,3,1,0,1,97.749972,-89.67997199999999,0.08255756756065805
38.0,fuel,57,CA,desktop,3,0,20,26,11,1,0,0,97.749972,-59.749972,0.38874691044671694
44.29,grocery,55,FL,desktop,5,0,17,17,5,2,0,0,97.749972,-53.459972,0.45309475430750246
61.34,entertainment,67,FL,desktop,2,0,8,14,1,5,1,0,97.749972,-36.409971999999996,0.6275193549158321
14.75,electronics,45,IL,mobile,1,0,1,9,3,2,0,1,97.749972,-82.999972,0.15089518234444935
116.04,entertainment,25,CA,desktop,3,0,9,19,9,0,0,0,97.749972,18.290028000000007,1.1871103023220273
69.96,fashion,60,FL,tablet,4,0,21,3,8,2,0,0,97.749972,-27.789972000000006,0.7157035224961136
167.38,fuel,39,FL,tablet,2,0,22,13,9,1,0,1,97.749972,69.630028,1.7123278386992495
53.61,fashion,41,NY,desktop,6,0,4,10,9,6,1,1,97.749972,-44.139972,0.5484400491854867
9.28,electronics,43,TX,tablet,1,0,21,29,2,3,0,0,97.749972,-88.469972,0.09493608760382982
51.33,electronics,61,NY,mobile,5,0,21,8,10,1,0,0,97.749972,-46.419972,0.5251152345586837
61.48,fuel,63,TX,tablet,3,0,19,24,6,0,0,0,97.749972,-36.269972,0.6289515803753726
149.35,fashion,52,IL,tablet,1,0,8,20,9,1,0,0,97.749972,51.600027999999995,1.5278776598741362
0.68,fuel,26,NY,mobile,3,0,10,5,10,2,0,0,97.749972,-97.06997199999999,0.006956523660625462
7.24,fuel,50,TX,mobile,4,0,6,10,6,5,1,0,97.749972,-90.509972,0.07406651662195345
4.59,grocery,66,FL,desktop,3,0,21,20,10,6,1,0,97.749972,-93.159972,0.04695653470922186
193.58,entertainment,20,IL,mobile,4,0,20,12,11,5,1,0,97.749972,95.83002800000001,1.9803586032704072
4.05,fashion,30,TX,mobile,7,0,12,19,12,3,0,0,97.749972,-93.699972,0.04143223650813694
35.65,fashion,33,NY,tablet,2,0,16,2,3,5,1,0,97.749972,-62.099972,0.3647059830901437
64.5,grocery,51,TX,tablet,7,0,2,17,11,3,0,1,97.749972,-33.249972,0.6598467295740328
101.11,grocery,37,NY,desktop,0,0,14,14,6,1,0,0,97.749972,3.360028,1.034373687243883
71.22,grocery,21,CA,desktop,2,0,14,4,12,0,0,0,97.749972,-26.529972,0.7285935516319785
107.56,fuel,67,NY,desktop,4,0,9,26,12,0,0,0,97.749972,9.810028000000003,1.1003583602012863
17.63,fuel,65,CA,tablet,1,0,17,18,4,3,0,0,97.749972,-80.119972,0.18035810608356895
83.41,fuel,18,TX,desktop,5,0,11,15,2,2,0,0,97.749972,-14.339972000000003,0.8532994684305437
393.06,fuel,63,CA,tablet,3,0,14,27,11,6,1,0,97.749972,295.310028,4.021075279478594
316.96,fashion,30,CA,mobile,2,0,2,24,3,3,0,1,97.749972,219.21002799999997,3.242558440399774
290.01,electronics,69,FL,tablet,2,0,22,18,11,4,0,1,97.749972,192.26002799999998,2.9668550394382205
68.98,fuel,23,IL,desktop,3,0,6,13,6,0,0,0,97.749972,-28.769971999999996,0.70567794427933
68.57,grocery,38,IL,mobile,4,0,15,9,9,5,1,0,97.749972,-29.179972000000006,0.7014835697192469
71.04,electronics,30,NY,mobile,1,0,6,5,3,6,1,0,97.749972,-26.709971999999993,0.7267521188982836
46.38,entertainment,44,IL,mobile,4,0,4,14,6,2,0,1,97.749972,-51.369972,0.4744758343820719
8.36,grocery,68,TX,tablet,3,0,10,10,12,6,1,0,97.749972,-89.389972,0.08552432029827772
31.73,fashion,60,NY,mobile,3,0,3,9,5,1,0,1,97.749972,-66.019972,0.3246036702230087
116.76,entertainment,58,NY,desktop,2,0,9,30,9,4,0,0,97.749972,19.010028000000005,1.1944760332568072
17.19,grocery,38,TX,tablet,3,0,16,3,4,6,1,0,97.749972,-80.559972,0.17585682606787015
106.2,fuel,62,TX,tablet,1,0,1,14,1,6,1,1,97.749972,8.450028000000003,1.0864453128800353
20.65,grocery,22,NY,mobile,4,0,7,23,1,0,0,0,97.749972,-77.09997200000001,0.21125325528222907
71.92,fuel,21,CA,tablet,2,0,3,1,9,6,1,1,97.749972,-25.829971999999998,0.7357546789296812
79.17,fashion,48,IL,tablet,3,0,23,31,8,5,1,1,97.749972,-18.579971999999998,0.8099234973701732
212.57,electronics,28,NY,tablet,6,0,11,20,8,6,1,0,97.749972,114.820028,2.174629756675227
23.48,fashion,29,FL,tablet,1,0,19,19,3,6,1,0,97.749972,-74.269972,0.24020466992865563
56.21,electronics,33,CA,mobile,2,0,6,29,6,2,0,0,97.749972,-41.539972,0.5750385220055253
85.58,entertainment,61,IL,desktop,1,0,14,19,7,2,0,0,97.749972,-12.169972000000001,0.875498963053422
72.32,grocery,26,CA,desktop,2,0,17,16,8,1,0,0,97.749972,-25.429972000000006,0.7398467516712255
65.1,grocery,58,FL,tablet,3,0,6,26,7,1,0,0,97.749972,-32.649972000000005,0.6659848386863493
18.6,fashion,27,NY,mobile,2,0,18,9,12,0,0,0,97.749972,-79.14997199999999,0.19028138248181412
245.69,grocery,46,CA,tablet,2,0,10,23,4,5,1,0,97.749972,147.94002799999998,2.513453379675102
27.65,entertainment,49,FL,desktop,2,0,13,7,11,1,0,0,97.749972,-70.09997200000001,0.2828645282592559
11.23,fashion,19,NY,desktop,6,0,9,19,4,1,0,0,97.749972,-86.519972,0.11488494221885873
42.9,grocery,69,FL,tablet,4,0,18,14,1,4,0,0,97.749972,-54.849972,0.43887480153063574
17.11,grocery,66,IL,tablet,2,0,20,21,8,6,1,0,97.749972,-80.639972,0.17503841151956123
314.97,entertainment,60,FL,desktop,6,0,3,5,4,2,0,1,97.749972,217.220028,3.222200378510591
377.26,fashion,67,NY,tablet,6,0,1,20,9,4,0,1,97.749972,279.510028,3.8594384061875906
11.92,fuel,69,TX,desktop,2,1,6,3,6,0,0,0,97.749972,-85.829972,0.1219437676980228
282.24,fuel,60,TX,mobile,4,0,14,31,5,4,0,0,97.749972,184.490028,2.887366526433721
11.98,fashion,62,NY,desktop,2,0,7,30,8,2,0,0,97.749972,-85.769972,0.12255757860925445
17.49,fuel,51,IL,mobile,4,0,13,4,2,4,0,0,97.749972,-80.259972,0.1789258806240284
190.1,grocery,37,NY,tablet,2,0,16,11,5,3,0,0,97.749972,92.350028,1.9447575704189708
10.24,entertainment,22,TX,desktop,3,0,12,10,3,4,0,0,97.749972,-87.509972,0.10475706218353636
89.44,grocery,20,NY,desktop,2,0,4,14,2,2,0,1,97.749972,-8.309972000000002,0.9149874650093254
23.56,fashion,52,FL,desktop,5,0,15,27,6,1,0,0,97.749972,-74.189972,0.2410230844769645
208.98,electronics,59,FL,tablet,4,0,10,5,10,2,0,0,97.749972,111.23002799999999,2.137903403819866
10.99,entertainment,39,IL,mobile,6,0,23,28,5,5,1,1,97.749972,-86.759972,0.11242969857393209
5.28,electronics,56,FL,mobile,3,0,16,25,5,2,0,0,97.749972,-92.469972,0.05401536018838594
195.62,fashion,54,NY,desktop,3,0,8,24,3,3,0,0,97.749972,97.870028,2.0012281742522835
93.25,electronics,52,TX,mobile,5,0,2,6,4,5,1,1,97.749972,-4.499972,0.9539644578725357
29.53,fuel,51,TX,tablet,8,0,9,10,5,2,0,0,97.749972,-68.219972,0.30209727014451454
53.06,electronics,46,NY,mobile,3,0,15,17,9,6,1,0,97.749972,-44.689972,0.5428134491658633
82.07,electronics,55,NY,tablet,1,1,18,1,9,6,1,0,97.749972,-15.679972000000006,0.8395910247463699
40.42,fuel,64,CA,tablet,8,0,11,2,4,6,1,0,97.749972,-57.329972,0.41350395053306055
65.78,fashion,37,NY,desktop,2,0,4,11,12,0,0,1,97.749972,-31.969972,0.6729413623469748
172.36,fashion,20,NY,tablet,1,0,3,8,12,3,0,1,97.749972,74.61002800000001,1.7632741443314774
159.66,entertainment,38,NY,desktop,3,0,3,29,5,6,1,1,97.749972,61.910028,1.6333508347874428
39.96,fashion,45,FL,desktop,1,0,19,16,8,4,0,0,97.749972,-57.789972,0.40879806688028447
11.77,fuel,56,CA,mobile,0,0,20,19,1,4,0,0,97.749972,-85.979972,0.12040924041994365
9.04,entertainment,51,TX,mobile,2,0,10,16,3,5,1,0,97.749972,-88.709972,0.09248084395890319
195.42,electronics,33,CA,mobile,3,0,22,17,9,5,1,1,97.749972,97.67002799999999,1.9991821378815111
36.79,fuel,58,CA,tablet,4,0,22,16,1,0,0,1,97.749972,-60.959972,0.3763683904035452
31.66,fashion,25,CA,desktop,3,0,20,19,6,6,1,0,97.749972,-66.089972,0.3238875574932384
268.7,entertainment,29,FL,desktop,2,0,21,11,3,0,0,0,97.749972,170.95002799999997,2.7488498641324433
442.59,fuel,27,NY,mobile,2,0,2,9,3,2,0,1,97.749972,344.84002799999996,4.527776186700327
365.72,electronics,52,TX,desktop,4,0,23,6,10,4,0,1,97.749972,267.970028,3.7413821075940352
94.54,grocery,28,NY,mobile,5,0,16,18,3,5,1,0,97.749972,-3.2099719999999934,0.9671613924640164
122.64,entertainment,37,IL,desktop,1,0,18,31,10,1,0,0,97.749972,24.890028,1.2546295025575096
10.36,electronics,22,CA,tablet,2,0,10,8,10,5,1,0,97.749972,-87.389972,0.10598468400599967
13.66,entertainment,68,CA,desktop,6,0,3,20,9,4,0,1,97.749972,-84.089972,0.13974428412374088
107.74,electronics,36,FL,desktop,4,0,8,26,7,4,0,0,97.749972,9.990027999999995,1.1021997929349812
46.83,electronics,28,FL,mobile,2,0,16,20,5,0,0,0,97.749972,-50.919972,0.47907941621630934
102.81,fashion,32,IL,tablet,3,0,13,30,1,1,0,0,97.749972,5.060028000000003,1.0517649963954467
45.02,entertainment,49,FL,desktop,1,0,21,23,1,1,0,0,97.749972,-52.729972,0.46056278706082104
134.05,fashion,45,TX,mobile,4,0,20,2,8,1,0,0,97.749972,36.30002800000001,1.3713558775100636
47.37,fashion,35,TX,mobile,4,0,19,11,10,1,0,0,97.749972,-50.379972,0.48460371441739425
2.27,grocery,64,CA,tablet,6,0,22,5,11,5,1,1,97.749972,-95.479972,0.023222512808264408
30.29,fuel,51,TX,desktop,2,0,21,20,3,2,0,0,97.749972,-67.459972,0.30987220835344886
7.37,fuel,29,IL,desktop,2,0,15,18,10,1,0,0,97.749972,-90.379972,0.07539644026295537
5.15,fashion,46,NY,mobile,3,0,8,4,8,4,0,0,97.749972,-92.599972,0.052685436547384015
9.35,entertainment,42,CA,tablet,2,0,22,31,10,1,0,1,97.749972,-88.399972,0.09565220033360008
189.68,fuel,67,FL,tablet,2,0,11,27,8,5,1,0,97.749972,91.93002800000001,1.9404608940403494
126.61,grocery,42,IL,mobile,3,0,15,12,5,3,0,0,97.749972,28.860028,1.2952433245173378
232.22,grocery,28,FL,desktop,5,0,14,13,1,3,0,0,97.749972,134.470028,2.3756528301035953
287.1,fuel,39,CA,tablet,5,0,11,12,1,3,0,0,97.749972,189.350028,2.9370852102434855
52.66,electronics,46,NY,mobile,4,0,20,22,3,2,0,0,97.749972,-45.089972,0.5387213764243188
57.58,electronics,64,IL,desktop,3,0,13,22,7,0,0,0,97.749972,-40.169972,0.5890538711453148
5.11,electronics,60,NY,mobile,3,0,4,3,5,4,0,1,97.749972,-92.639972,0.05227622927322957
179.66,fashion,18,NY,tablet,4,0,5,25,4,0,0,1,97.749972,81.910028,1.8379544718646623
65.97,fashion,20,CA,tablet,5,0,21,19,7,2,0,0,97.749972,-31.779972,0.6748850968992084
48.53,fuel,68,IL,mobile,3,1,18,23,7,6,1,0,97.749972,-49.219972,0.496470725367873
13.97,electronics,65,TX,desktop,3,0,18,5,5,4,0,0,97.749972,-83.779972,0.1429156404984378
144.55,fuel,25,TX,mobile,2,0,10,18,4,0,0,0,97.749972,46.80002800000001,1.4787727869756038
176.19,grocery,36,FL,desktop,2,0,9,17,8,3,0,0,97.749972,78.440028,1.8024557408317647
57.42,electronics,50,IL,desktop,3,0,22,25,12,0,0,1,97.749972,-40.329972,0.587417042048697
58.6,fashion,53,TX,desktop,1,0,16,29,11,1,0,0,97.749972,-39.149972,0.5994886566362531
312.86,electronics,36,CA,tablet,1,0,13,21,6,4,0,0,97.749972,215.110028,3.200614694798944
40.71,fuel,53,CA,tablet,2,0,2,8,9,4,0,1,97.749972,-57.039972,0.4164707032706802
11.73,entertainment,22,NY,mobile,3,0,23,15,1,5,1,1,97.749972,-86.019972,0.12000003314578922
358.38,fashion,28,TX,desktop,2,0,7,2,4,1,0,0,97.749972,260.630028,3.6662925727866953
206.56,grocery,41,FL,desktop,4,0,20,16,5,1,0,0,97.749972,108.810028,2.1131463637335224
153.09,fashion,34,NY,tablet,3,0,11,23,5,3,0,0,97.749972,55.340028000000004,1.5661385400075762
61.46,fashion,64,TX,tablet,3,0,17,8,11,2,0,0,97.749972,-36.289972,0.6287469767382954
1.11,fuel,30,IL,tablet,4,0,0,22,7,4,0,1,97.749972,-96.639972,0.011355501857785682
60.19,electronics,32,CA,mobile,5,0,14,9,9,5,1,0,97.749972,-37.559972,0.6157546457838919
60.76,fuel,49,TX,mobile,5,0,15,12,2,0,0,0,97.749972,-36.989972,0.6215858494405927
155.67,entertainment,32,CA,mobile,3,0,19,3,1,2,0,0,97.749972,57.92002799999999,1.5925324091905375
56.57,fuel,34,FL,desktop,2,0,8,18,9,2,0,0,97.749972,-41.179972,0.5787213874729152
41.87,electronics,47,NY,tablet,1,0,12,29,12,4,0,0,97.749972,-55.879972,0.4283377142211589
36.77,fashion,29,CA,mobile,2,0,23,11,5,2,0,1,97.749972,-60.979972,0.376163786766468
88.16,fuel,62,NY,mobile,1,0,19,27,12,4,0,0,97.749972,-9.589972000000003,0.9018928322363833
292.58,electronics,67,NY,desktop,3,0,7,21,6,1,0,0,97.749972,194.83002799999997,2.993146606802643
15.93,fashion,47,CA,mobile,5,0,13,25,7,0,0,0,97.749972,-81.819972,0.1629667969320053
417.18,fashion,22,TX,tablet,3,0,23,10,4,2,0,1,97.749972,319.430028,4.267827265793721
28.76,electronics,48,FL,desktop,3,0,7,29,9,6,1,0,97.749972,-68.989972,0.29422003011704156
52.88,fashion,34,NY,tablet,3,0,20,12,1,4,0,0,97.749972,-44.869972,0.5409720164321683
681.67,grocery,67,FL,desktop,5,0,1,1,10,1,0,1,97.749972,583.920028,6.973608064321409
43.44,grocery,24,TX,desktop,1,0,8,29,11,1,0,0,97.749972,-54.309972,0.44439909973172065
10.62,electronics,69,NY,mobile,5,0,21,8,10,6,1,0,97.749972,-87.129972,0.10864453128800353
263.99,fashion,26,CA,mobile,2,0,20,15,4,4,0,0,97.749972,166.240028,2.7006657076007583
28.61,entertainment,69,FL,tablet,0,0,18,21,6,1,0,0,97.749972,-69.139972,0.29268550283896244
44.02,fuel,55,TX,desktop,2,0,8,2,4,5,1,0,97.749972,-53.729972,0.45033260520696006
444.49,electronics,57,IL,tablet,2,0,20,5,2,5,1,0,97.749972,346.740028,4.5472135322226634
6.0,fashion,38,TX,mobile,3,0,10,23,11,2,0,0,97.749972,-91.749972,0.06138109112316584
31.74,fuel,44,IL,desktop,4,0,3,17,7,2,0,1,97.749972,-66.009972,0.3247059720415473
61.19,electronics,66,IL,tablet,5,0,1,13,12,1,0,1,97.749972,-36.559972,0.6259848276377529
14.68,electronics,41,CA,mobile,2,0,4,28,8,0,0,1,97.749972,-83.069972,0.15017906961467908
62.1,entertainment,62,IL,mobile,1,0,12,14,5,5,1,0,97.749972,-35.649972,0.6352942931247664
111.28,entertainment,19,FL,desktop,2,0,19,3,2,4,0,0,97.749972,13.530028000000001,1.138414636697649
52.97,fuel,23,IL,desktop,2,0,1,22,11,2,0,1,97.749972,-44.779972,0.5418927327990157
198.37,fuel,57,IL,mobile,2,0,19,1,11,1,0,0,97.749972,100.620028,2.0293611743504014
5.06,entertainment,38,FL,desktop,5,0,20,23,4,6,1,0,97.749972,-92.689972,0.051764720180536516
16.54,fuel,24,FL,mobile,2,0,20,24,11,6,1,0,97.749972,-81.209972,0.16920720786286048
79.1,fuel,39,CA,tablet,2,0,20,8,4,0,0,0,97.749972,-18.649972000000005,0.8092073846404029
85.93,fuel,51,IL,mobile,1,0,22,11,8,6,1,1,97.749972,-11.819971999999993,0.8790795267022734
115.16,fuel,48,IL,desktop,3,0,7,9,2,4,0,0,97.749972,17.410027999999997,1.1781077422906296
71.7,entertainment,52,IL,mobile,2,0,17,3,10,0,0,0,97.749972,-26.049971999999997,0.7335040389218318
141.16,fashion,21,TX,desktop,2,0,7,14,8,0,0,0,97.749972,43.410028,1.444092470491015
108.54,entertainment,38,TX,desktop,1,0,4,1,7,5,1,1,97.749972,10.790028000000007,1.11038393841807
211.35,fashion,59,CA,desktop,4,0,10,27,9,2,0,0,97.749972,113.600028,2.1621489348135166
3.17,grocery,46,TX,desktop,2,0,5,22,4,4,0,1,97.749972,-94.579972,0.032429676476739284
173.93,fuel,29,IL,mobile,3,0,16,23,6,3,0,0,97.749972,76.18002800000001,1.779335529842039
87.99,electronics,36,IL,desktop,3,0,20,16,7,1,0,0,97.749972,-9.759972000000005,0.900153701321227
0.11,electronics,18,NY,mobile,3,0,21,12,10,2,0,0,97.749972,-97.639972,0.001125320003924707
2.39,grocery,50,TX,desktop,1,0,18,7,4,4,0,0,97.749972,-95.359972,0.024450134630727725
0.55,electronics,54,TX,tablet,3,1,14,19,4,4,0,0,97.749972,-97.199972,0.005626600019623535
106.03,entertainment,51,IL,desktop,1,0,0,30,5,3,0,1,97.749972,8.280028000000001,1.084706181964879
7.27,grocery,34,IL,mobile,6,0,8,4,9,2,0,0,97.749972,-90.479972,0.07437342207756927
53.31,fuel,33,FL,mobile,0,0,9,24,10,3,0,0,97.749972,-44.439972,0.5453709946293285
43.19,entertainment,46,FL,tablet,2,0,21,18,7,1,0,0,97.749972,-54.559972,0.4418415542682554
69.79,grocery,30,CA,desktop,4,0,10,11,10,1,0,0,97.749972,-27.959971999999993,0.7139643915809574
171.89,grocery,45,IL,mobile,2,0,22,8,11,2,0,1,97.749972,74.14002799999999,1.7584659588601625
98.41,electronics,67,NY,desktop,2,0,4,7,5,5,1,1,97.749972,0.660027999999997,1.0067521962384582
74.45,fuel,18,CA,desktop,3,0,10,17,11,3,0,0,97.749972,-23.299971999999997,0.7616370390199495
217.23,fuel,60,NY,tablet,4,0,13,28,8,2,0,0,97.749972,119.48002799999999,2.222302404114219
69.85,entertainment,25,CA,desktop,5,0,14,17,11,3,0,0,97.749972,-27.899972000000005,0.7145782024921888
10.28,fashion,27,FL,desktop,4,0,17,11,11,4,0,0,97.749972,-87.469972,0.1051662694576908
28.27,grocery,27,FL,desktop,0,0,1,24,6,5,1,1,97.749972,-69.479972,0.2892072410086497
31.4,fashion,21,IL,mobile,3,0,19,1,12,3,0,0,97.749972,-66.34997200000001,0.32122771021123453
72.35,electronics,42,NY,tablet,5,0,1,8,7,5,1,1,97.749972,-25.399972000000005,0.7401536571268413
78.15,grocery,51,CA,desktop,4,0,2,10,1,0,0,1,97.749972,-19.599971999999994,0.7994887118792351
13.12,fashion,66,IL,desktop,3,0,19,17,3,6,1,0,97.749972,-84.629972,0.13421998592265597
128.95,fuel,48,FL,tablet,3,0,0,18,10,4,0,1,97.749972,31.20002799999999,1.3191819500553723
158.53,fashion,23,TX,mobile,6,0,11,12,3,6,1,0,97.749972,60.780028,1.62179072929258
238.69,electronics,52,NY,mobile,4,0,12,16,11,3,0,0,97.749972,140.94002799999998,2.4418421066980756
0.52,grocery,48,CA,desktop,5,0,7,3,6,5,1,0,97.749972,-97.229972,0.005319694564007706
58.1,entertainment,56,TX,tablet,7,1,1,29,11,1,0,1,97.749972,-39.649972,0.5943735657093225
123.36,grocery,68,NY,desktop,1,0,10,9,3,3,0,0,97.749972,25.610028,1.2619952334922895
7.2,electronics,18,NY,tablet,3,0,12,5,5,3,0,0,97.749972,-90.549972,0.073657309347799
331.55,electronics,41,CA,mobile,5,0,2,6,3,0,0,1,97.749972,233.800028,3.391816793647606
5.09,fashion,48,IL,desktop,4,0,21,17,7,6,1,0,97.749972,-92.659972,0.05207162563615235
154.6,entertainment,46,IL,desktop,4,0,10,1,3,2,0,0,97.749972,56.850027999999995,1.5815861146069063
61.55,entertainment,55,IL,desktop,1,0,6,29,4,5,1,0,97.749972,-36.199972,0.6296676931051428
52.15,entertainment,19,TX,tablet,0,0,6,27,6,3,0,0,97.749972,-45.599972,0.5335039836788497
59.54,electronics,18,IL,mobile,3,0,0,1,6,2,0,1,97.749972,-38.209972,0.6091050275788823
184.16,fashion,25,FL,tablet,3,0,19,28,12,5,1,0,97.749972,86.410028,1.8839902902070367
16.12,fuel,56,NY,tablet,1,0,2,28,5,1,0,1,97.749972,-81.629972,0.1649105314842389
24.31,fuel,46,CA,tablet,4,0,8,26,3,6,1,0,97.749972,-73.439972,0.24869572086736022
84.25,electronics,29,FL,mobile,2,0,12,13,1,4,0,0,97.749972,-13.499972,0.861892821187787
9.35,grocery,19,CA,desktop,2,0,21,12,8,5,1,0,97.749972,-88.399972,0.09565220033360008
28.23,grocery,46,FL,tablet,4,0,10,6,3,6,1,0,97.749972,-69.519972,0.28879803373449525
153.13,fashion,50,TX,mobile,1,0,14,26,8,5,1,0,97.749972,55.380027999999996,1.5665477472817306
12.51,entertainment,50,TX,desktop,5,0,5,4,8,6,1,1,97.749972,-85.239972,0.12797957499180077
122.68,fuel,24,CA,tablet,2,0,11,15,1,6,1,0,97.749972,24.930028000000007,1.2550387098316642
230.68,fuel,68,CA,desktop,3,0,0,30,6,4,0,1,97.749972,132.930028,2.3598983500486495
152.96,electronics,33,NY,mobile,5,0,7,4,12,6,1,0,97.749972,55.21002800000001,1.5648086163665744
12.65,fashion,48,TX,mobile,3,0,8,16,10,2,0,0,97.749972,-85.099972,0.12941180045134132
9.58,electronics,65,CA,desktop,4,0,14,16,6,4,0,0,97.749972,-88.169972,0.09800514215998812
75.9,entertainment,44,FL,tablet,1,0,13,23,1,1,0,0,97.749972,-21.849971999999994,0.7764708027080479
221.64,grocery,44,FL,mobile,6,0,20,15,12,4,0,0,97.749972,123.89002799999999,2.2674175060897457
278.01,fashion,34,CA,tablet,2,0,17,15,9,4,0,0,97.749972,180.26002799999998,2.844092857191889
73.79,electronics,30,CA,desktop,5,0,14,31,10,1,0,0,97.749972,-23.959971999999993,0.7548851189964012
111.38,fashion,21,CA,mobile,5,0,23,26,3,6,1,1,97.749972,13.630027999999996,1.1394376548830352
58.88,electronics,35,CA,desktop,3,0,13,30,8,1,0,0,97.749972,-38.869972,0.6023531075553341
397.32,fuel,49,IL,tablet,3,0,3,12,6,6,1,1,97.749972,299.570028,4.064655854176042
80.6,grocery,58,TX,tablet,3,0,11,8,4,5,1,0,97.749972,-17.149972000000005,0.8245526574211943
133.91,electronics,42,TX,tablet,1,0,10,28,4,3,0,0,97.749972,36.160028,1.369923652050523
78.41,fuel,28,FL,mobile,3,0,9,12,7,4,0,0,97.749972,-19.339972000000003,0.8021485591612388
118.82,fashion,67,FL,tablet,3,0,0,28,7,4,0,1,97.749972,21.070027999999994,1.2155502078757607
116.56,entertainment,29,CA,tablet,1,0,3,11,11,0,0,1,97.749972,18.810028000000003,1.192429996886035
43.71,fuel,27,CA,mobile,1,0,21,2,7,1,0,0,97.749972,-54.039972,0.4471612488322631
75.28,fuel,23,IL,tablet,2,0,19,25,4,3,0,0,97.749972,-22.469972,0.770128089958654
25.74,fashion,43,NY,tablet,4,0,17,7,10,4,0,0,97.749972,-72.009972,0.2633248809183814
30.84,fashion,47,TX,mobile,3,0,20,4,8,3,0,0,97.749972,-66.909972,0.31549880837307237
3.72,electronics,19,FL,desktop,2,0,23,10,2,3,0,1,97.749972,-94.029972,0.03805627649636282
6.47,fashion,27,CA,desktop,6,0,20,12,10,5,1,0,97.749972,-91.279972,0.0661892765944805
62.81,electronics,29,IL,desktop,4,0,8,2,7,1,0,0,97.749972,-34.939972,0.6425577222410077
2.67,fuel,18,FL,mobile,5,0,6,13,9,4,0,0,97.749972,-95.079972,0.027314585549808798
22.54,entertainment,56,NY,mobile,5,0,1,9,1,0,0,1,97.749972,-75.209972,0.2305882989860263
48.85,fashion,41,TX,mobile,4,0,13,3,11,3,0,0,97.749972,-48.899972,0.4997443835611085
222.63,electronics,52,FL,mobile,4,0,21,23,6,4,0,0,97.749972,124.880028,2.2775453861250683
27.08,electronics,20,TX,desktop,4,0,7,26,9,3,0,0,97.749972,-70.669972,0.27703332460255514
27.71,entertainment,19,FL,desktop,2,0,2,12,6,0,0,1,97.749972,-70.039972,0.28347833917048754
4.51,entertainment,31,CA,tablet,3,0,3,5,12,3,0,1,97.749972,-93.239972,0.04613812016091298
36.23,entertainment,59,CA,tablet,1,0,5,24,9,1,0,1,97.749972,-61.519972,0.37063948856538304
261.16,grocery,35,TX,tablet,3,1,0,11,12,6,1,1,97.749972,163.410028,2.671714292954332
13.37,electronics,48,NY,desktop,3,0,19,12,11,6,1,0,97.749972,-84.379972,0.1367775313861212
171.41,fuel,67,TX,mobile,3,0,8,28,2,2,0,0,97.749972,73.660028,1.7535554715703092
44.0,entertainment,65,IL,mobile,4,0,6,3,1,1,0,0,97.749972,-53.749972,0.4501280015698828
278.57,grocery,58,NY,tablet,2,0,3,28,9,3,0,1,97.749972,180.82002799999998,2.849821759030051
68.87,fuel,61,NY,mobile,3,0,23,12,6,2,0,1,97.749972,-28.879971999999995,0.7045526242754052
41.15,fuel,52,FL,mobile,5,0,18,11,1,3,0,0,97.749972,-56.599972,0.420971983286379
16.65,entertainment,18,NY,mobile,4,0,0,18,8,6,1,1,97.749972,-81.09997200000001,0.17033252786678518
31.6,entertainment,69,FL,desktop,2,0,16,25,5,2,0,0,97.749972,-66.14997199999999,0.32327374658200675
159.92,electronics,26,CA,mobile,5,0,18,22,12,6,1,0,97.749972,62.17002799999999,1.6360106820694467
210.8,electronics,25,FL,mobile,1,0,0,30,5,3,0,1,97.749972,113.05002800000001,2.1565223347938933
287.71,electronics,29,NY,mobile,3,0,1,3,1,2,0,1,97.749972,189.96002799999997,2.94332562117434
162.7,grocery,50,FL,desktop,2,0,14,5,2,0,0,0,97.749972,64.95002799999999,1.66445058762318
26.35,entertainment,61,IL,tablet,2,0,20,19,3,1,0,0,97.749972,-71.39997199999999,0.26956529184923667
19.18,electronics,22,TX,desktop,4,0,19,18,3,5,1,0,97.749972,-78.569972,0.19621488795705344
168.41,fuel,26,CA,tablet,2,0,6,28,2,0,0,0,97.749972,70.660028,1.7228649260087263
50.04,grocery,47,FL,tablet,2,0,12,28,10,4,0,0,97.749972,-47.709972,0.5119182999672031
302.42,fuel,31,IL,desktop,3,0,23,4,7,0,0,1,97.749972,204.670028,3.0938115962446355
8.85,fashion,35,IL,tablet,4,0,10,13,10,3,0,0,97.749972,-88.899972,0.0905371094066696
129.63,grocery,23,TX,mobile,7,0,10,9,11,3,0,0,97.749972,31.880027999999996,1.3261384737159978
8.64,electronics,66,TX,desktop,6,0,11,4,3,4,0,0,97.749972,-89.109972,0.08838877121735882
103.7,fashion,67,TX,mobile,3,0,7,19,10,5,1,0,97.749972,5.950028000000003,1.0608698582453828
1.45,electronics,60,TX,desktop,3,0,8,10,6,4,0,0,97.749972,-96.299972,0.01483376368809841
240.35,entertainment,57,IL,desktop,2,0,20,26,3,5,1,0,97.749972,142.600028,2.458824208575485
69.96,grocery,27,NY,tablet,6,0,23,3,4,2,0,1,97.749972,-27.789972000000006,0.7157035224961136
66.01,electronics,24,FL,mobile,3,0,17,4,2,4,0,0,97.749972,-31.739971999999995,0.6752943041733629
132.17,fuel,25,NY,mobile,3,0,10,8,6,2,0,0,97.749972,34.42002799999999,1.3521231356248047
1.47,grocery,64,NY,tablet,3,0,5,2,8,1,0,1,97.749972,-96.279972,0.01503836732517563
181.06,fuel,33,IL,mobile,4,0,8,7,4,6,1,0,97.749972,83.310028,1.8522767264600677
78.17,grocery,18,NY,tablet,2,0,2,11,4,1,0,1,97.749972,-19.579971999999998,0.7996933155163123
106.85,fuel,27,IL,desktop,1,0,14,7,11,3,0,0,97.749972,9.100027999999995,1.0930949310850449
162.81,electronics,21,TX,tablet,2,0,14,14,8,0,0,0,97.749972,65.060028,1.665575907627105
117.61,grocery,40,TX,mobile,1,0,3,24,10,0,0,1,97.749972,19.860028,1.203171687832589
12.69,fuel,31,TX,desktop,4,0,18,23,6,6,1,0,97.749972,-85.059972,0.12982100772549574
118.97,fashion,64,NY,tablet,1,0,5,23,4,6,1,1,97.749972,21.220028,1.2170847351538399
33.48,entertainment,50,NY,mobile,4,0,13,7,3,3,0,0,97.749972,-64.269972,0.34250648846726534
38.12,entertainment,54,NY,desktop,0,0,3,21,12,5,1,1,97.749972,-59.629972,0.3899745322691803
364.2,fuel,59,CA,mobile,1,0,1,27,6,1,0,1,97.749972,266.450028,3.7258322311761662
55.57,fashion,49,NY,mobile,2,0,18,22,10,5,1,0,97.749972,-42.179972,0.5684912056190543
44.39,electronics,57,NY,mobile,2,0,13,23,8,2,0,0,97.749972,-53.359972,0.4541177724928886
13.59,entertainment,59,IL,tablet,4,0,5,19,1,3,0,1,97.749972,-84.159972,0.1390281713939706
55.12,fashion,45,FL,desktop,4,0,6,5,6,0,0,0,97.749972,-42.629972,0.5638876237848168
198.52,grocery,65,FL,mobile,6,0,15,22,6,3,0,0,97.749972,100.77002800000001,2.0308957016284803
8.51,electronics,49,CA,tablet,5,0,19,18,10,1,0,0,97.749972,-89.239972,0.08705884757635687
47.48,fuel,31,FL,mobile,2,0,13,6,10,3,0,0,97.749972,-50.269972,0.48572903442131893
57.66,entertainment,53,IL,desktop,2,0,21,6,1,3,0,0,97.749972,-40.089972,0.5898722856936236
84.15,entertainment,33,IL,mobile,0,0,18,9,3,5,1,0,97.749972,-13.599971999999994,0.8608698030024009
139.6,fuel,48,IL,tablet,1,0,5,29,9,4,0,1,97.749972,41.850027999999995,1.4281333867989918
52.19,fuel,55,IL,mobile,2,0,0,20,9,1,0,1,97.749972,-45.559972,0.5339131909530042
298.13,fuel,45,CA,desktop,6,0,20,6,6,1,0,0,97.749972,200.38002799999998,3.0499241160915718
127.03,fashion,19,CA,mobile,3,0,19,23,5,3,0,0,97.749972,29.280028,1.2995400008959594
59.74,entertainment,67,CA,tablet,4,0,20,30,7,5,1,0,97.749972,-38.009972,0.6111510639496546
20.19,electronics,29,TX,desktop,4,0,16,2,9,5,1,0,97.749972,-77.559972,0.20654737162945305
99.08,fashion,43,IL,desktop,5,0,1,1,4,4,0,1,97.749972,1.3300279999999987,1.013606418080545
120.67,electronics,29,FL,tablet,8,0,21,11,1,1,0,0,97.749972,22.920028000000002,1.2344760443054037
155.88,electronics,46,CA,mobile,2,0,15,12,4,2,0,0,97.749972,58.130027999999996,1.5946807473798483
27.66,fuel,32,NY,mobile,5,0,18,27,12,2,0,0,97.749972,-70.089972,0.2829668300777945
307.74,grocery,24,FL,mobile,5,0,20,26,11,1,0,0,97.749972,209.990028,3.1482361637071756
129.88,fuel,61,TX,tablet,2,0,16,5,2,6,1,0,97.749972,32.130027999999996,1.328696019179463
5.29,electronics,69,CA,desktop,3,0,0,29,7,5,1,1,97.749972,-92.459972,0.05411766200692455
191.95,electronics,37,CA,tablet,3,0,21,24,8,2,0,0,97.749972,94.20002799999999,1.9636834068486135
118.76,entertainment,31,IL,mobile,0,0,18,9,9,0,0,0,97.749972,21.010028000000005,1.2149363969645293
68.75,electronics,32,CA,desktop,4,1,5,6,9,1,0,1,97.749972,-28.999972,0.7033250024529418
4.41,fuel,41,TX,tablet,3,0,3,13,7,3,0,1,97.749972,-93.339972,0.04511510197552689
28.32,fuel,52,CA,tablet,2,0,1,4,8,6,1,1,97.749972,-69.42997199999999,0.28971875010134274
200.47,entertainment,20,TX,desktop,1,0,10,20,7,5,1,0,97.749972,102.720028,2.050844556243509
93.08,fuel,40,FL,tablet,4,0,18,8,10,1,0,0,97.749972,-4.669972000000001,0.9522253269573793
25.31,grocery,43,TX,mobile,6,1,18,1,2,1,0,0,97.749972,-72.439972,0.2589259027212212
44.93,fuel,63,NY,mobile,3,0,20,20,3,2,0,0,97.749972,-52.819972,0.4596420706939735
57.73,entertainment,32,IL,desktop,2,0,20,18,3,5,1,0,97.749972,-40.019972,0.590588398423394
63.67,grocery,53,NY,desktop,2,0,3,30,3,2,0,1,97.749972,-34.079972,0.6513556786353282
110.19,entertainment,24,NY,mobile,4,0,1,24,12,5,1,1,97.749972,12.440027999999998,1.1272637384769406
37.67,entertainment,51,FL,desktop,6,0,17,19,3,6,1,0,97.749972,-60.079972,0.38537095043494285
110.67,fuel,27,IL,desktop,3,0,20,2,9,0,0,0,97.749972,12.920028000000002,1.132174225766794
11.51,electronics,61,TX,tablet,1,0,23,9,3,2,0,1,97.749972,-86.239972,0.11774939313793979
9.2,grocery,60,NY,mobile,1,0,5,16,11,2,0,1,97.749972,-88.549972,0.09411767305552095
32.44,fuel,42,TX,mobile,5,0,21,20,11,0,0,0,97.749972,-65.309972,0.3318670993392499
219.1,fashion,22,FL,desktop,3,0,11,1,5,0,0,0,97.749972,121.350028,2.241432844180939
110.64,fashion,66,IL,desktop,2,0,8,26,9,0,0,0,97.749972,12.890028000000001,1.131867320311178
97.69,fashion,56,TX,desktop,3,0,14,12,11,6,1,0,97.749972,-0.05997200000000191,0.9993864653036784
80.44,fashion,35,CA,tablet,1,0,7,29,3,2,0,0,97.749972,-17.309972000000002,0.8229158283245767
74.48,grocery,41,FL,tablet,2,0,22,26,11,5,1,1,97.749972,-23.269971999999996,0.7619439444755652
223.92,fashion,67,TX,desktop,1,0,8,30,6,4,0,0,97.749972,126.17002799999999,2.2907423207165487
98.03,entertainment,32,NY,mobile,3,0,8,29,7,5,1,0,97.749972,0.2800280000000015,1.0028647271339912
215.59,entertainment,49,NY,tablet,4,0,4,9,12,4,0,1,97.749972,117.840028,2.205524905873887
103.4,electronics,54,FL,desktop,4,0,1,27,9,4,0,1,97.749972,5.650028000000006,1.0578008036892246
19.35,fuel,47,NY,desktop,3,0,9,14,3,1,0,0,97.749972,-78.39997199999999,0.19795401887220984
45.42,electronics,36,NY,tablet,4,0,18,15,4,0,0,0,97.749972,-52.329972,0.46465485980236537
42.45,electronics,22,NY,tablet,4,0,19,19,10,5,1,0,97.749972,-55.299972,0.4342712196963983
29.86,fashion,28,IL,mobile,3,0,23,9,7,6,1,1,97.749972,-67.889972,0.30547323015628863
217.69,fashion,46,FL,tablet,3,0,6,17,5,4,0,0,97.749972,119.940028,2.227008287766995
166.13,fuel,29,FL,tablet,2,0,5,28,3,1,0,1,97.749972,68.380028,1.6995401113819233
13.56,fuel,63,NY,desktop,3,0,14,20,5,4,0,0,97.749972,-84.189972,0.1387212659383548
345.74,entertainment,55,NY,tablet,1,0,11,28,11,1,0,0,97.749972,247.990028,3.536983074153893
290.27,entertainment,64,TX,desktop,2,0,5,1,6,5,1,1,97.749972,192.52002799999997,2.9695148867202246
86.79,fashion,46,CA,mobile,1,0,12,7,8,6,1,0,97.749972,-10.959971999999993,0.8878774830965939
261.6,grocery,64,CA,desktop,2,0,3,20,3,2,0,1,97.749972,163.850028,2.6762155729700305
164.28,electronics,63,IL,tablet,1,0,21,24,5,2,0,0,97.749972,66.530028,1.6806142749522806
24.05,electronics,45,CA,tablet,1,0,13,8,6,3,0,0,97.749972,-73.699972,0.2460358735853564
53.09,entertainment,47,IL,mobile,4,0,11,17,1,2,0,0,97.749972,-44.659971999999996,0.5431203546214791
299.17,electronics,65,CA,tablet,6,0,11,23,9,0,0,0,97.749972,201.420028,3.060563505219587
25.12,grocery,46,FL,mobile,4,0,11,9,12,0,0,0,97.749972,-72.629972,0.25698216816898767
240.04,grocery,36,IL,tablet,1,0,21,18,1,1,0,0,97.749972,142.290028,2.455652852200788
301.45,fashion,40,NY,desktop,2,0,17,7,11,3,0,0,97.749972,203.70002799999997,3.0838883198463902
378.57,fuel,42,FL,mobile,3,0,11,21,11,1,0,0,97.749972,280.820028,3.8728399444161483
17.02,grocery,58,IL,desktop,4,0,20,14,8,0,0,0,97.749972,-80.729972,0.17411769515271375
101.92,fashion,35,CA,desktop,1,0,18,6,5,4,0,0,97.749972,4.170028000000002,1.0426601345455104
75.49,electronics,38,FL,tablet,3,0,0,23,11,3,0,1,97.749972,-22.259972000000005,0.7722764281479648
22.85,grocery,37,FL,tablet,1,0,20,27,7,3,0,0,97.749972,-74.89997199999999,0.23375965536072324
117.94,electronics,38,CA,tablet,1,0,7,20,1,3,0,0,97.749972,20.190027999999998,1.206547647844363
31.95,fashion,47,CA,tablet,3,0,10,16,4,5,1,0,97.749972,-65.799972,0.3268543102308581
144.09,electronics,50,NY,desktop,2,0,10,17,10,1,0,0,97.749972,46.340028000000004,1.4740669033228275
107.55,grocery,37,TX,tablet,1,0,8,21,8,0,0,0,97.749972,9.800027999999998,1.1002560583827476
67.89,entertainment,56,NY,tablet,5,0,1,17,12,5,1,1,97.749972,-29.859972,0.6945270460586215
38.28,fashion,27,FL,desktop,4,0,20,16,1,6,1,0,97.749972,-59.469972,0.39161136136579805
12.59,fashion,53,TX,mobile,5,0,21,26,8,4,0,0,97.749972,-85.159972,0.12879798954010965
157.36,grocery,59,IL,tablet,2,0,1,13,9,2,0,1,97.749972,59.610028000000014,1.6098214165235627
37.91,grocery,65,TX,tablet,3,0,22,19,1,4,0,1,97.749972,-59.839972,0.38782619407986946
18.25,entertainment,55,NY,desktop,2,0,11,6,3,6,1,0,97.749972,-79.499972,0.18670081883296274
122.5,fashion,52,TX,desktop,7,0,15,20,1,4,0,0,97.749972,24.750028,1.2531972770979691
86.86,electronics,37,CA,tablet,0,0,5,24,1,1,0,1,97.749972,-10.889972,0.8885935958263641
170.37,fuel,66,IL,mobile,3,0,8,27,3,0,0,0,97.749972,72.620028,1.742916082442294
3.1,entertainment,43,IL,tablet,2,0,14,3,6,0,0,0,97.749972,-94.649972,0.031713563746969015
182.89,fuel,52,NY,tablet,5,0,21,8,6,3,0,0,97.749972,85.14002799999999,1.8709979592526331
71.65,entertainment,35,NY,mobile,1,0,20,10,6,4,0,0,97.749972,-26.099971999999994,0.7329925298291388
50.97,fashion,27,CA,desktop,5,0,11,29,8,3,0,0,97.749972,-46.779972,0.5214323690912938
1.01,grocery,27,FL,mobile,5,0,5,31,8,5,1,1,97.749972,-96.739972,0.010332483672399582
22.78,fashion,39,FL,mobile,3,0,22,4,3,0,0,1,97.749972,-74.969972,0.23304354263095298
71.76,fuel,33,NY,tablet,1,0,4,6,9,1,0,1,97.749972,-25.989971999999995,0.7341178498330635
654.37,electronics,68,TX,mobile,1,0,12,20,8,5,1,0,97.749972,556.620028,6.694324099711005
100.67,fashion,44,TX,mobile,2,0,10,16,10,0,0,0,97.749972,2.920028000000002,1.0298724072281842
78.88,fuel,44,IL,mobile,2,0,16,11,11,5,1,0,97.749972,-18.869972000000004,0.8069567446325535
119.79,entertainment,53,NY,mobile,2,0,16,7,8,2,0,0,97.749972,22.040028000000007,1.225473484274006
42.44,fashion,25,FL,desktop,4,0,15,26,9,0,0,0,97.749972,-55.309972,0.43416891787785966
33.89,fuel,62,TX,desktop,6,0,9,10,8,3,0,0,97.749972,-63.859972,0.34670086302734837
332.5,fashion,25,CA,tablet,3,0,0,7,3,3,0,1,97.749972,234.750028,3.4015354664087734
327.91,entertainment,67,CA,mobile,4,0,21,15,12,6,1,0,97.749972,230.160028,3.354578931699552
5.04,entertainment,48,FL,desktop,4,0,6,4,11,4,0,0,97.749972,-92.709972,0.0515601165434593
202.85,entertainment,60,NY,mobile,2,0,14,17,4,2,0,0,97.749972,105.100028,2.0751923890556982
127.46,grocery,64,FL,mobile,2,0,9,30,1,6,1,0,97.749972,29.710027999999994,1.3039389790931195
142.71,grocery,21,IL,mobile,3,0,8,12,7,4,0,0,97.749972,44.96002800000001,1.4599492523644995
171.64,electronics,58,FL,mobile,0,0,1,3,10,3,0,1,97.749972,73.89002799999999,1.7559084133966971
40.66,fuel,27,IL,desktop,1,0,12,25,7,1,0,0,97.749972,-57.089972,0.4159591941779871
117.72,fuel,36,TX,mobile,6,1,4,29,12,6,1,1,97.749972,19.970028,1.2042970078365136
17.84,electronics,64,TX,mobile,4,0,14,13,4,2,0,0,97.749972,-79.909972,0.18250644427287976
361.48,fashion,36,FL,mobile,1,0,17,16,8,2,0,0,97.749972,263.730028,3.6980061365336647
40.35,fuel,44,CA,mobile,5,1,7,22,4,4,0,0,97.749972,-57.399972,0.41278783780329026
145.14,entertainment,35,FL,mobile,2,0,4,9,3,5,1,1,97.749972,47.39002799999999,1.4848085942693814
131.03,fuel,51,TX,desktop,1,0,4,17,1,0,0,1,97.749972,33.280028,1.3404607283114032
96.27,fuel,57,TX,mobile,1,0,16,16,8,2,0,0,97.749972,-1.4799720000000036,0.9848596070711958
88.04,fashion,64,NY,desktop,2,0,13,2,5,3,0,0,97.749972,-9.709971999999993,0.9006652104139201
175.78,electronics,34,NY,desktop,3,0,2,20,3,2,0,1,97.749972,78.030028,1.7982613662716818
218.7,fashion,55,NY,mobile,4,0,19,15,6,5,1,0,97.749972,120.95002799999999,2.2373407714393947
48.44,fuel,19,CA,desktop,4,0,21,22,11,1,0,0,97.749972,-49.309972,0.49555000900102547
153.44,fashion,40,NY,desktop,3,0,11,12,11,5,1,0,97.749972,55.690028,1.5697191036564275
119.54,fashion,66,NY,desktop,2,0,3,7,3,0,0,1,97.749972,21.790028000000007,1.2229159388105408
40.67,fuel,18,FL,desktop,3,0,2,24,5,4,0,1,97.749972,-57.079972,0.41606149599652575
238.13,fuel,26,CA,mobile,2,0,9,17,10,0,0,0,97.749972,140.38002799999998,2.4361132048599132
88.37,entertainment,20,NY,mobile,5,0,7,14,12,5,1,0,97.749972,-9.379971999999995,0.9040411704256942
26.51,grocery,20,TX,tablet,3,0,15,17,4,0,0,0,97.749972,-71.239972,0.2712021209458544
42.31,fuel,45,FL,tablet,1,0,0,29,1,5,1,1,97.749972,-55.439972,0.4328389942368578
15.74,electronics,58,IL,mobile,1,0,18,13,11,6,1,0,97.749972,-82.009972,0.1610230623797717
14.5,fashion,52,CA,mobile,5,0,22,24,6,4,0,1,97.749972,-83.249972,0.14833763688098411
2.6,grocery,23,IL,tablet,2,0,18,9,10,2,0,0,97.749972,-95.149972,0.02659847282003853
49.49,electronics,18,IL,desktop,1,0,12,23,10,0,0,0,97.749972,-48.259972,0.5062916999475796
49.19,entertainment,51,IL,tablet,4,0,1,24,10,0,0,1,97.749972,-48.559972,0.5032226453914213
20.97,fuel,20,NY,desktop,2,0,19,26,11,6,1,0,97.749972,-76.779972,0.2145269134754646
1.51,electronics,29,FL,desktop,3,0,8,17,2,3,0,0,97.749972,-96.239972,0.015447574599330069
158.24,fashion,51,TX,desktop,3,0,20,2,5,1,0,0,97.749972,60.49002800000001,1.6188239765549604
27.46,grocery,60,TX,mobile,1,0,1,23,5,3,0,1,97.749972,-70.289972,0.28092079370702233
33.1,grocery,38,IL,desktop,1,0,20,16,5,0,0,0,97.749972,-64.64997199999999,0.3386190193627982
50.75,fashion,30,FL,mobile,3,0,14,5,11,5,1,0,97.749972,-46.999972,0.5191817290834444
1.68,grocery,34,CA,mobile,2,0,17,1,1,5,1,0,97.749972,-96.06997199999999,0.017186705514486433
176.78,electronics,26,FL,mobile,3,0,23,19,8,4,0,1,97.749972,79.030028,1.8084915481255428
46.78,fashion,45,FL,desktop,5,0,18,2,3,3,0,0,97.749972,-50.969972,0.4785679071236163
102.95,grocery,63,CA,mobile,2,0,21,28,5,6,1,0,97.749972,5.200028000000003,1.0531972218549872
187.41,electronics,64,TX,mobile,4,0,6,20,8,5,1,0,97.749972,89.660028,1.9172383812320848
287.56,fuel,20,IL,desktop,3,0,10,6,3,6,1,0,97.749972,189.810028,2.9417910938962613
39.56,electronics,20,FL,desktop,2,0,6,22,2,3,0,0,97.749972,-58.189972,0.4047059941387401
82.07,electronics,25,CA,desktop,5,0,6,1,3,4,0,0,97.749972,-15.679972000000006,0.8395910247463699
19.8,electronics,43,IL,mobile,4,0,2,13,12,4,0,1,97.749972,-77.949972,0.20255760070644727
77.25,electronics,61,FL,mobile,1,0,10,31,1,2,0,0,97.749972,-20.499972,0.7902815482107601
29.17,entertainment,19,CA,tablet,7,0,8,12,7,2,0,0,97.749972,-68.579972,0.2984144046771246
159.67,entertainment,63,FL,desktop,4,0,11,25,5,5,1,0,97.749972,61.92002799999999,1.6334531366059815
68.67,electronics,24,CA,desktop,0,0,20,30,1,1,0,0,97.749972,-29.079971999999998,0.702506587904633
20.1,fuel,43,FL,desktop,4,0,17,9,1,6,1,0,97.749972,-77.64997199999999,0.20562665526260557
61.29,electronics,59,CA,desktop,3,0,1,7,9,2,0,1,97.749972,-36.459972,0.6270078458231391
50.83,fashion,31,CA,tablet,4,0,12,16,3,2,0,0,97.749972,-46.919972,0.5200001436317532
11.66,entertainment,66,IL,desktop,1,0,16,4,12,0,0,0,97.749972,-86.089972,0.11928392041601894
100.15,fashion,55,IL,tablet,3,0,5,19,1,2,0,1,97.749972,2.400028000000006,1.0245527126641765
50.73,grocery,30,TX,mobile,3,0,17,8,4,0,0,0,97.749972,-47.019972,0.5189771254463671
246.02,grocery,44,CA,mobile,8,0,23,20,8,5,1,1,97.749972,148.27002800000002,2.516829339686877
74.04,entertainment,38,IL,mobile,3,0,15,19,9,3,0,0,97.749972,-23.709971999999993,0.7574426644598665
13.8,fuel,41,NY,desktop,6,0,8,3,12,1,0,0,97.749972,-83.949972,0.14117650958328143
337.06,fashion,53,CA,mobile,3,0,3,26,1,3,0,1,97.749972,239.310028,3.4481850956623794
31.24,electronics,40,FL,mobile,3,0,4,7,12,2,0,1,97.749972,-66.509972,0.31959088111461675
112.82,fuel,58,CA,tablet,2,0,22,26,5,3,0,1,97.749972,15.070027999999994,1.154169116752595
6.94,grocery,53,NY,desktop,0,0,4,28,6,4,0,1,97.749972,-90.809972,0.07099746206579516
75.43,fashion,56,CA,mobile,4,0,1,8,10,6,1,1,97.749972,-22.319971999999993,0.7716626172367332
3.3,fuel,57,FL,desktop,3,0,6,15,1,0,0,0,97.749972,-94.449972,0.033759600117741206
118.74,grocery,51,TX,desktop,0,0,9,20,12,2,0,0,97.749972,20.990027999999995,1.214731793327452
68.08,fashion,52,IL,mobile,3,0,2,24,7,0,0,1,97.749972,-29.669972,0.696470780610855
20.07,grocery,60,FL,tablet,2,0,13,4,5,2,0,0,97.749972,-77.67997199999999,0.20531974980698972
47.37,electronics,26,IL,mobile,5,0,16,27,11,2,0,0,97.749972,-50.379972,0.48460371441739425
228.82,electronics,58,TX,tablet,2,0,0,17,11,6,1,1,97.749972,131.07002799999998,2.3408702118004676
9.4,fuel,54,NY,desktop,1,0,20,19,6,6,1,0,97.749972,-88.349972,0.09616370942629315
65.75,entertainment,58,IL,desktop,0,0,21,8,3,2,0,0,97.749972,-31.999972,0.6726344568913589
25.72,fuel,18,NY,mobile,4,0,13,24,9,6,1,0,97.749972,-72.029972,0.2631202772813042
50.93,entertainment,47,TX,desktop,3,0,9,21,6,4,0,0,97.749972,-46.819972,0.5210231618171394
51.68,grocery,66,FL,desktop,3,0,19,9,12,0,0,0,97.749972,-46.069972,0.5286957982075351
371.02,fashion,26,NY,mobile,3,0,10,15,7,4,0,0,97.749972,273.27002799999997,3.795602071419498
77.27,grocery,59,IL,desktop,4,0,9,20,3,0,0,0,97.749972,-20.479972000000004,0.7904861518478373
83.55,grocery,34,TX,tablet,3,0,13,9,8,1,0,0,97.749972,-14.199972000000002,0.8547316938900842
43.06,fashion,37,FL,desktop,5,0,15,10,7,2,0,0,97.749972,-54.689972,0.4405116306272535
43.33,grocery,58,NY,tablet,5,0,19,14,5,6,1,0,97.749972,-54.419972,0.4432737797277959
107.38,electronics,65,TX,desktop,4,0,15,25,5,2,0,0,97.749972,9.630027999999996,1.0985169274675912
46.63,electronics,60,CA,tablet,3,0,2,25,7,1,0,1,97.749972,-51.119972,0.4770333798455372
158.05,electronics,35,FL,tablet,4,0,12,16,8,1,0,0,97.749972,60.30002800000001,1.6168802420027268
83.79,fashion,64,CA,tablet,1,0,13,3,7,6,1,0,97.749972,-13.959971999999993,0.857186937535011
52.9,fashion,19,CA,tablet,1,0,12,28,4,6,1,0,97.749972,-44.849972,0.5411766200692455
0.02,electronics,30,NY,mobile,4,1,11,23,8,2,0,0,97.749972,-97.729972,0.00020460363707721946
26.28,entertainment,62,TX,mobile,2,0,14,12,2,5,1,0,97.749972,-71.469972,0.2688491791194664
134.9,fuel,44,IL,desktop,6,0,7,15,7,5,1,0,97.749972,37.150028000000006,1.3800515320858453
62.02,grocery,18,NY,mobile,5,0,13,13,2,6,1,0,97.749972,-35.729972,0.6344758785764576
41.81,grocery,31,FL,tablet,6,1,18,4,8,4,0,0,97.749972,-55.939972,0.42772390330992727
25.26,electronics,42,CA,mobile,1,0,10,23,10,2,0,0,97.749972,-72.489972,0.2584143936285282
71.28,entertainment,33,IL,mobile,1,0,20,29,7,0,0,0,97.749972,-26.469972,0.7292073625432102
83.44,entertainment,59,CA,mobile,3,0,19,7,4,4,0,0,97.749972,-14.309972000000002,0.8536063738861596
139.1,entertainment,49,FL,desktop,1,0,2,11,5,3,0,1,97.749972,41.350027999999995,1.4230182958720612
108.95,fashion,27,NY,mobile,0,0,16,10,11,4,0,0,97.749972,11.200028000000003,1.114578312978153
0.97,fuel,40,IL,mobile,3,0,11,8,8,0,0,0,97.749972,-96.779972,0.009923276398245143
41.09,grocery,52,FL,desktop,1,0,4,20,10,3,0,1,97.749972,-56.659971999999996,0.4203581723751474
205.4,fashion,63,NY,tablet,4,0,10,18,5,3,0,0,97.749972,107.650028,2.101279352783044
152.88,electronics,18,IL,tablet,4,0,20,28,7,4,0,0,97.749972,55.130027999999996,1.5639902018182654
6.35,grocery,41,TX,mobile,2,0,19,16,4,5,1,0,97.749972,-91.399972,0.06496165477201718
5.15,entertainment,62,TX,tablet,1,0,0,14,3,0,0,1,97.749972,-92.599972,0.052685436547384015
22.46,entertainment,40,CA,desktop,6,0,12,10,3,3,0,0,97.749972,-75.289972,0.22976988443771745
16.98,entertainment,37,IL,mobile,4,0,13,2,7,1,0,0,97.749972,-80.769972,0.17370848787855933
13.53,entertainment,54,TX,tablet,1,0,22,13,9,1,0,1,97.749972,-84.219972,0.13841436048273895
23.75,grocery,43,TX,tablet,4,1,23,22,1,5,1,1,97.749972,-73.999972,0.2429668190291981
113.18,fashion,39,IL,mobile,1,0,5,20,9,1,0,1,97.749972,15.430028000000007,1.1578519822199849
75.66,electronics,33,NY,desktop,2,0,8,21,2,2,0,0,97.749972,-22.089972000000003,0.7740155590631211
242.3,entertainment,58,TX,mobile,3,0,6,19,9,3,0,0,97.749972,144.550028,2.4787730631905136
179.85,grocery,65,NY,tablet,4,0,0,15,4,4,0,1,97.749972,82.100028,1.8398982064168958
317.29,fashion,22,IL,tablet,5,0,22,17,5,1,0,1,97.749972,219.540028,3.2459344004115485
63.71,grocery,30,IL,desktop,1,0,10,29,11,1,0,0,97.749972,-34.039972,0.6517648859094826
133.9,fashion,23,CA,desktop,6,0,10,9,6,3,0,0,97.749972,36.150028000000006,1.3698213502319843
272.47,entertainment,45,FL,mobile,0,0,0,12,8,4,0,1,97.749972,174.720028,2.7874176497214993
137.09,fuel,66,IL,mobile,5,0,9,15,4,0,0,0,97.749972,39.340028000000004,1.402455630345801
6.89,entertainment,51,FL,mobile,2,0,13,17,5,1,0,0,97.749972,-90.859972,0.0704859529731021
55.77,fashion,20,CA,desktop,3,0,18,31,8,2,0,0,97.749972,-41.979972,0.5705372419898265
169.71,grocery,67,FL,desktop,4,0,16,13,6,3,0,0,97.749972,71.96002800000001,1.7361641624187458
163.54,grocery,53,CA,mobile,1,0,2,12,8,4,0,1,97.749972,65.79002799999999,1.6730439403804234
71.45,fashion,49,IL,desktop,0,0,9,14,4,6,1,0,97.749972,-26.299971999999997,0.7309464934583665
2.25,fashion,35,CA,mobile,5,0,16,20,3,2,0,0,97.749972,-95.499972,0.02301790917118719
287.0,entertainment,53,FL,desktop,2,0,6,18,11,4,0,0,97.749972,189.250028,2.9360621920580994
104.5,fashion,21,FL,desktop,1,0,20,4,5,2,0,0,97.749972,6.750028,1.0690540037284717
52.43,fashion,64,NY,desktop,2,0,14,8,5,2,0,0,97.749972,-45.319972,0.5363684345979308
117.88,electronics,27,CA,mobile,1,0,0,20,11,2,0,1,97.749972,20.130027999999996,1.2059338369331314
101.92,fuel,32,NY,desktop,1,0,6,30,11,2,0,0,97.749972,4.170028000000002,1.0426601345455104
110.33,electronics,25,CA,desktop,1,0,9,25,4,3,0,0,97.749972,12.580027999999999,1.128695963936481
37.25,fuel,18,NY,desktop,3,0,7,28,2,0,0,0,97.749972,-60.499972,0.3810742740563212
424.4,grocery,39,NY,desktop,4,0,23,8,8,1,0,1,97.749972,326.65002799999996,4.341689178778597
413.38,fashion,18,IL,desktop,3,0,5,13,3,2,0,1,97.749972,315.630028,4.228952574749049
14.61,electronics,34,IL,desktop,3,0,15,3,12,1,0,0,97.749972,-83.139972,0.1494629568849088
11.71,fashion,22,NY,tablet,5,0,9,27,3,2,0,0,97.749972,-86.039972,0.119795429508712
7.78,fashion,29,IL,desktop,3,0,21,6,1,5,1,0,97.749972,-89.969972,0.07959081482303837
83.51,entertainment,38,IL,tablet,2,0,6,7,8,2,0,0,97.749972,-14.239971999999995,0.8543224866159299
48.39,electronics,22,CA,mobile,4,0,7,11,5,5,1,0,97.749972,-49.359972,0.4950384999083325
305.37,fashion,56,NY,tablet,8,0,16,16,9,0,0,0,97.749972,207.620028,3.123990632713525
32.69,fuel,66,CA,mobile,3,0,17,13,4,2,0,0,97.749972,-65.059972,0.33442464480271517
92.44,fashion,59,CA,mobile,2,0,15,6,10,4,0,0,97.749972,-5.309972000000002,0.9456780105709083
70.0,fuel,21,IL,mobile,1,0,1,13,10,3,0,1,97.749972,-27.749972,0.7161127297702681
113.36,entertainment,32,CA,tablet,4,0,23,9,9,4,0,1,97.749972,15.610028,1.15969341495368
39.2,grocery,49,FL,mobile,6,0,19,30,9,0,0,0,97.749972,-58.549972,0.40102312867135015
82.38,grocery,55,NY,mobile,3,0,13,5,7,2,0,0,97.749972,-15.369972000000004,0.8427623811210669
8.17,fuel,32,NY,desktop,3,0,8,23,10,2,0,0,97.749972,-89.579972,0.08358058574604414
86.03,entertainment,32,IL,mobile,1,0,21,6,9,1,0,0,97.749972,-11.719971999999999,0.8801025448876595
62.35,fashion,47,CA,mobile,2,0,13,26,10,5,1,0,97.749972,-35.399972,0.6378518385882317
107.45,fuel,45,NY,mobile,3,0,12,5,10,3,0,0,97.749972,9.700028000000003,1.0992330401973616
101.94,electronics,28,IL,tablet,7,0,19,6,5,0,0,0,97.749972,4.190027999999998,1.0428647381825875
162.61,fuel,23,CA,desktop,4,0,17,17,3,4,0,0,97.749972,64.86002800000001,1.663529871256333
67.65,fuel,56,IL,mobile,2,0,17,13,5,0,0,0,97.749972,-30.099971999999994,0.6920718024136948
259.79,entertainment,63,TX,tablet,2,0,3,26,11,6,1,1,97.749972,162.040028,2.6576989438145424
6.79,fuel,45,CA,desktop,1,0,19,25,8,4,0,0,97.749972,-90.959972,0.06946293478771601
117.11,electronics,48,TX,desktop,5,0,3,29,1,6,1,1,97.749972,19.360028,1.1980565969056585
13.71,entertainment,48,TX,mobile,3,0,7,6,3,6,1,0,97.749972,-84.039972,0.14025579321643394
427.07,entertainment,44,NY,mobile,3,0,17,11,8,3,0,0,97.749972,329.320028,4.369003764328405
147.37,grocery,44,FL,mobile,6,0,22,14,10,0,0,1,97.749972,49.620028000000005,1.5076218998034916
118.61,fashion,68,CA,tablet,1,0,10,2,4,6,1,0,97.749972,20.860028,1.21340186968645
39.95,fuel,45,NY,tablet,6,0,11,1,3,2,0,0,97.749972,-57.799972,0.4086957650617459
13.82,fashion,37,FL,mobile,3,0,7,10,7,2,0,0,97.749972,-83.92997199999999,0.14138111322035865
42.03,electronics,58,CA,tablet,3,0,20,24,1,1,0,0,97.749972,-55.719972,0.4299745433177767
8.5,grocery,45,TX,tablet,2,0,23,3,10,1,0,1,97.749972,-89.249972,0.08695654575781826
139.3,electronics,28,CA,tablet,3,0,20,18,5,2,0,0,97.749972,41.55002800000001,1.4250643322428336
19.66,entertainment,36,TX,desktop,3,0,5,30,5,3,0,1,97.749972,-78.089972,0.2011253752469067
10.16,fuel,30,TX,desktop,2,0,15,5,3,6,1,0,97.749972,-87.589972,0.10393864763522749
18.01,electronics,55,CA,tablet,3,0,13,8,12,4,0,0,97.749972,-79.739972,0.18424557518803614
37.42,entertainment,44,IL,desktop,0,0,0,20,12,1,0,1,97.749972,-60.329972,0.38281340497147764
316.12,grocery,51,TX,tablet,5,0,23,21,9,3,0,1,97.749972,218.370028,3.2339650876425305
3.83,grocery,24,CA,tablet,2,0,23,1,1,0,0,1,97.749972,-93.919972,0.039181596500287526
0.87,fashion,25,IL,tablet,3,0,11,28,8,0,0,0,97.749972,-96.879972,0.008900258212859046
168.56,fashion,53,FL,tablet,7,0,18,27,7,2,0,0,97.749972,70.810028,1.7243994532868057
274.79,fashion,45,CA,desktop,4,0,12,31,1,0,0,0,97.749972,177.040028,2.811151671622457
157.24,fuel,58,CA,desktop,1,0,6,2,12,5,1,0,97.749972,59.49002800000001,1.6085937947010995
12.91,fashion,41,CA,mobile,2,0,5,1,3,2,0,1,97.749972,-84.839972,0.13207164773334515
25.54,grocery,24,CA,tablet,2,0,14,5,8,5,1,0,97.749972,-72.209972,0.26127884454760925
43.33,entertainment,25,FL,desktop,3,0,11,25,1,1,0,0,97.749972,-54.419972,0.4432737797277959
20.06,fuel,51,CA,tablet,5,0,10,5,4,1,0,0,97.749972,-77.689972,0.2052174479884511
28.15,electronics,34,IL,desktop,2,0,23,30,6,3,0,1,97.749972,-69.59997200000001,0.28797961918618636
18.76,grocery,33,TX,tablet,3,0,14,20,5,4,0,0,97.749972,-78.989972,0.19191821157843186
2.08,fuel,30,NY,tablet,1,0,20,24,11,6,1,0,97.749972,-95.669972,0.021278778256030823
43.89,grocery,29,NY,desktop,3,0,9,11,2,5,1,0,97.749972,-53.859972,0.4490026815659581
52.58,electronics,32,NY,tablet,4,0,14,20,9,1,0,0,97.749972,-45.169972,0.5379029618760099
67.83,grocery,44,FL,desktop,2,0,8,11,10,1,0,0,97.749972,-29.919972,0.6939132351473898
93.58,fuel,68,CA,mobile,1,0,21,26,1,2,0,0,97.749972,-4.169972000000001,0.9573404178843098
86.64,entertainment,50,IL,desktop,0,0,6,23,12,4,0,0,97.749972,-11.109971999999999,0.8863429558185146
31.17,electronics,59,IL,tablet,4,0,9,25,6,5,1,0,97.749972,-66.579972,0.3188747683848465
32.18,entertainment,26,TX,tablet,2,0,1,25,9,2,0,1,97.749972,-65.569972,0.3292072520572461
66.27,grocery,61,TX,mobile,1,0,14,13,3,6,1,0,97.749972,-31.479972000000004,0.6779541514553666
151.36,grocery,55,NY,tablet,5,0,16,29,6,2,0,0,97.749972,53.610028000000014,1.5484403254003969
45.76,electronics,54,CA,desktop,4,1,8,23,9,4,0,0,97.749972,-51.989972,0.4681331216326781
7.61,electronics,21,TX,desktop,3,0,12,19,12,1,0,0,97.749972,-90.139972,0.07785168390788201
88.24,grocery,37,IL,mobile,5,0,21,5,2,6,1,0,97.749972,-9.509972000000005,0.9027112467846922
112.76,fuel,53,TX,mobile,5,0,8,25,6,1,0,0,97.749972,15.010028000000005,1.1535553058413632
174.14,electronics,23,NY,desktop,4,0,3,21,2,1,0,1,97.749972,76.39002799999999,1.7814838680313496
12.74,electronics,61,FL,desktop,3,0,18,25,5,2,0,0,97.749972,-85.009972,0.1303325168181888
23.79,fuel,39,IL,desktop,0,0,4,4,1,2,0,1,97.749972,-73.959972,0.24337602630335253
132.77,fuel,27,NY,tablet,2,0,6,26,2,5,1,0,97.749972,35.02002800000001,1.3582612447371214
92.72,electronics,18,CA,mobile,3,0,3,3,6,4,0,1,97.749972,-5.029972000000001,0.9485424614899893
60.54,fashion,57,NY,tablet,1,0,9,25,12,0,0,0,97.749972,-37.209972,0.6193352094327432
136.1,fashion,18,FL,tablet,5,0,4,17,4,6,1,1,97.749972,38.350027999999995,1.3923277503104783
38.05,entertainment,20,TX,desktop,2,0,10,18,5,5,1,0,97.749972,-59.699972,0.38925841953941
7.73,fuel,68,NY,tablet,3,0,15,23,3,3,0,0,97.749972,-90.019972,0.07907930573034533
257.99,entertainment,31,NY,tablet,0,0,21,11,8,4,0,0,97.749972,160.240028,2.6392846164775925
227.82,grocery,39,IL,desktop,5,0,22,4,6,6,1,1,97.749972,130.07002799999998,2.330640029946607
52.02,fashion,45,NY,tablet,3,0,0,6,9,1,0,1,97.749972,-45.729972,0.5321740600378478
498.55,fuel,29,FL,mobile,0,0,7,24,8,5,1,0,97.749972,400.800028,5.100257163242388
135.06,fashion,31,TX,tablet,1,0,13,9,5,0,0,0,97.749972,37.310028,1.381688361182463
141.6,fuel,55,FL,desktop,5,0,0,12,3,6,1,1,97.749972,43.850027999999995,1.4485937505067137
43.79,entertainment,26,IL,tablet,3,0,20,13,9,4,0,0,97.749972,-53.959972,0.447979663380572
0.92,fashion,46,NY,desktop,3,0,9,3,10,0,0,0,97.749972,-96.829972,0.009411767305552095
48.42,entertainment,54,TX,tablet,5,0,4,3,8,2,0,1,97.749972,-49.329972,0.49534540536394833
167.06,fashion,34,FL,mobile,1,0,3,14,10,4,0,1,97.749972,69.310028,1.7090541805060142
2.19,entertainment,20,FL,tablet,4,0,6,2,9,4,0,0,97.749972,-95.559972,0.02240409825995553
69.09,entertainment,54,CA,desktop,3,0,5,5,4,1,0,1,97.749972,-28.659971999999996,0.7068032642832547
1.55,fashion,43,TX,mobile,4,0,18,3,7,2,0,0,97.749972,-96.199972,0.015856781873484507
92.87,fashion,59,NY,mobile,5,0,23,22,7,5,1,1,97.749972,-4.879971999999995,0.9500769887680686
41.38,grocery,66,FL,tablet,2,0,19,28,5,5,1,0,97.749972,-56.369972,0.4233249251127671
246.33,electronics,54,FL,tablet,2,0,5,29,12,3,0,1,97.749972,148.58002800000003,2.5200006960615737
105.63,fashion,25,FL,mobile,2,0,1,25,2,6,1,1,97.749972,7.880027999999996,1.0806141092233346
18.5,fuel,31,FL,desktop,2,0,9,13,9,4,0,0,97.749972,-79.249972,0.189258364296428
87.22,fuel,59,CA,tablet,5,0,2,22,7,4,0,1,97.749972,-10.529972,0.892276461293754
139.14,fashion,55,FL,mobile,4,0,22,19,4,1,0,1,97.749972,41.39002799999999,1.4234275031462156
105.34,fuel,20,FL,tablet,0,0,23,20,12,1,0,1,97.749972,7.590028000000004,1.077647356485715
196.46,entertainment,27,CA,mobile,5,0,19,24,11,3,0,0,97.749972,98.71002800000001,2.0098215270095268
405.93,fashion,43,CA,desktop,3,0,1,20,2,1,0,1,97.749972,308.180028,4.152737719937785
20.67,fashion,31,FL,mobile,3,0,0,16,3,5,1,1,97.749972,-77.079972,0.21145785891930632
1.71,electronics,58,IL,tablet,0,0,16,14,6,2,0,0,97.749972,-96.039972,0.017493610970102262
180.97,fashion,45,CA,mobile,4,0,2,17,6,4,0,1,97.749972,83.220028,1.8513560100932203
28.57,fuel,62,FL,mobile,4,0,0,31,10,0,0,1,97.749972,-69.17997199999999,0.292276295564808
52.5,electronics,21,NY,tablet,4,0,12,26,1,3,0,0,97.749972,-45.249972,0.5370845473277011
78.1,electronics,55,CA,desktop,3,0,12,22,9,4,0,0,97.749972,-19.649972000000005,0.7989772027865419
158.93,fashion,41,CA,desktop,2,0,5,30,11,2,0,1,97.749972,61.18002800000001,1.6258828020341245
71.86,entertainment,31,TX,tablet,2,0,11,25,9,6,1,0,97.749972,-25.889972,0.7351408680184495
76.3,electronics,24,FL,desktop,1,0,10,6,9,1,0,0,97.749972,-21.449972000000002,0.7805628754495922
51.24,fuel,56,FL,tablet,1,0,6,20,12,1,0,0,97.749972,-46.509972,0.5241945181918363
107.63,electronics,46,IL,desktop,2,0,22,23,3,5,1,1,97.749972,9.880027999999996,1.1010744729310564
21.72,fashion,48,FL,mobile,5,0,23,1,2,3,0,1,97.749972,-76.029972,0.22219954986586032
6.4,entertainment,54,IL,mobile,4,0,21,15,10,1,0,0,97.749972,-91.349972,0.06547316386471023
8.36,electronics,32,TX,tablet,4,0,12,18,3,0,0,0,97.749972,-89.389972,0.08552432029827772
79.06,fashion,58,TX,mobile,1,0,9,26,7,4,0,0,97.749972,-18.689971999999997,0.8087981773662485
45.93,entertainment,68,CA,mobile,3,0,13,13,12,1,0,0,97.749972,-51.819972,0.4698722525478345
205.45,electronics,44,TX,tablet,5,0,18,20,10,6,1,0,97.749972,107.70002799999999,2.101790861875737
0.89,fashion,19,CA,tablet,3,0,3,27,4,3,0,1,97.749972,-96.859972,0.009104861849936266
11.37,fuel,41,CA,desktop,3,0,11,17,1,2,0,0,97.749972,-86.379972,0.11631716767839925
452.13,entertainment,40,IL,desktop,7,0,14,8,4,5,1,0,97.749972,354.380028,4.625372121586161
336.73,electronics,37,NY,tablet,2,0,8,25,3,0,0,0,97.749972,238.980028,3.4448091356506056
5.49,electronics,49,NY,mobile,0,0,5,27,4,5,1,1,97.749972,-92.259972,0.05616369837769674
168.65,entertainment,49,TX,mobile,4,0,8,6,1,3,0,0,97.749972,70.900028,1.725320169653653
178.25,electronics,50,FL,mobile,2,0,17,7,11,1,0,0,97.749972,80.500028,1.8235299154507183
333.76,fuel,32,NY,tablet,2,0,2,17,9,6,1,1,97.749972,236.01002799999998,3.4144254955446383
72.83,entertainment,63,CA,desktop,4,0,7,18,9,0,0,0,97.749972,-24.919972,0.7450641444166947
3.3,electronics,55,CA,tablet,2,0,8,11,4,0,0,0,97.749972,-94.449972,0.033759600117741206
64.39,electronics,38,CA,tablet,4,0,14,9,10,0,0,0,97.749972,-33.359972,0.658721409570108
4.12,fuel,42,FL,desktop,4,0,22,3,1,0,0,1,97.749972,-93.629972,0.04214834923790721
449.55,fashion,21,CA,tablet,2,0,5,19,7,1,0,1,97.749972,351.800028,4.5989782524032
116.44,fashion,39,FL,desktop,1,0,2,30,9,5,1,1,97.749972,18.690027999999998,1.1912023750635716
105.21,entertainment,33,TX,desktop,4,0,5,13,3,0,0,1,97.749972,7.460027999999994,1.076317432844713
31.56,fuel,66,TX,desktop,1,0,19,23,9,4,0,0,97.749972,-66.189972,0.3228645393078523
88.72,fashion,69,FL,mobile,3,0,3,7,8,0,0,1,97.749972,-9.029972,0.9076217340745455
61.64,electronics,56,FL,tablet,6,0,9,6,8,5,1,0,97.749972,-36.109972,0.6305884094719904
116.9,entertainment,39,FL,desktop,4,0,4,9,10,6,1,1,97.749972,19.150028000000006,1.1959082587163479
12.37,entertainment,53,CA,desktop,2,0,12,3,3,6,1,0,97.749972,-85.379972,0.1265473495322602
53.58,electronics,60,CA,desktop,6,0,2,16,6,4,0,1,97.749972,-44.169972,0.5481331437298709
37.38,electronics,33,NY,mobile,2,0,20,21,7,6,1,0,97.749972,-60.369972,0.3824041976973232
35.38,fuel,36,CA,desktop,4,0,17,20,2,0,0,0,97.749972,-62.369972,0.3619438339896012
78.27,entertainment,43,CA,tablet,2,0,8,24,2,4,0,0,97.749972,-19.479972000000004,0.8007163337016983
124.94,entertainment,35,CA,desktop,2,0,15,21,5,5,1,0,97.749972,27.190027999999998,1.27815892082139
145.35,fuel,56,IL,desktop,2,0,7,29,5,0,0,0,97.749972,47.600027999999995,1.4869569324586924
42.0,electronics,30,CA,desktop,2,0,4,15,5,6,1,1,97.749972,-55.749972,0.42966763786216083
640.55,electronics,49,TX,desktop,3,0,18,8,11,2,0,0,97.749972,542.800028,6.552942986490645
307.12,entertainment,58,CA,mobile,5,0,21,14,10,5,1,0,97.749972,209.370028,3.141893450957782
0.64,entertainment,52,FL,tablet,5,0,22,17,12,5,1,1,97.749972,-97.109972,0.006547316386471023
66.36,entertainment,20,TX,tablet,4,0,2,17,7,2,0,1,97.749972,-31.389972,0.6788748678222142
2.34,fashion,56,TX,desktop,6,0,1,5,3,6,1,1,97.749972,-95.409972,0.023938625538034674
35.0,entertainment,30,FL,tablet,1,0,10,21,10,4,0,0,97.749972,-62.749972,0.35805636488513404
308.2,entertainment,22,TX,tablet,2,0,18,1,10,6,1,0,97.749972,210.45002799999997,3.152942047359952
24.17,entertainment,24,NY,tablet,5,0,7,22,12,3,0,0,97.749972,-73.579972,0.24726349540781972
56.7,fashion,21,NY,desktop,0,0,8,10,10,0,0,0,97.749972,-41.049972,0.5800513111139172
147.14,fuel,25,CA,mobile,6,0,8,20,11,6,1,0,97.749972,49.39002799999999,1.5052689579771035
256.78,fashion,38,FL,desktop,2,0,9,2,3,3,0,0,97.749972,159.03002799999996,2.6269060964344204
2.15,grocery,19,TX,desktop,3,0,13,22,1,0,0,0,97.749972,-95.599972,0.02199489098580109
70.37,electronics,32,FL,mobile,2,0,22,3,9,5,1,1,97.749972,-27.379971999999995,0.7198978970561967
44.34,grocery,42,TX,desktop,2,0,7,6,7,2,0,0,97.749972,-53.409971999999996,0.45360626340019555
3.58,grocery,40,IL,tablet,1,0,19,4,7,1,0,0,97.749972,-94.169972,0.036624051036822286
119.54,grocery,43,NY,mobile,5,0,11,11,4,0,0,0,97.749972,21.790028000000007,1.2229159388105408
27.03,entertainment,64,TX,mobile,2,0,15,5,7,1,0,0,97.749972,-70.719972,0.2765218155098621
71.78,grocery,64,NY,tablet,1,0,4,9,2,3,0,1,97.749972,-25.969972,0.7343224534701406
213.45,entertainment,46,TX,desktop,6,0,20,29,6,5,1,0,97.749972,115.70002799999999,2.1836323167066247
154.82,fuel,54,NY,mobile,3,0,20,19,9,3,0,0,97.749972,57.07002799999999,1.5838367546147558
18.91,fuel,32,FL,desktop,2,0,7,4,11,4,0,0,97.749972,-78.839972,0.193452738856511
123.91,fashion,26,IL,desktop,3,0,1,26,6,6,1,1,97.749972,26.160027999999997,1.2676218335119132
80.0,fuel,28,FL,mobile,4,0,18,7,8,2,0,0,97.749972,-17.749972,0.8184145483088778
22.92,fuel,30,IL,desktop,0,0,1,10,11,4,0,1,97.749972,-74.829972,0.2344757680904935
12.94,electronics,67,TX,mobile,4,0,20,27,2,1,0,0,97.749972,-84.809972,0.132378553188961
144.19,grocery,25,CA,tablet,4,0,3,4,3,5,1,1,97.749972,46.440028,1.4750899215082136
89.36,electronics,22,IL,mobile,2,0,13,30,8,2,0,0,97.749972,-8.389972,0.9141690504610165
15.3,grocery,60,IL,desktop,3,0,8,13,5,5,1,0,97.749972,-82.449972,0.15652178236407288
63.45,entertainment,20,NY,desktop,2,0,23,9,3,5,1,1,97.749972,-34.299972,0.6491050386274787
89.03,entertainment,29,IL,tablet,5,0,9,14,9,2,0,0,97.749972,-8.719971999999999,0.9107930904492424
162.15,grocery,46,NY,tablet,2,0,11,5,4,1,0,0,97.749972,64.400028,1.6588239876035569
1.28,entertainment,42,TX,desktop,5,0,19,22,1,0,0,0,97.749972,-96.469972,0.013094632772942046
26.58,electronics,50,FL,mobile,1,0,11,10,2,5,1,0,97.749972,-71.169972,0.2719182336756246
10.06,entertainment,61,TX,desktop,5,0,1,7,11,1,0,1,97.749972,-87.689972,0.1029156294498414
18.85,entertainment,51,CA,desktop,1,0,17,23,9,5,1,0,97.749972,-78.89997199999999,0.19283892794527935
170.96,electronics,66,TX,mobile,4,0,16,19,8,5,1,0,97.749972,73.21002800000001,1.748951889736072
72.54,electronics,39,TX,mobile,2,0,21,29,11,1,0,0,97.749972,-25.209971999999993,0.7420973916790751
99.81,fuel,45,IL,mobile,1,0,11,17,1,1,0,0,97.749972,2.0600280000000026,1.0210744508338636
32.01,entertainment,69,FL,mobile,3,0,20,8,7,4,0,0,97.749972,-65.739972,0.32746812114208973
52.96,electronics,43,IL,mobile,4,0,20,19,12,0,0,0,97.749972,-44.789972,0.5417904309804771
7.44,fashion,20,CA,desktop,1,0,1,19,2,5,1,1,97.749972,-90.309972,0.07611255299272564
125.76,electronics,55,CA,desktop,1,0,14,7,5,6,1,0,97.749972,28.010028000000005,1.286547669941556
182.16,grocery,30,TX,mobile,4,0,15,11,2,4,0,0,97.749972,84.410028,1.8635299264993148
79.07,fashion,40,TX,tablet,4,0,23,10,5,4,0,1,97.749972,-18.679972000000006,0.808900479184787
112.01,grocery,39,CA,mobile,4,0,9,1,10,5,1,0,97.749972,14.260028000000005,1.1458826694509676
172.83,entertainment,64,TX,desktop,4,0,7,8,3,4,0,0,97.749972,75.08002800000001,1.7680823298027921
125.22,fashion,59,TX,mobile,3,0,17,14,3,1,0,0,97.749972,27.470028,1.281023371740471
69.39,electronics,38,TX,tablet,3,0,6,15,6,2,0,0,97.749972,-28.359972,0.7098723188394129
261.0,entertainment,65,TX,tablet,3,0,6,23,10,6,1,0,97.749972,163.250028,2.670077463857714
24.29,entertainment,61,TX,mobile,6,0,13,2,10,6,1,0,97.749972,-73.459972,0.24849111723028303
70.07,grocery,28,CA,mobile,8,0,0,2,5,3,0,1,97.749972,-27.679972000000006,0.7168288425000383
143.46,electronics,48,CA,mobile,3,0,11,11,2,4,0,0,97.749972,45.71002800000001,1.4676218887548953
12.0,grocery,46,FL,mobile,2,0,0,12,6,2,0,1,97.749972,-85.749972,0.12276218224633167
191.35,grocery,32,FL,desktop,5,0,0,10,11,3,0,1,97.749972,93.600028,1.957545297736297
182.54,electronics,54,CA,tablet,4,0,23,12,9,1,0,1,97.749972,84.79002799999999,1.8674173956037818
203.94,entertainment,58,CA,desktop,6,0,10,7,3,1,0,0,97.749972,106.190028,2.086343287276407
8.6,grocery,66,FL,desktop,2,0,8,16,4,5,1,0,97.749972,-89.149972,0.08797956394320436
93.95,fashion,25,FL,mobile,1,0,4,17,6,5,1,1,97.749972,-3.799971999999997,0.9611255851702384
14.24,entertainment,55,FL,desktop,2,0,15,24,2,3,0,0,97.749972,-83.509972,0.14567778959898026
0.07,fuel,61,TX,tablet,5,0,21,21,9,5,1,0,97.749972,-97.679972,0.0007161127297702682
100.04,entertainment,66,TX,desktop,8,0,21,3,12,1,0,0,97.749972,2.2900280000000066,1.0234273926602517
128.04,fuel,60,CA,mobile,3,0,2,29,8,1,0,1,97.749972,30.290027999999992,1.309872484568359
20.26,fashion,65,FL,tablet,2,0,1,4,9,2,0,1,97.749972,-77.489972,0.20726348435922332
43.82,electronics,41,IL,tablet,2,0,14,7,4,3,0,0,97.749972,-53.929972,0.44828656883618784
5.87,fuel,49,IL,tablet,2,0,18,29,8,0,0,0,97.749972,-91.879972,0.06005116748216391
107.69,entertainment,50,TX,mobile,3,0,21,9,9,4,0,0,97.749972,9.940027999999998,1.1016882838422881
126.91,grocery,60,FL,tablet,2,0,21,25,8,4,0,0,97.749972,29.160027999999997,1.298312379073496
108.38,electronics,58,IL,tablet,2,0,19,22,10,5,1,0,97.749972,10.630027999999996,1.1087471093214523
80.63,fashion,68,IL,mobile,2,0,15,3,7,2,0,0,97.749972,-17.119972000000004,0.8248595628768102
24.94,electronics,43,CA,mobile,4,0,1,18,7,0,0,1,97.749972,-72.809972,0.2551407354352927
2.03,entertainment,32,CA,tablet,4,0,1,28,1,4,0,1,97.749972,-95.719972,0.020767269163337772
118.26,fuel,46,FL,desktop,2,0,22,8,7,4,0,1,97.749972,20.510028000000005,1.2098213060375986
12.55,fuel,28,TX,tablet,4,0,19,10,3,6,1,0,97.749972,-85.199972,0.1283887822659552
48.86,electronics,30,IL,desktop,3,0,14,30,3,5,1,0,97.749972,-48.889972,0.4998466853796471
101.42,grocery,18,CA,tablet,2,0,22,15,2,3,0,1,97.749972,3.670028000000002,1.0375450436185798
55.05,fuel,38,IL,tablet,2,0,16,11,4,1,0,0,97.749972,-42.699972,0.5631715110550465
4.88,fashion,21,TX,tablet,0,0,8,5,8,4,0,0,97.749972,-92.869972,0.04992328744684155
72.69,entertainment,22,CA,mobile,1,0,22,20,5,4,0,1,97.749972,-25.059972000000002,0.7436319189571541
161.87,fashion,50,IL,tablet,1,0,0,25,10,2,0,1,97.749972,64.120028,1.6559595366844757
52.98,fashion,31,IL,desktop,3,0,14,18,2,5,1,0,97.749972,-44.769972,0.5419950346175543
91.39,fashion,36,NY,tablet,0,1,20,31,1,1,0,0,97.749972,-6.359971999999999,0.9349363196243543
110.03,fuel,23,TX,tablet,2,0,1,8,4,5,1,1,97.749972,12.280028000000001,1.1256269093803228
22.38,fuel,28,NY,mobile,1,0,13,7,12,3,0,0,97.749972,-75.369972,0.22895146988940857
118.9,grocery,62,FL,tablet,2,0,5,24,5,4,0,1,97.749972,21.150028000000006,1.2163686224240697
39.89,electronics,38,TX,mobile,1,0,14,3,2,4,0,0,97.749972,-57.859972,0.4080819541505142
45.85,electronics,56,TX,mobile,2,0,22,10,4,2,0,1,97.749972,-51.899972,0.4690538379995256
7.64,fashion,47,NY,desktop,1,0,22,2,5,1,0,1,97.749972,-90.109972,0.07815858936349783
61.11,fuel,32,NY,desktop,2,0,12,4,5,2,0,0,97.749972,-36.639972,0.625166413089444
44.12,fuel,59,IL,mobile,4,0,9,21,2,2,0,0,97.749972,-53.629972,0.4513556233923461
151.35,entertainment,62,NY,desktop,5,0,15,17,2,4,0,0,97.749972,53.600027999999995,1.5483380235818582
31.59,electronics,19,IL,mobile,3,0,16,19,11,1,0,0,97.749972,-66.159972,0.32317144476346815
144.43,grocery,63,NY,desktop,8,0,20,27,1,3,0,0,97.749972,46.68002800000001,1.4775451651531404
49.34,grocery,22,TX,tablet,2,0,19,22,7,5,1,0,97.749972,-48.409971999999996,0.5047571726695004
87.45,entertainment,24,FL,desktop,1,0,20,5,11,6,1,0,97.749972,-10.299971999999997,0.894629403120142
60.38,fuel,38,CA,desktop,0,0,11,29,6,2,0,0,97.749972,-37.369972,0.6176983803361256
68.09,fashion,69,TX,tablet,3,0,12,26,9,0,0,0,97.749972,-29.659971999999996,0.6965730824293936
9.96,fuel,61,FL,mobile,5,0,13,7,12,3,0,0,97.749972,-87.789972,0.1018926112644553
146.3,fuel,50,TX,desktop,5,0,3,15,1,5,1,1,97.749972,48.55002800000001,1.4966756052198604
99.89,fuel,66,IL,mobile,2,0,6,24,1,2,0,0,97.749972,2.140028000000001,1.0218928653821726
8.31,grocery,56,FL,mobile,1,0,16,7,9,3,0,0,97.749972,-89.439972,0.08501281120558468
100.45,entertainment,23,IL,desktop,4,0,15,28,1,6,1,0,97.749972,2.700028000000003,1.0276217672203347
14.41,fuel,68,NY,tablet,5,0,4,2,10,2,0,1,97.749972,-83.339972,0.14741692051413663
106.94,electronics,65,FL,desktop,2,0,18,24,2,5,1,0,97.749972,9.190027999999998,1.0940156474518925
90.85,entertainment,25,NY,tablet,1,0,7,10,12,6,1,0,97.749972,-6.899972000000005,0.9294120214232693
77.06,electronics,56,FL,desktop,1,0,16,20,8,5,1,0,97.749972,-20.689971999999997,0.7883378136585266
50.51,fashion,26,NY,desktop,6,0,0,27,7,5,1,1,97.749972,-47.239972,0.5167264854385177
80.78,fashion,36,CA,tablet,5,0,1,12,3,1,0,1,97.749972,-16.969972,0.8263940901548894
62.97,entertainment,43,TX,tablet,3,0,13,16,4,6,1,0,97.749972,-34.779972,0.6441945513376255
292.22,fashion,65,FL,mobile,2,0,2,8,2,1,0,1,97.749972,194.470028,2.989463741335254
114.13,electronics,43,IL,mobile,2,0,3,11,10,1,0,1,97.749972,16.380027999999996,1.1675706549811529
124.54,fuel,53,CA,desktop,1,0,22,9,4,1,0,1,97.749972,26.790028000000007,1.2740668480798456
37.74,grocery,38,CA,tablet,2,0,5,20,4,5,1,1,97.749972,-60.009972,0.38608706316471314
310.37,electronics,29,FL,desktop,5,0,5,14,6,2,0,1,97.749972,212.620028,3.17514154198283
138.69,grocery,20,IL,mobile,4,0,2,17,6,4,0,1,97.749972,40.940028,1.4188239213119782
10.75,fashion,36,NY,desktop,2,0,5,9,8,1,0,1,97.749972,-86.999972,0.10997445492900546
195.21,fuel,65,FL,mobile,1,0,19,18,4,3,0,0,97.749972,97.46002800000001,1.9970337996922005
149.0,entertainment,51,IL,desktop,1,0,12,17,7,0,0,0,97.749972,51.250028,1.5242970962252849
47.79,fashion,40,CA,mobile,1,0,1,28,11,0,0,1,97.749972,-49.959972,0.4889003907960159
198.16,fashion,59,FL,tablet,3,0,20,25,1,3,0,0,97.749972,100.410028,2.02721283616109
11.06,entertainment,67,CA,desktop,6,0,10,24,8,3,0,0,97.749972,-86.689972,0.11314581130370237
61.75,entertainment,40,CA,tablet,1,0,2,27,1,5,1,1,97.749972,-35.999972,0.6317137294759151
7.59,fuel,34,NY,mobile,3,0,22,7,8,2,0,1,97.749972,-90.159972,0.07764708027080477
107.97,entertainment,49,FL,mobile,4,0,17,1,1,5,1,0,97.749972,10.220028,1.1045527347613693
289.04,fashion,22,IL,tablet,3,0,15,20,1,5,1,0,97.749972,191.290028,2.9569317630399756
127.43,electronics,49,IL,tablet,3,0,5,5,2,6,1,1,97.749972,29.680028000000007,1.3036320736375038
27.2,entertainment,67,FL,mobile,2,0,18,24,7,0,0,0,97.749972,-70.549972,0.2782609464250185
39.78,electronics,33,NY,mobile,4,0,23,26,10,2,0,1,97.749972,-57.969972,0.4069566341465895
216.49,electronics,26,CA,desktop,1,0,7,22,11,1,0,0,97.749972,118.74002800000001,2.2147320695423622
73.6,fuel,62,FL,mobile,3,0,6,4,9,6,1,0,97.749972,-24.149972000000005,0.7529413844441676
121.58,grocery,53,NY,tablet,1,0,9,22,8,1,0,0,97.749972,23.830028,1.243785509792417
104.48,fashion,30,CA,tablet,4,0,15,25,8,6,1,0,97.749972,6.730028000000004,1.0688494000913944
35.39,electronics,66,NY,tablet,3,0,3,4,12,6,1,1,97.749972,-62.359972,0.3620461358081398
170.32,electronics,20,NY,mobile,2,0,6,1,9,3,0,0,97.749972,72.570028,1.7424045733496007
9.56,fuel,62,CA,tablet,7,0,19,20,4,5,1,0,97.749972,-88.189972,0.0978005385229109
110.43,fashion,30,IL,mobile,2,0,3,20,3,0,0,1,97.749972,12.680028000000007,1.1297189821218674
131.34,electronics,63,CA,desktop,2,0,22,13,7,2,0,1,97.749972,33.590028000000004,1.3436320846861003
25.92,fashion,31,CA,mobile,1,0,11,22,5,0,0,0,97.749972,-71.829972,0.26516631365207644
168.41,electronics,28,NY,mobile,2,0,0,6,11,0,0,1,97.749972,70.660028,1.7228649260087263
164.95,entertainment,35,CA,mobile,5,0,12,23,5,1,0,0,97.749972,67.20002799999999,1.6874684967943674
30.39,fashion,58,CA,mobile,2,0,11,29,11,4,0,0,97.749972,-67.359972,0.31089522653883495
153.72,fashion,67,TX,desktop,4,0,19,26,7,4,0,0,97.749972,55.970028,1.5725835545755087
62.35,fuel,38,TX,desktop,2,0,16,23,8,1,0,0,97.749972,-35.399972,0.6378518385882317
22.88,fuel,59,CA,desktop,3,0,4,9,1,6,1,1,97.749972,-74.869972,0.23406656081633906
113.12,fashion,44,NY,mobile,2,0,21,11,3,4,0,0,97.749972,15.370028000000005,1.1572381713087532
11.76,entertainment,63,IL,desktop,6,0,22,28,8,2,0,1,97.749972,-85.989972,0.12030693860140504
47.9,electronics,38,TX,mobile,1,0,21,12,10,2,0,0,97.749972,-49.849972,0.49002571079994056
96.62,fuel,67,CA,tablet,3,0,15,21,5,5,1,0,97.749972,-1.129971999999995,0.9884401707200472
137.62,fuel,25,NY,mobile,3,0,8,14,2,1,0,0,97.749972,39.870028000000005,1.407877626728347
100.31,entertainment,57,TX,mobile,5,0,10,1,4,0,0,0,97.749972,2.5600280000000026,1.0261895417607942
222.4,electronics,54,IL,desktop,1,0,18,4,12,6,1,0,97.749972,124.650028,2.27519244429868
164.36,entertainment,28,CA,tablet,1,0,17,11,4,0,0,0,97.749972,66.61002800000001,1.6814326895005896
18.49,entertainment,21,IL,tablet,3,0,9,1,10,6,1,0,97.749972,-79.259972,0.18915606247788938
87.49,entertainment,62,NY,desktop,2,0,22,19,3,6,1,1,97.749972,-10.259972000000005,0.8950386103942964
34.69,entertainment,40,IL,tablet,6,0,20,24,5,4,0,0,97.749972,-63.059972,0.35488500851043714
54.33,electronics,19,FL,mobile,7,0,13,28,6,2,0,0,97.749972,-43.419972,0.5558057801202666
14.13,electronics,44,IL,mobile,4,0,11,23,10,0,0,0,97.749972,-83.619972,0.14455246959505555
6.93,fuel,27,FL,desktop,3,0,2,23,4,1,0,1,97.749972,-90.819972,0.07089516024725653
48.19,grocery,33,NY,desktop,7,0,20,20,11,6,1,0,97.749972,-49.559972,0.49299246353756027
108.28,fuel,65,NY,desktop,4,1,13,2,4,5,1,0,97.749972,10.530028000000001,1.1077240911360662
67.83,electronics,38,FL,mobile,4,0,10,23,10,0,0,0,97.749972,-29.919972,0.6939132351473898
22.76,fuel,53,TX,desktop,5,0,19,10,6,4,0,0,97.749972,-74.989972,0.23283893899387575
65.38,grocery,36,TX,tablet,5,0,3,11,6,1,0,1,97.749972,-32.369972000000004,0.6688492896054303
155.17,electronics,18,TX,tablet,0,0,22,11,5,3,0,1,97.749972,57.42002799999999,1.587417318263607
175.74,fashion,51,CA,desktop,4,0,18,15,5,6,1,0,97.749972,77.99002800000001,1.7978521589975274
250.74,grocery,26,IL,tablet,3,0,0,3,12,6,1,1,97.749972,152.990028,2.5651157980371004
48.35,entertainment,33,CA,mobile,5,0,13,7,7,4,0,0,97.749972,-49.399972,0.49462929263417804
144.97,entertainment,53,CA,tablet,1,0,10,17,6,5,1,0,97.749972,47.220028,1.4830694633542252
294.82,fashion,59,IL,desktop,4,1,20,10,11,6,1,0,97.749972,197.07002799999998,3.016062214155292
28.33,electronics,28,FL,desktop,3,0,6,18,12,6,1,0,97.749972,-69.419972,0.28982105191988133
101.14,electronics,30,CA,mobile,3,0,12,29,12,6,1,0,97.749972,3.390028000000001,1.0346805926994989
144.88,entertainment,27,TX,tablet,0,0,20,1,11,4,0,0,97.749972,47.130027999999996,1.4821487469873778
82.74,electronics,28,FL,tablet,3,0,3,6,4,2,0,1,97.749972,-15.009972000000005,0.8464452465884569
70.51,fuel,28,FL,tablet,6,1,7,16,12,0,0,0,97.749972,-27.239971999999995,0.7213301225157372
134.22,entertainment,32,IL,tablet,4,0,12,7,12,3,0,0,97.749972,36.470028,1.3730950084252198
46.75,entertainment,18,TX,mobile,1,0,23,18,10,2,0,1,97.749972,-50.999972,0.47826100166800045
64.14,fashion,45,TX,mobile,2,0,7,26,1,4,0,0,97.749972,-33.609972,0.6561638641066428
5.31,fashion,62,NY,desktop,2,0,11,10,5,1,0,0,97.749972,-92.439972,0.05432226564400176
74.52,fuel,51,NY,desktop,3,0,2,14,8,2,0,1,97.749972,-23.229972000000004,0.7623531517497196
73.43,entertainment,43,TX,mobile,3,0,7,19,6,2,0,0,97.749972,-24.319971999999993,0.7512022535290113
90.64,electronics,22,IL,tablet,4,0,16,22,7,5,1,0,97.749972,-7.109971999999999,0.9272636832339586
16.78,electronics,68,IL,desktop,4,0,1,22,5,0,0,1,97.749972,-80.969972,0.17166245150778714
5.86,grocery,22,FL,tablet,4,0,13,23,12,5,1,0,97.749972,-91.889972,0.059948865663625305
50.12,fuel,69,FL,tablet,5,0,4,4,4,3,0,1,97.749972,-47.629972,0.512736714515512
58.26,electronics,48,TX,mobile,2,0,22,27,2,0,0,1,97.749972,-39.489972,0.5960103948059402
60.23,electronics,36,NY,tablet,5,0,6,4,8,6,1,0,97.749972,-37.519972,0.6161638530580463
15.91,fashion,28,FL,mobile,3,0,21,5,12,0,0,0,97.749972,-81.839972,0.16276219329492808
21.23,grocery,21,TX,desktop,4,0,4,16,4,1,0,1,97.749972,-76.519972,0.21718676075746846
68.94,electronics,24,FL,mobile,4,0,3,16,9,4,0,1,97.749972,-28.809972000000002,0.7052687370051755
14.88,fashion,28,FL,desktop,3,0,22,20,1,5,1,1,97.749972,-82.869972,0.15222510598545128
66.58,entertainment,45,CA,tablet,1,0,8,8,11,4,0,0,97.749972,-31.169972,0.6811255078300635
2.02,fashion,29,CA,desktop,1,0,3,30,12,5,1,1,97.749972,-95.729972,0.020664967344799164
5.65,fashion,25,IL,mobile,4,0,14,22,4,0,0,0,97.749972,-92.099972,0.0578005274743145
92.05,fashion,57,FL,desktop,7,0,1,27,6,3,0,1,97.749972,-5.6999720000000025,0.9416882396479025
66.03,entertainment,69,FL,desktop,5,0,14,6,6,0,0,0,97.749972,-31.719972,0.6754989078104401
175.09,grocery,26,TX,tablet,5,0,16,27,10,3,0,0,97.749972,77.340028,1.7912025407925178
23.46,grocery,59,CA,mobile,3,0,15,20,11,2,0,0,97.749972,-74.289972,0.24000006629157844
37.93,fashion,22,IL,mobile,2,0,21,11,6,6,1,0,97.749972,-59.819972,0.3880307977169467
25.98,fuel,41,FL,desktop,2,0,17,28,9,2,0,0,97.749972,-71.769972,0.2657801245633081
44.98,entertainment,45,FL,desktop,3,0,5,16,7,6,1,1,97.749972,-52.769972,0.46015357978666654
442.4,fuel,22,NY,desktop,5,0,13,30,8,1,0,0,97.749972,344.65002799999996,4.525832452148094
90.96,fuel,44,CA,mobile,2,0,14,5,7,1,0,0,97.749972,-6.789972000000006,0.930537341427194
90.64,entertainment,25,CA,mobile,6,0,8,22,3,1,0,0,97.749972,-7.109971999999999,0.9272636832339586
576.81,electronics,29,FL,tablet,6,0,11,14,3,0,0,0,97.749972,479.06002799999993,5.900871195125547
5.87,electronics,58,FL,desktop,4,0,22,21,7,6,1,1,97.749972,-91.879972,0.06005116748216391
10.7,electronics,58,CA,desktop,4,0,16,16,9,0,0,0,97.749972,-87.049972,0.1094629458363124
2.46,fuel,30,NY,desktop,3,0,14,11,7,0,0,0,97.749972,-95.289972,0.025166247360497992
73.06,entertainment,53,CA,tablet,3,0,23,22,3,1,0,1,97.749972,-24.689971999999997,0.7474170862430827
159.08,fashion,48,FL,tablet,1,0,8,8,10,6,1,0,97.749972,61.33002800000001,1.6274173293122036
137.98,fuel,59,FL,desktop,2,0,10,13,5,0,0,0,97.749972,40.23002799999999,1.411560492195737
71.83,fuel,39,NY,tablet,2,1,1,10,12,6,1,1,97.749972,-25.919972,0.7348339625628336
10.11,fuel,21,NY,mobile,2,0,1,1,5,0,0,1,97.749972,-87.639972,0.10342713854253442
3.74,fuel,51,TX,mobile,1,1,2,26,11,6,1,1,97.749972,-94.009972,0.03826088013344004
21.5,entertainment,43,IL,mobile,5,0,23,16,2,3,0,1,97.749972,-76.249972,0.2199489098580109
127.34,grocery,54,NY,mobile,2,0,2,18,10,1,0,1,97.749972,29.590028000000004,1.3027113572706563
110.14,grocery,55,FL,desktop,5,0,18,12,8,0,0,0,97.749972,12.390028000000001,1.1267522293842476
74.95,entertainment,60,FL,tablet,7,0,12,23,8,1,0,0,97.749972,-22.799971999999997,0.7667521299468799
209.0,grocery,20,IL,tablet,3,0,6,2,10,2,0,0,97.749972,111.250028,2.1381080074569434
20.65,grocery,45,TX,desktop,2,0,13,2,3,5,1,0,97.749972,-77.09997200000001,0.21125325528222907
7.35,electronics,29,FL,mobile,1,0,10,14,6,2,0,0,97.749972,-90.399972,0.07519183662587814
184.17,grocery,59,IL,mobile,3,0,6,3,5,1,0,0,97.749972,86.42002799999999,1.884092592025575
26.61,entertainment,19,NY,tablet,2,1,15,13,8,5,1,0,97.749972,-71.139972,0.27222513913124047
264.24,fashion,26,FL,mobile,2,0,10,5,9,3,0,0,97.749972,166.490028,2.7032232530642237
82.62,grocery,34,TX,tablet,2,0,11,25,5,2,0,0,97.749972,-15.129971999999995,0.8452176247659936
196.79,entertainment,25,IL,mobile,5,0,16,11,8,4,0,0,97.749972,99.04002799999999,2.0131974870213005
17.7,electronics,53,CA,mobile,1,0,19,28,9,3,0,0,97.749972,-80.049972,0.1810742188133392
29.24,grocery,39,FL,mobile,2,0,17,21,1,5,1,0,97.749972,-68.509972,0.29913051740689484
3.86,fuel,26,CA,mobile,2,0,15,9,11,3,0,0,97.749972,-93.889972,0.03948850195590335
3.38,grocery,57,IL,mobile,3,0,13,23,7,1,0,0,97.749972,-94.369972,0.03457801466605009
3.41,fuel,39,IL,desktop,3,0,8,6,4,3,0,0,97.749972,-94.339972,0.03488492012166592
21.12,electronics,43,CA,desktop,0,0,5,15,10,5,1,1,97.749972,-76.629972,0.21606144075354375
2.75,fashion,46,CA,desktop,1,0,5,21,11,0,0,1,97.749972,-94.999972,0.028133000098117675
250.62,entertainment,36,CA,tablet,2,0,20,20,5,4,0,0,97.749972,152.870028,2.563888176214637
137.94,grocery,67,NY,mobile,4,0,17,23,2,4,0,0,97.749972,40.190028,1.4111512849215826
817.24,fashion,68,CA,desktop,4,0,21,25,7,3,0,0,97.749972,719.490028,8.360513818249341
96.6,fashion,27,FL,mobile,1,0,16,23,8,1,0,0,97.749972,-1.1499720000000053,0.9882355670829699
230.09,electronics,24,TX,desktop,2,0,13,12,7,4,0,0,97.749972,132.34002800000002,2.353862542754871
165.24,entertainment,23,CA,desktop,2,0,17,5,11,6,1,0,97.749972,67.49002800000001,1.6904352495319872
24.1,entertainment,27,CA,mobile,3,0,3,4,2,5,1,1,97.749972,-73.64997199999999,0.24654738267804946
116.23,grocery,65,FL,mobile,6,0,6,24,6,4,0,0,97.749972,18.480028000000004,1.1890540368742608
13.72,electronics,28,TX,mobile,4,0,2,31,8,5,1,1,97.749972,-84.029972,0.14035809503497254
14.58,electronics,66,FL,mobile,3,0,11,7,8,2,0,0,97.749972,-83.169972,0.14915605142929297
56.09,grocery,26,IL,mobile,3,0,15,13,1,3,0,0,97.749972,-41.659971999999996,0.573810900183062
9.07,electronics,52,FL,desktop,0,0,14,4,5,2,0,0,97.749972,-88.67997199999999,0.09278774941451902
99.63,entertainment,40,FL,desktop,3,0,11,2,6,3,0,0,97.749972,1.8800279999999958,1.0192330181001688
282.48,grocery,48,FL,mobile,4,0,19,12,7,2,0,0,97.749972,184.730028,2.889821770078648
71.49,fashion,39,CA,desktop,7,0,8,20,7,5,1,0,97.749972,-26.259972000000005,0.7313557007325209
243.96,fashion,49,CA,tablet,3,0,5,31,1,0,0,1,97.749972,146.21002800000002,2.495755165067923
48.91,grocery,41,TX,tablet,3,0,5,8,8,3,0,1,97.749972,-48.839972,0.5003581944723401
417.79,electronics,32,CA,mobile,1,0,0,7,11,3,0,1,97.749972,320.040028,4.274067676724576
31.57,fuel,28,IL,mobile,8,0,9,21,8,6,1,0,97.749972,-66.17997199999999,0.3229668411263909
140.35,entertainment,54,FL,desktop,1,0,7,10,1,0,0,0,97.749972,42.600027999999995,1.4358060231893874
387.05,fuel,48,CA,mobile,4,0,6,18,11,0,0,0,97.749972,289.300028,3.9595918865368898
175.76,fuel,26,TX,mobile,3,0,12,28,9,2,0,0,97.749972,78.01002799999999,1.7980567626346045
129.85,fuel,31,FL,tablet,1,0,14,15,3,4,0,0,97.749972,32.100027999999995,1.3283891137238473
26.78,entertainment,67,CA,mobile,0,0,3,17,3,6,1,1,97.749972,-70.969972,0.27396427004639684
152.23,fashion,26,TX,mobile,1,0,11,31,7,6,1,0,97.749972,54.48002799999999,1.5573405836132557
174.02,electronics,62,FL,mobile,3,1,7,26,2,6,1,0,97.749972,76.27002800000001,1.7802562462088867
166.36,entertainment,69,IL,tablet,1,0,16,21,6,4,0,0,97.749972,68.61002800000001,1.7018930532083116
43.76,fuel,41,TX,mobile,1,0,7,21,3,3,0,0,97.749972,-53.989972,0.44767275792495614
71.8,fuel,44,IL,mobile,2,0,16,14,11,3,0,0,97.749972,-25.949972000000002,0.7345270571072178
67.7,grocery,62,CA,desktop,4,0,13,22,10,1,0,0,97.749972,-30.049971999999997,0.6925833115063879
190.47,entertainment,20,CA,mobile,5,0,10,7,10,0,0,0,97.749972,92.720028,1.9485427377048994
224.52,grocery,28,NY,mobile,2,0,13,27,2,1,0,0,97.749972,126.77002800000001,2.2968804298288656
48.45,electronics,19,NY,mobile,3,0,1,29,4,0,0,1,97.749972,-49.299972,0.4956523108195642
24.24,grocery,61,NY,mobile,2,0,9,3,10,3,0,0,97.749972,-73.509972,0.24797960813758996
106.88,entertainment,22,NY,desktop,2,0,10,19,8,4,0,0,97.749972,9.130027999999996,1.0934018365406608
71.82,fashion,55,IL,mobile,4,0,0,20,9,1,0,1,97.749972,-25.929972000000006,0.734731660744295
102.6,fuel,47,CA,desktop,4,0,15,24,12,6,1,0,97.749972,4.850027999999995,1.0496166582061357
98.05,fuel,19,IL,desktop,2,0,18,17,10,1,0,0,97.749972,0.3000279999999975,1.0030693307710683
225.47,electronics,67,FL,mobile,4,0,15,4,6,5,1,0,97.749972,127.720028,2.3065991025900336
139.58,grocery,68,FL,desktop,2,0,0,21,7,4,0,1,97.749972,41.83002800000001,1.4279287831619147
139.14,fashion,42,TX,tablet,3,0,12,18,7,0,0,0,97.749972,41.39002799999999,1.4234275031462156
16.49,fashion,52,FL,tablet,3,0,12,22,6,5,1,0,97.749972,-81.259972,0.16869569877016743
14.53,fuel,27,TX,desktop,6,0,22,7,6,1,0,1,97.749972,-83.219972,0.14864454233659993
53.43,fuel,24,CA,mobile,3,0,8,15,9,6,1,0,97.749972,-44.319972,0.5465986164517918
173.61,entertainment,44,NY,desktop,4,0,21,1,4,0,0,0,97.749972,75.86002800000001,1.7760618716488037
107.57,electronics,28,TX,tablet,2,0,4,23,11,2,0,1,97.749972,9.820027999999994,1.1004606620198247
26.84,fuel,30,CA,desktop,1,0,2,19,2,6,1,1,97.749972,-70.909972,0.27457808095762853
107.11,electronics,41,IL,tablet,3,0,7,17,4,0,0,0,97.749972,9.360028,1.0957547783670487
144.67,fashion,66,TX,tablet,3,0,0,7,8,2,0,1,97.749972,46.92002799999999,1.4800004087980667
146.04,fuel,39,IL,mobile,1,0,15,19,4,1,0,0,97.749972,48.29002799999999,1.4940157579378563
29.08,electronics,42,TX,mobile,2,0,21,6,6,1,0,0,97.749972,-68.669972,0.29749368831027706
32.4,fashion,25,IL,tablet,1,0,23,12,12,0,0,1,97.749972,-65.34997200000001,0.3314578920650955
306.02,electronics,40,NY,desktop,4,0,14,1,4,5,1,0,97.749972,208.27002799999997,3.1306402509185345
91.45,electronics,64,NY,desktop,4,0,20,7,8,2,0,0,97.749972,-6.299971999999997,0.935550130535586
30.81,grocery,29,IL,mobile,3,0,19,11,4,1,0,0,97.749972,-66.939972,0.3151919029174566
41.64,grocery,61,CA,tablet,3,0,21,20,7,3,0,0,97.749972,-56.109972,0.4259847723947709
17.86,fuel,64,TX,mobile,4,0,18,18,8,3,0,0,97.749972,-79.889972,0.18271104790995696
4.93,entertainment,45,FL,mobile,1,0,18,22,11,2,0,0,97.749972,-92.819972,0.050434796539534595
174.53,entertainment,63,TX,desktop,1,0,4,11,1,2,0,1,97.749972,76.780028,1.7854736389543555
141.59,electronics,24,IL,mobile,4,0,0,21,3,0,0,1,97.749972,43.840028000000004,1.4484914486881753
108.42,fashion,53,NY,desktop,0,0,5,26,2,0,0,1,97.749972,10.670028000000002,1.1091563165956067
119.77,electronics,61,CA,mobile,2,0,8,27,7,3,0,0,97.749972,22.020027999999996,1.2252688806369287
35.91,grocery,66,CA,mobile,3,0,11,30,4,6,1,0,97.749972,-61.839972,0.3673658303721475
184.47,grocery,48,IL,tablet,3,0,21,12,8,4,0,0,97.749972,86.720028,1.8871616465817336
58.04,fuel,26,NY,desktop,1,0,13,2,2,4,0,0,97.749972,-39.709972,0.5937597547980908
570.88,entertainment,60,NY,tablet,4,0,7,27,11,2,0,0,97.749972,473.130028,5.8402062167321525
64.9,electronics,18,CA,desktop,5,0,16,23,6,4,0,0,97.749972,-32.849971999999994,0.6639388023155772
140.6,fashion,54,IL,desktop,3,0,5,2,8,1,0,1,97.749972,42.850027999999995,1.4383635686528526
59.51,fuel,59,IL,tablet,4,0,8,28,5,5,1,0,97.749972,-38.239972,0.6087981221232664
102.65,entertainment,32,NY,desktop,2,0,12,8,6,3,0,0,97.749972,4.900028000000006,1.050128167298829
41.17,electronics,44,TX,desktop,2,0,15,31,5,2,0,0,97.749972,-56.579972,0.4211765869234563
12.51,electronics,61,TX,mobile,5,1,16,18,10,4,0,0,97.749972,-85.239972,0.12797957499180077
244.45,fashion,26,FL,tablet,5,0,19,21,8,6,1,0,97.749972,146.70002799999997,2.5007679541763146
143.13,electronics,37,NY,tablet,3,0,20,18,9,0,0,0,97.749972,45.380027999999996,1.4642459287431209
91.9,fashion,23,FL,desktop,0,0,19,19,2,5,1,0,97.749972,-5.849971999999994,0.9401537123698235
29.57,electronics,47,NY,tablet,1,0,1,10,2,4,0,1,97.749972,-68.17997199999999,0.302506477418669
80.7,electronics,55,TX,tablet,1,0,0,25,3,0,0,1,97.749972,-17.049971999999997,0.8255756756065805
16.55,electronics,51,NY,tablet,3,0,22,18,2,5,1,1,97.749972,-81.199972,0.1693095096813991
136.42,fashion,49,TX,tablet,8,0,4,14,10,5,1,1,97.749972,38.67002799999999,1.3956014085037138
86.07,electronics,64,IL,desktop,3,0,10,6,5,0,0,0,97.749972,-11.679972000000006,0.8805117521618139
24.38,fashion,41,IL,mobile,1,0,23,30,9,0,0,1,97.749972,-73.369972,0.2494118335971305
187.29,electronics,19,CA,desktop,4,0,8,23,7,6,1,0,97.749972,89.54002799999999,1.9160107594096214
108.98,fashion,69,NY,tablet,2,1,13,21,1,6,1,0,97.749972,11.230028000000004,1.1148852184337688
123.58,grocery,22,IL,desktop,6,0,23,17,10,0,0,1,97.749972,25.830028,1.264245873500139
73.28,electronics,45,IL,tablet,8,0,8,12,2,6,1,0,97.749972,-24.469972,0.7496677262509321
135.8,fuel,30,TX,desktop,7,0,1,6,6,0,0,1,97.749972,38.05002800000001,1.3892586957543203
4.24,fuel,18,IL,tablet,4,0,3,13,3,2,0,1,97.749972,-93.509972,0.04337597106037053
27.71,entertainment,34,CA,desktop,5,0,16,30,10,2,0,0,97.749972,-70.039972,0.28347833917048754
13.59,fuel,54,CA,mobile,3,0,19,3,3,6,1,0,97.749972,-84.159972,0.1390281713939706
146.56,fashion,39,NY,tablet,2,0,6,1,5,0,0,0,97.749972,48.810028,1.4993354525018643
4.94,entertainment,48,IL,mobile,1,0,4,3,4,6,1,1,97.749972,-92.809972,0.05053709835807321
9.41,entertainment,59,NY,mobile,1,0,10,8,5,2,0,0,97.749972,-88.339972,0.09626601124483175
58.01,electronics,29,NY,tablet,6,0,18,2,11,5,1,0,97.749972,-39.739972,0.593452849342475
15.7,fashion,20,IL,desktop,5,0,21,25,11,5,1,0,97.749972,-82.049972,0.16061385510561726
199.14,grocery,28,CA,mobile,2,0,12,10,9,1,0,0,97.749972,101.39002799999999,2.037238414377874
22.46,grocery,66,TX,mobile,4,0,20,5,7,1,0,0,97.749972,-75.289972,0.22976988443771745
77.48,fashion,58,NY,tablet,5,0,14,25,3,5,1,0,97.749972,-20.269971999999996,0.7926344900371483
57.53,electronics,38,IL,desktop,2,0,19,7,3,3,0,0,97.749972,-40.219972,0.5885423620526218
56.92,entertainment,68,FL,tablet,8,0,3,21,10,5,1,1,97.749972,-40.829972,0.5823019511217666
111.52,fuel,59,TX,mobile,2,0,19,3,11,6,1,0,97.749972,13.770027999999996,1.1408698803425756
91.19,fuel,64,CA,mobile,2,0,19,5,1,3,0,0,97.749972,-6.559972000000002,0.932890283253582
231.9,electronics,50,FL,mobile,2,0,21,21,6,4,0,0,97.749972,134.15002800000002,2.3723791719103597
146.86,entertainment,20,CA,tablet,4,0,22,8,11,4,0,1,97.749972,49.110028000000014,1.5024045070580225
33.6,electronics,40,CA,desktop,2,0,8,4,4,3,0,0,97.749972,-64.14997199999999,0.3437341102897287
111.09,electronics,63,CA,mobile,4,0,23,19,12,1,0,1,97.749972,13.340028000000004,1.1364709021454156
5.51,entertainment,30,NY,mobile,3,0,10,11,5,2,0,0,97.749972,-92.239972,0.056368302014773955
158.38,fashion,45,NY,mobile,3,0,11,16,4,6,1,0,97.749972,60.630027999999996,1.6202562020145008
9.39,fuel,58,NY,tablet,1,0,6,11,4,3,0,0,97.749972,-88.359972,0.09606140760775454
130.33,fashion,27,FL,mobile,3,0,7,20,10,3,0,0,97.749972,32.58002800000001,1.3332996010137006
8.01,electronics,38,CA,desktop,3,0,20,17,12,6,1,0,97.749972,-89.739972,0.0819437566494264
180.78,fashion,20,NY,desktop,2,0,4,4,3,0,0,1,97.749972,83.030028,1.8494122755409867
14.3,entertainment,35,CA,tablet,3,0,14,30,5,1,0,0,97.749972,-83.449972,0.14629160051021192
92.54,fashion,56,CA,mobile,2,0,15,3,9,6,1,0,97.749972,-5.209971999999993,0.9467010287562945
77.66,grocery,24,CA,tablet,0,0,9,18,4,3,0,0,97.749972,-20.089972000000003,0.7944759227708431
19.61,fuel,62,TX,tablet,1,0,12,14,2,0,0,0,97.749972,-78.139972,0.20061386615421367
11.57,fuel,60,TX,desktop,6,0,13,28,8,2,0,0,97.749972,-86.17997199999999,0.11836320404917146
155.73,electronics,63,IL,tablet,3,0,7,30,6,6,1,0,97.749972,57.98002799999999,1.5931462201017692
50.79,fashion,53,FL,desktop,1,0,15,20,6,0,0,0,97.749972,-46.959972,0.5195909363575988
57.61,entertainment,40,FL,desktop,4,0,4,25,11,5,1,1,97.749972,-40.139972,0.5893607766009307
1.87,fuel,41,CA,desktop,2,0,18,22,2,2,0,0,97.749972,-95.879972,0.01913044006672002
133.92,fashion,46,TX,desktop,5,0,6,10,12,5,1,0,97.749972,36.17002799999999,1.3700259538690613
22.18,grocery,67,CA,mobile,0,0,6,3,1,1,0,0,97.749972,-75.569972,0.22690543351863637
132.19,entertainment,38,FL,tablet,3,0,0,22,7,5,1,1,97.749972,34.440028,1.352327739261882
156.82,grocery,19,IL,mobile,3,0,16,11,5,2,0,0,97.749972,59.07002799999999,1.6042971183224777
20.83,electronics,47,FL,tablet,2,0,21,21,8,0,0,0,97.749972,-76.919972,0.21309468801592404
74.64,entertainment,31,IL,tablet,1,0,21,8,7,0,0,0,97.749972,-23.109972,0.763580773572183
101.31,entertainment,29,FL,desktop,3,0,16,18,5,3,0,0,97.749972,3.5600280000000026,1.036419723614655
30.83,grocery,33,CA,tablet,6,0,23,7,1,5,1,1,97.749972,-66.919972,0.3153965065545338
56.05,grocery,49,IL,mobile,2,0,15,28,9,5,1,0,97.749972,-41.699972,0.5734016929089075
40.81,fashion,47,CA,mobile,2,0,6,29,5,2,0,0,97.749972,-56.939972,0.41749372145606634
55.89,fuel,53,TX,tablet,4,0,16,25,7,0,0,0,97.749972,-41.859972,0.5717648638122897
58.48,entertainment,62,NY,tablet,4,0,22,19,3,5,1,1,97.749972,-39.269972,0.5982610348137897
204.55,grocery,47,NY,mobile,3,0,21,30,12,4,0,0,97.749972,106.80002800000001,2.092583698207262
93.18,electronics,69,CA,mobile,3,0,1,17,8,2,0,1,97.749972,-4.569971999999993,0.9532483451427655
53.83,grocery,30,FL,mobile,2,0,16,28,7,4,0,0,97.749972,-43.919972,0.5506906891933362
23.26,fuel,69,IL,mobile,3,0,0,21,6,4,0,1,97.749972,-74.489972,0.23795402992080625
56.06,fuel,24,IL,mobile,3,0,18,15,12,6,1,0,97.749972,-41.689972,0.5735039947274462
11.6,entertainment,20,CA,tablet,4,0,15,11,11,5,1,0,97.749972,-86.149972,0.11867010950478728
108.42,fashion,23,NY,mobile,6,0,18,12,3,6,1,0,97.749972,10.670028000000002,1.1091563165956067
41.95,entertainment,24,CA,desktop,4,0,17,28,3,0,0,0,97.749972,-55.799972,0.42915612876946785
225.77,grocery,20,CA,tablet,5,0,6,26,7,2,0,0,97.749972,128.02002800000002,2.309668157146192
108.92,fashion,46,TX,desktop,1,0,2,24,6,5,1,1,97.749972,11.170028000000002,1.114271407522537
121.36,electronics,36,IL,desktop,3,0,10,30,5,0,0,0,97.749972,23.610028,1.2415348697845676
86.93,fuel,48,TX,mobile,4,0,14,23,3,2,0,0,97.749972,-10.819971999999993,0.8893097085561344
131.49,fashion,67,TX,mobile,2,0,9,20,3,6,1,0,97.749972,33.74002800000001,1.3451666119641794
23.59,grocery,37,NY,tablet,3,0,8,27,10,3,0,0,97.749972,-74.159972,0.24132998993258034
24.02,electronics,23,CA,desktop,5,0,22,9,6,6,1,1,97.749972,-73.729972,0.24572896812974057
162.27,fashion,37,IL,mobile,4,0,18,26,7,4,0,0,97.749972,64.52002800000001,1.6600516094260203
41.29,fashion,30,FL,tablet,6,0,0,21,12,5,1,1,97.749972,-56.459972,0.42240420874591955
19.93,fuel,39,IL,mobile,2,0,10,15,6,3,0,0,97.749972,-77.819972,0.2038875243474492
81.16,electronics,57,FL,desktop,3,0,6,29,1,6,1,0,97.749972,-16.589972000000003,0.8302815592593565
103.34,grocery,56,IL,mobile,4,0,21,3,6,5,1,0,97.749972,5.590028000000004,1.0571869927779929
8.02,entertainment,55,IL,mobile,1,0,16,2,2,3,0,0,97.749972,-89.729972,0.08204605846796499
199.77,fashion,57,CA,tablet,2,0,3,19,10,5,1,1,97.749972,102.02002800000001,2.0436834289458066
90.06,entertainment,46,TX,desktop,5,0,23,1,5,2,0,1,97.749972,-7.689971999999997,0.9213301777587193
20.59,fuel,28,FL,tablet,5,0,16,26,1,3,0,0,97.749972,-77.159972,0.21063944437099744
33.67,grocery,64,CA,mobile,3,0,2,17,6,0,0,1,97.749972,-64.079972,0.34445022301949896
13.02,fashion,68,CA,mobile,3,0,18,14,3,1,0,0,97.749972,-84.729972,0.13319696773726986
0.77,fuel,42,TX,desktop,2,0,20,10,4,6,1,0,97.749972,-96.979972,0.00787724002747295
69.33,grocery,18,TX,desktop,2,0,2,16,5,3,0,1,97.749972,-28.419972,0.7092585079281812
137.93,fashion,26,NY,tablet,2,0,1,3,11,6,1,1,97.749972,40.18002800000001,1.411048983103044
86.34,electronics,43,IL,mobile,4,0,7,17,12,6,1,0,97.749972,-11.409971999999996,0.8832739012623564
108.86,grocery,21,IL,tablet,4,0,17,17,1,2,0,0,97.749972,11.110028,1.1136575966113056
198.75,electronics,49,NY,tablet,3,0,19,17,2,5,1,0,97.749972,101.000028,2.0332486434548684
12.82,grocery,45,TX,desktop,3,0,3,21,3,1,0,1,97.749972,-84.92997199999999,0.13115093136649766
76.53,entertainment,40,NY,desktop,1,0,5,3,12,6,1,1,97.749972,-21.219972,0.7829158172759803
21.06,fashion,51,NY,desktop,1,0,3,21,5,5,1,1,97.749972,-76.689972,0.21544762984231208
39.23,fuel,42,TX,tablet,5,0,8,9,9,0,0,0,97.749972,-58.519972,0.40133003412696594
19.21,fuel,41,CA,mobile,1,0,11,15,8,3,0,0,97.749972,-78.539972,0.1965217934126693
50.72,fashion,45,CA,mobile,2,0,19,31,7,0,0,0,97.749972,-47.029972,0.5188748236278286
227.1,electronics,58,FL,tablet,1,0,12,25,5,5,1,0,97.749972,129.350028,2.323274299011827
21.32,electronics,69,FL,desktop,3,0,0,29,4,0,0,1,97.749972,-76.42997199999999,0.21810747712431594
23.36,fuel,39,CA,desktop,2,0,15,20,4,5,1,0,97.749972,-74.389972,0.23897704810619233
40.18,entertainment,30,FL,mobile,1,0,13,18,2,6,1,0,97.749972,-57.569972,0.4110487068881339
133.95,entertainment,65,FL,tablet,3,0,18,22,6,5,1,0,97.749972,36.20002799999999,1.370332859324677
100.54,entertainment,38,CA,tablet,2,0,7,3,11,3,0,0,97.749972,2.7900280000000066,1.0285424835871824
47.23,electronics,48,CA,mobile,3,0,16,15,9,6,1,0,97.749972,-50.519972,0.4831714889578537
56.27,entertainment,53,TX,desktop,1,0,19,7,10,4,0,0,97.749972,-41.479972,0.575652332916757
116.49,entertainment,31,CA,desktop,6,0,21,19,7,1,0,0,97.749972,18.740027999999995,1.1917138841562647
2.49,electronics,43,IL,tablet,2,0,21,20,7,3,0,0,97.749972,-95.259972,0.025473152816113825
31.75,entertainment,28,IL,tablet,2,0,22,14,4,6,1,1,97.749972,-65.999972,0.32480827386008587
125.29,electronics,32,IL,desktop,3,0,10,19,9,3,0,0,97.749972,27.540028000000007,1.2817394844702414
68.82,fuel,24,TX,tablet,2,0,20,16,8,1,0,0,97.749972,-28.929972000000006,0.7040411151827121
70.63,electronics,37,CA,tablet,4,0,13,7,11,1,0,0,97.749972,-27.119972000000004,0.7225577443382004
25.39,fashion,67,TX,desktop,2,0,13,17,12,6,1,0,97.749972,-72.359972,0.2597443172695301
96.98,fuel,26,CA,tablet,7,0,9,15,2,2,0,0,97.749972,-0.7699719999999957,0.9921230361874371
43.68,grocery,47,IL,desktop,1,1,10,6,10,4,0,0,97.749972,-54.069972,0.4468543433766473
70.1,grocery,30,CA,tablet,3,0,20,2,6,6,1,0,97.749972,-27.649972000000005,0.7171357479556542
54.91,fuel,26,IL,tablet,1,0,18,28,5,5,1,0,97.749972,-42.839972,0.561739285595506
28.24,fashion,57,IL,mobile,3,1,7,12,9,3,0,0,97.749972,-69.509972,0.28890033555303385
57.2,fuel,28,TX,desktop,2,0,16,19,1,3,0,0,97.749972,-40.549972,0.5851664020408477
1.18,fashion,54,CA,tablet,2,0,8,13,10,3,0,0,97.749972,-96.56997199999999,0.012071614587555948
176.05,entertainment,67,FL,tablet,4,0,2,30,5,1,0,1,97.749972,78.30002800000001,1.8010235153722243
10.98,fashion,38,CA,desktop,5,0,7,1,5,0,0,0,97.749972,-86.769972,0.11232739675539348
14.23,fashion,55,TX,mobile,2,1,21,22,5,2,0,0,97.749972,-83.519972,0.14557548778044166
228.24,fashion,46,IL,desktop,2,0,19,18,7,1,0,0,97.749972,130.490028,2.3349367063252284
82.02,fuel,66,TX,tablet,4,0,2,19,10,2,0,1,97.749972,-15.729972000000004,0.8390795156536769
91.47,electronics,32,CA,tablet,5,0,10,2,9,5,1,0,97.749972,-6.279972000000001,0.9357547341726632
143.68,entertainment,27,IL,mobile,6,0,10,21,8,0,0,0,97.749972,45.93002800000001,1.4698725287627445
300.13,grocery,65,CA,mobile,5,0,13,16,6,4,0,0,97.749972,202.38002799999998,3.070384479799294
23.09,electronics,49,CA,tablet,5,0,14,10,8,2,0,0,97.749972,-74.659972,0.23621489900564985
31.79,electronics,46,NY,desktop,4,0,15,26,3,1,0,0,97.749972,-65.959972,0.3252174811342403
141.36,fashion,28,CA,tablet,0,0,18,26,9,1,0,0,97.749972,43.610028000000014,1.4461385068617874
168.99,entertainment,35,IL,desktop,3,0,12,21,5,6,1,0,97.749972,71.24002800000001,1.728798431483966
86.93,grocery,65,CA,desktop,1,0,0,26,12,1,0,1,97.749972,-10.819971999999993,0.8893097085561344
134.55,fashion,63,TX,tablet,1,0,14,24,12,1,0,0,97.749972,36.80002800000001,1.376470968436994
350.9,fuel,58,IL,desktop,3,0,11,31,8,5,1,0,97.749972,253.15002799999996,3.589770812519815
169.14,fashion,48,FL,mobile,1,0,5,5,5,4,0,1,97.749972,71.39002799999999,1.7303329587620448
227.59,entertainment,28,TX,mobile,5,0,3,16,6,4,0,1,97.749972,129.84002800000002,2.3282870881202187
141.98,entertainment,62,TX,desktop,5,0,18,29,10,1,0,0,97.749972,44.23002799999999,1.4524812196111807
26.57,electronics,62,FL,mobile,6,0,18,2,9,4,0,0,97.749972,-71.17997199999999,0.271815931857086
12.78,electronics,63,CA,desktop,2,0,23,26,10,2,0,1,97.749972,-84.969972,0.13074172409234322
186.65,grocery,38,CA,mobile,2,0,12,15,9,3,0,0,97.749972,88.900028,1.9094634430231505
97.0,fuel,24,CA,desktop,1,0,18,29,7,5,1,0,97.749972,-0.7499719999999996,0.9923276398245143
110.85,fuel,35,CA,mobile,2,0,4,20,3,2,0,1,97.749972,13.100027999999995,1.1340156585004888
752.52,fuel,37,NY,mobile,2,0,0,6,6,0,0,1,97.749972,654.770028,7.698416448667459
9.83,electronics,42,NY,desktop,5,0,11,30,6,6,1,0,97.749972,-87.919972,0.10056268762345336
27.23,electronics,46,IL,mobile,2,0,11,4,3,4,0,0,97.749972,-70.519972,0.27856785188063427
114.01,entertainment,58,IL,tablet,2,0,22,9,12,0,0,1,97.749972,16.260028000000005,1.1663430331586895
75.81,fashion,56,FL,tablet,0,0,0,28,7,6,1,1,97.749972,-21.939971999999997,0.7755500863412004
262.76,fashion,18,NY,mobile,4,0,20,20,12,4,0,0,97.749972,165.01002799999998,2.688082583920509
39.06,entertainment,63,NY,desktop,2,1,13,29,10,1,0,0,97.749972,-58.689972,0.3995909032118096
25.44,grocery,28,FL,mobile,2,0,13,18,12,2,0,0,97.749972,-72.309972,0.26025582636222316
32.62,fashion,37,IL,desktop,4,0,14,20,9,1,0,0,97.749972,-65.12997200000001,0.33370853207294493
36.13,fashion,61,NY,mobile,2,0,21,30,3,2,0,0,97.749972,-61.619972,0.36961647037999695
39.35,grocery,58,NY,tablet,2,0,22,24,4,2,0,1,97.749972,-58.399972,0.40255765594942927
9.01,grocery,58,IL,mobile,2,0,18,11,7,0,0,0,97.749972,-88.739972,0.09217393850328737
3.49,entertainment,61,NY,tablet,2,0,14,9,7,6,1,0,97.749972,-94.259972,0.035703334669974794
4.25,fashion,60,CA,tablet,4,0,17,16,6,6,1,0,97.749972,-93.499972,0.04347827287890913
176.46,fashion,38,IL,tablet,3,0,1,22,11,1,0,1,97.749972,78.71002800000001,1.8052178899323073
42.54,electronics,66,NY,desktop,1,0,9,15,1,5,1,0,97.749972,-55.209972,0.43519193606324574
4.94,electronics,64,NY,tablet,2,0,2,22,11,4,0,1,97.749972,-92.809972,0.05053709835807321
145.05,electronics,36,IL,tablet,3,0,11,20,4,3,0,0,97.749972,47.30002800000001,1.4838878779025342
43.08,entertainment,40,NY,desktop,2,0,16,24,2,4,0,0,97.749972,-54.669972,0.4407162342643307
237.37,fashion,48,NY,tablet,6,0,2,16,8,1,0,1,97.749972,139.620028,2.428338266650979
27.2,electronics,65,NY,tablet,3,0,1,16,4,5,1,1,97.749972,-70.549972,0.2782609464250185
112.04,grocery,69,IL,desktop,5,0,23,16,12,5,1,1,97.749972,14.290028000000007,1.1461895749065834
67.45,fuel,19,CA,mobile,3,0,21,18,10,4,0,0,97.749972,-30.299971999999997,0.6900257660429227
29.07,electronics,30,CA,desktop,6,0,21,23,7,6,1,0,97.749972,-68.67997199999999,0.29739138649173846
145.77,grocery,36,NY,mobile,3,0,15,22,12,6,1,0,97.749972,48.02002800000001,1.491253608837314
17.01,entertainment,52,IL,tablet,4,0,23,28,12,2,0,1,97.749972,-80.739972,0.17401539333417515
64.45,fuel,54,CA,desktop,4,0,16,20,1,3,0,0,97.749972,-33.299972,0.6593352204813397
278.92,entertainment,38,NY,tablet,2,0,22,19,7,2,0,1,97.749972,181.170028,2.8534023226789027
7.31,fuel,23,CA,mobile,2,0,15,11,10,1,0,0,97.749972,-90.439972,0.07478262935172371
191.97,fuel,55,FL,desktop,3,0,3,13,6,3,0,1,97.749972,94.220028,1.9638880104856908
321.68,fuel,47,IL,mobile,4,0,13,17,5,4,0,0,97.749972,223.930028,3.290844898749998
14.59,fashion,49,TX,tablet,4,0,2,20,4,2,0,1,97.749972,-83.159972,0.1492583532478316
105.33,grocery,52,CA,desktop,1,0,13,24,10,3,0,0,97.749972,7.580027999999999,1.0775450546671763
61.91,electronics,27,CA,tablet,4,0,17,24,9,5,1,0,97.749972,-35.839972,0.6333505585725328
51.54,fashion,19,CA,desktop,3,0,0,11,6,1,0,1,97.749972,-46.209972,0.5272635727479945
41.26,electronics,39,CA,desktop,1,0,9,15,7,5,1,0,97.749972,-56.489972,0.4220973032903037
87.27,grocery,61,FL,tablet,1,0,5,11,5,3,0,1,97.749972,-10.479972000000004,0.8927879703864471
12.64,fashion,46,NY,tablet,3,0,2,12,8,0,0,1,97.749972,-85.109972,0.1293094986328027
1.83,fuel,44,CA,tablet,3,0,19,24,3,4,0,0,97.749972,-95.919972,0.01872123279256558
12.75,grocery,36,IL,desktop,7,0,12,18,8,6,1,0,97.749972,-84.999972,0.1304348186367274
105.06,fashion,60,NY,desktop,1,0,18,14,8,2,0,0,97.749972,7.310028000000003,1.0747829055666338
15.16,fashion,37,CA,mobile,4,0,0,3,9,6,1,1,97.749972,-82.589972,0.15508955690453236
41.74,fashion,65,FL,tablet,3,0,11,26,6,2,0,0,97.749972,-56.009972,0.42700779058015703
483.03,entertainment,53,NY,mobile,1,0,21,9,9,4,0,0,97.749972,385.28002799999996,4.941484740870465
83.34,entertainment,38,TX,desktop,2,0,13,16,11,5,1,0,97.749972,-14.409971999999996,0.8525833557007735
37.81,grocery,64,CA,tablet,1,0,18,5,8,5,1,0,97.749972,-59.939972,0.3868031758944834
18.17,grocery,35,CA,mobile,4,0,18,10,10,3,0,0,97.749972,-79.579972,0.18588240428465388
61.33,grocery,48,TX,mobile,2,0,21,6,2,1,0,0,97.749972,-36.419972,0.6274170530972935
25.96,electronics,42,TX,tablet,4,0,2,22,4,5,1,1,97.749972,-71.789972,0.2655755209262309
67.55,entertainment,31,NY,tablet,5,0,13,15,3,1,0,0,97.749972,-30.199972000000002,0.6910487842283087
14.3,electronics,56,TX,tablet,4,0,9,30,12,5,1,0,97.749972,-83.449972,0.14629160051021192
80.82,fashion,68,TX,mobile,5,0,0,28,12,2,0,1,97.749972,-16.929972000000006,0.8268032974290438
17.26,entertainment,35,TX,mobile,2,0,9,5,6,6,1,0,97.749972,-80.489972,0.1765729387976404
94.72,fashion,63,FL,desktop,4,0,22,9,3,2,0,1,97.749972,-3.0299720000000008,0.9690028251977113
84.68,electronics,46,FL,tablet,5,0,3,20,7,2,0,1,97.749972,-13.069971999999993,0.8662917993849473
171.3,grocery,61,IL,tablet,4,0,3,30,11,2,0,1,97.749972,73.55002800000001,1.7524301515663847
42.52,grocery,38,NY,tablet,3,0,19,3,5,2,0,0,97.749972,-55.229972,0.4349873324261686
12.38,entertainment,46,NY,tablet,3,0,12,6,11,6,1,0,97.749972,-85.369972,0.12664965135079886
43.58,grocery,29,TX,desktop,2,0,13,18,8,4,0,0,97.749972,-54.169972,0.4458313251912612
22.48,fuel,26,FL,desktop,3,0,6,29,4,5,1,0,97.749972,-75.269972,0.22997448807479468
52.24,fuel,44,FL,mobile,3,0,20,12,6,6,1,0,97.749972,-45.509972,0.5344247000456972
188.37,entertainment,51,NY,mobile,2,0,6,19,12,0,0,0,97.749972,90.620028,1.9270593558117914
11.22,grocery,25,NY,tablet,3,0,18,25,6,6,1,0,97.749972,-86.529972,0.11478264040032012
180.47,fuel,60,CA,tablet,2,0,17,30,5,1,0,0,97.749972,82.720028,1.8462409191662896
18.25,grocery,66,IL,mobile,0,0,10,28,2,2,0,0,97.749972,-79.499972,0.18670081883296274
6.28,fashion,60,FL,mobile,3,0,17,27,5,5,1,0,97.749972,-91.469972,0.06424554204224692
11.04,fashion,64,NY,tablet,3,0,16,17,8,2,0,0,97.749972,-86.709972,0.11294120766662513
70.89,grocery,49,IL,desktop,4,0,23,12,6,0,0,1,97.749972,-26.859972,0.7252175916202044
170.58,fuel,30,TX,desktop,4,0,22,27,9,2,0,1,97.749972,72.83002800000001,1.7450644206316048
42.62,fuel,52,CA,tablet,8,0,10,3,8,3,0,0,97.749972,-55.129972,0.43601035061155463
153.23,electronics,52,CA,mobile,2,0,15,23,12,5,1,0,97.749972,55.48002799999999,1.5675707654671167
0.13,fuel,49,TX,mobile,4,0,17,23,6,3,0,0,97.749972,-97.619972,0.0013299236410019265
270.72,fashion,18,NY,tablet,1,0,0,4,8,6,1,1,97.749972,172.970028,2.7695148314772426
139.99,entertainment,43,FL,tablet,3,0,8,29,6,3,0,0,97.749972,42.24002800000001,1.4321231577219977
115.21,grocery,47,TX,tablet,2,0,1,8,7,5,1,1,97.749972,17.460027999999994,1.1786192513833227
85.3,fuel,50,NY,tablet,4,0,13,8,3,1,0,0,97.749972,-12.449972000000002,0.872634512134341
37.38,grocery,53,IL,desktop,0,0,17,6,12,1,0,0,97.749972,-60.369972,0.3824041976973232
21.12,grocery,37,FL,tablet,3,0,20,2,10,0,0,0,97.749972,-76.629972,0.21606144075354375
90.65,electronics,28,NY,tablet,2,0,23,19,8,5,1,1,97.749972,-7.099971999999994,0.9273659850524972
100.38,entertainment,55,FL,tablet,6,0,19,8,1,5,1,0,97.749972,2.630027999999996,1.0269056544905644
291.41,entertainment,50,CA,mobile,2,0,23,14,5,6,1,1,97.749972,193.660028,2.9811772940336265
201.76,fashion,32,TX,desktop,2,0,9,3,2,4,0,0,97.749972,104.01002799999999,2.0640414908349896
109.94,entertainment,38,IL,tablet,2,0,6,23,7,6,1,0,97.749972,12.190027999999998,1.1247061930134754
44.51,fuel,57,TX,mobile,4,0,20,28,12,2,0,0,97.749972,-53.239972,0.45534539431535187
31.22,electronics,49,IL,desktop,3,0,19,2,1,6,1,0,97.749972,-66.529972,0.31938627747753956
93.59,fashion,44,FL,desktop,3,0,22,24,10,3,0,1,97.749972,-4.159971999999996,0.9574427197028484
36.16,grocery,37,FL,tablet,3,0,3,13,9,4,0,1,97.749972,-61.589972,0.36992337583561274
130.69,fuel,28,FL,mobile,7,0,19,23,10,2,0,0,97.749972,32.940028,1.3369824664810905
283.5,entertainment,41,TX,mobile,2,0,6,2,11,5,1,0,97.749972,185.750028,2.9002565555695856
201.04,fashion,36,TX,tablet,2,0,23,24,3,4,0,1,97.749972,103.29002799999999,2.0566757599002097
12.58,entertainment,28,FL,tablet,3,0,18,6,3,0,0,0,97.749972,-85.169972,0.12869568772157103
154.02,entertainment,61,TX,desktop,1,0,22,20,9,2,0,1,97.749972,56.27002800000001,1.5756526091316672
371.33,electronics,47,TX,mobile,2,0,16,3,9,1,0,0,97.749972,273.58002799999997,3.798773427794195
66.33,grocery,21,IL,tablet,2,0,12,10,11,3,0,0,97.749972,-31.419972,0.6785679623665983
61.21,grocery,54,CA,desktop,2,0,2,2,7,1,0,1,97.749972,-36.539972,0.6261894312748302
21.79,grocery,42,TX,desktop,4,0,5,1,6,5,1,1,97.749972,-75.959972,0.2229156625956306
141.14,grocery,62,TX,tablet,5,0,21,12,7,1,0,0,97.749972,43.39002799999999,1.4438878668539374
15.41,electronics,33,CA,tablet,1,0,18,19,9,1,0,0,97.749972,-82.339972,0.1576471023679976
64.81,grocery,50,IL,mobile,0,0,1,22,9,4,0,1,97.749972,-32.939972,0.6630180859487297
66.18,electronics,25,CA,desktop,2,0,7,27,10,6,1,0,97.749972,-31.569971999999993,0.6770334350885192
211.43,entertainment,35,IL,tablet,1,0,18,16,11,5,1,0,97.749972,113.68002800000001,2.1629673493618253
27.28,fashion,33,IL,mobile,4,0,20,30,3,5,1,0,97.749972,-70.469972,0.27907936097332736
235.73,entertainment,62,IL,desktop,11,0,17,13,1,4,0,0,97.749972,137.980028,2.411560768410647
17.77,electronics,69,IL,desktop,8,0,20,24,3,6,1,0,97.749972,-79.979972,0.18179033154310947
191.23,fashion,24,NY,desktop,2,0,14,20,1,4,0,0,97.749972,93.48002799999999,1.9563176759138337
23.62,grocery,59,CA,mobile,3,0,6,10,8,3,0,0,97.749972,-74.129972,0.2416368953881962
15.83,fuel,52,CA,tablet,0,0,0,8,11,4,0,1,97.749972,-81.919972,0.1619437787466192
1.77,fuel,41,FL,tablet,4,0,4,7,8,0,0,1,97.749972,-95.979972,0.01810742188133392
96.63,fuel,64,IL,desktop,0,0,6,1,5,2,0,0,97.749972,-1.1199720000000042,0.9885424725385857
32.02,fashion,68,FL,tablet,1,0,9,12,2,5,1,0,97.749972,-65.729972,0.3275704229606284
26.46,fashion,29,CA,tablet,8,0,3,22,6,3,0,1,97.749972,-71.289972,0.27069061185316134
22.82,entertainment,45,TX,tablet,5,0,15,13,6,0,0,0,97.749972,-74.92997199999999,0.2334527499051074
138.16,entertainment,26,NY,mobile,1,0,17,15,10,6,1,0,97.749972,40.410028,1.413401924929432
75.47,grocery,34,CA,desktop,3,0,18,28,11,3,0,0,97.749972,-22.279972,0.7720718245108876
112.95,entertainment,22,FL,desktop,2,0,23,6,4,3,0,1,97.749972,15.200028000000003,1.155499040393597
37.33,fuel,69,TX,desktop,1,0,14,24,2,5,1,0,97.749972,-60.419972,0.3818926886046301
244.46,fuel,47,IL,mobile,4,0,19,2,2,2,0,0,97.749972,146.71002800000002,2.5008702559948537
52.63,fashion,69,CA,desktop,0,0,3,17,4,6,1,1,97.749972,-45.119972,0.538414470968703
20.55,entertainment,68,CA,desktop,3,0,8,31,8,3,0,0,97.749972,-77.199972,0.210230237096843
0.94,fuel,46,FL,tablet,1,0,12,6,7,5,1,0,97.749972,-96.809972,0.009616370942629314
195.46,electronics,40,IL,mobile,3,0,11,7,4,3,0,0,97.749972,97.71002800000001,1.9995913451556657
38.42,entertainment,21,TX,mobile,0,0,21,13,12,4,0,0,97.749972,-59.329972,0.3930435868253386
165.11,fuel,24,NY,tablet,2,0,13,4,6,6,1,0,97.749972,67.36002800000001,1.6891053258909854
95.53,fashion,67,FL,desktop,5,0,4,28,2,1,0,1,97.749972,-2.2199719999999985,0.9772892724993387
51.12,grocery,64,NY,tablet,5,0,21,6,6,1,0,0,97.749972,-46.629972,0.5229668963693729
64.45,grocery,23,FL,desktop,2,0,23,10,8,3,0,1,97.749972,-33.299972,0.6593352204813397
153.74,electronics,63,IL,desktop,4,0,21,22,6,5,1,0,97.749972,55.99002800000001,1.572788158212586
89.23,electronics,53,TX,tablet,2,0,2,6,10,6,1,1,97.749972,-8.519971999999996,0.9128391268200147
115.66,fuel,33,FL,desktop,5,0,22,23,12,5,1,1,97.749972,17.910027999999997,1.18322283321756
19.53,entertainment,42,CA,mobile,4,0,20,29,11,2,0,0,97.749972,-78.219972,0.1997954516059048
5.61,electronics,69,FL,desktop,6,0,13,25,11,5,1,0,97.749972,-92.139972,0.05739132020016006
20.39,grocery,60,NY,desktop,6,0,3,10,2,5,1,1,97.749972,-77.359972,0.20859340800022524
38.65,electronics,59,TX,mobile,0,0,21,10,9,1,0,0,97.749972,-59.099972,0.3953965286517266
11.62,grocery,50,FL,mobile,7,0,6,25,2,5,1,0,97.749972,-86.129972,0.1188747131418645
40.76,fuel,54,NY,desktop,6,0,21,12,5,4,0,0,97.749972,-56.989972,0.41698221236337324
140.76,entertainment,63,FL,desktop,2,0,19,11,6,6,1,0,97.749972,43.01002799999999,1.4400003977494704
58.85,electronics,60,CA,mobile,3,0,20,14,8,0,0,0,97.749972,-38.899972,0.6020462020997183
148.72,grocery,52,FL,desktop,2,0,0,15,7,0,0,1,97.749972,50.970028,1.521432645306204
79.41,fuel,39,FL,tablet,4,0,10,1,6,3,0,0,97.749972,-18.339972000000003,0.8123787410150998
38.87,entertainment,30,CA,mobile,4,1,16,20,4,3,0,0,97.749972,-58.879972,0.397647168659576
85.99,entertainment,38,CA,tablet,4,0,18,8,4,0,0,0,97.749972,-11.759972000000005,0.879693337613505
99.02,electronics,59,NY,tablet,3,0,22,2,12,5,1,1,97.749972,1.2700279999999964,1.0129926071693134
55.2,grocery,25,FL,mobile,2,0,2,20,6,3,0,1,97.749972,-42.549972,0.5647060383331257
3.96,fashion,31,NY,tablet,2,0,0,27,7,3,0,1,97.749972,-93.789972,0.040511520141289455
40.29,electronics,54,CA,desktop,2,0,19,19,5,3,0,0,97.749972,-57.459972,0.41217402689205856
54.08,fashion,68,FL,desktop,5,0,17,21,4,3,0,0,97.749972,-43.669972,0.5532482346568014
31.31,entertainment,57,NY,tablet,4,0,11,11,8,6,1,0,97.749972,-66.439972,0.32030699384438704
415.55,fuel,54,IL,tablet,3,0,6,16,4,5,1,0,97.749972,317.800028,4.251152069371927
58.35,grocery,64,NY,tablet,7,0,1,7,12,3,0,1,97.749972,-39.399972,0.5969311111727877
29.14,electronics,24,CA,tablet,3,0,10,30,11,2,0,0,97.749972,-68.609972,0.29810749922150875
64.74,electronics,29,CA,desktop,2,0,15,4,12,0,0,0,97.749972,-33.009972000000005,0.6623019732189593
219.82,entertainment,57,CA,tablet,2,0,7,23,11,2,0,0,97.749972,122.070028,2.248798575115719
172.25,fashion,63,IL,mobile,4,0,17,2,5,3,0,0,97.749972,74.500028,1.7621488243275525
33.12,grocery,47,CA,mobile,3,0,9,9,7,1,0,0,97.749972,-64.62997200000001,0.3388236229998754
131.19,entertainment,27,FL,mobile,2,0,14,16,11,5,1,0,97.749972,33.440028,1.342097557408021
93.32,electronics,34,NY,tablet,2,0,21,30,4,5,1,0,97.749972,-4.4299720000000065,0.9546805706023059
237.78,fashion,36,TX,desktop,2,0,6,10,6,4,0,0,97.749972,140.03002800000002,2.432532641211062
131.77,electronics,66,CA,mobile,2,0,11,15,12,3,0,0,97.749972,34.02002800000001,1.3480310628832606
74.29,electronics,39,TX,tablet,4,0,21,4,4,0,0,0,97.749972,-23.459971999999993,0.7600002099233317
114.74,electronics,35,NY,mobile,3,1,9,1,2,3,0,0,97.749972,16.990027999999995,1.173811065912008
41.61,entertainment,26,CA,mobile,0,0,14,28,4,3,0,0,97.749972,-56.139972,0.42567786693915505
21.93,entertainment,36,IL,desktop,6,0,12,13,7,2,0,0,97.749972,-75.819972,0.22434788805517114
69.66,fashion,65,NY,tablet,2,0,12,23,12,4,0,0,97.749972,-28.089972000000003,0.7126344679399553
200.0,grocery,25,FL,desktop,2,0,21,26,1,2,0,0,97.749972,102.250028,2.0460363707721947
44.97,entertainment,66,NY,desktop,2,0,16,7,2,2,0,0,97.749972,-52.779972,0.46005127796812795
108.93,fuel,33,FL,desktop,5,0,19,29,11,4,0,0,97.749972,11.180028000000007,1.114373709341076
11.94,grocery,20,FL,mobile,1,0,19,2,7,6,1,0,97.749972,-85.809972,0.12214837133510001
23.17,electronics,34,TX,mobile,3,0,9,4,12,6,1,0,97.749972,-74.579972,0.23703331355395876
37.14,entertainment,44,IL,tablet,3,0,23,3,3,3,0,1,97.749972,-60.609972,0.37994895405239654
87.05,fuel,34,IL,mobile,4,0,10,7,3,1,0,0,97.749972,-10.699972000000002,0.8905373303785976
9.27,entertainment,46,CA,desktop,2,0,20,9,2,4,0,0,97.749972,-88.479972,0.09483378578529121
125.7,entertainment,59,IL,mobile,6,0,0,3,11,4,0,1,97.749972,27.950028000000003,1.2859338590303242
291.32,electronics,46,FL,tablet,2,0,0,10,10,0,0,1,97.749972,193.57002799999998,2.9802565776667787
59.83,fuel,33,FL,mobile,1,0,5,14,7,6,1,1,97.749972,-37.919972,0.612071780316502
95.09,grocery,22,IL,mobile,2,0,6,3,4,6,1,0,97.749972,-2.6599719999999962,0.9727879924836399
39.04,fashion,22,TX,desktop,1,0,7,30,9,0,0,0,97.749972,-58.709972,0.3993862995747324
84.77,entertainment,62,TX,tablet,1,0,23,30,1,1,0,1,97.749972,-12.979972000000004,0.8672125157517946
125.9,electronics,53,FL,tablet,1,0,21,14,3,3,0,0,97.749972,28.150028000000006,1.2879798954010966
62.52,fashion,45,NY,tablet,3,0,18,25,3,0,0,0,97.749972,-35.229972,0.639590969503388
37.59,fashion,54,TX,mobile,4,0,2,2,6,3,0,1,97.749972,-60.159971999999996,0.384552535886634
14.18,grocery,30,IL,desktop,2,0,8,14,4,4,0,0,97.749972,-83.569972,0.1450639786877486
104.15,fashion,47,FL,desktop,1,0,0,29,4,4,0,1,97.749972,6.400028000000006,1.0654734400796204
10.25,grocery,62,TX,tablet,6,0,14,13,3,2,0,0,97.749972,-87.499972,0.10485936400207498
91.63,fashion,68,IL,tablet,2,0,19,28,12,3,0,0,97.749972,-6.119972000000004,0.9373915632692809
17.42,fashion,58,FL,tablet,3,0,1,13,7,3,0,1,97.749972,-80.329972,0.17820976789425816
96.29,fuel,31,IL,tablet,1,0,17,7,9,5,1,0,97.749972,-1.4599719999999934,0.9850642107082731
130.48,fuel,40,NY,tablet,3,0,6,2,10,2,0,0,97.749972,32.73002799999999,1.3348341282917797
7.85,fuel,61,CA,tablet,3,0,6,25,7,3,0,0,97.749972,-89.899972,0.08030692755280863
31.56,grocery,41,FL,mobile,1,0,16,9,8,2,0,0,97.749972,-66.189972,0.3228645393078523
87.53,fashion,61,NY,desktop,0,0,16,24,2,3,0,0,97.749972,-10.219971999999999,0.8954478176684509
37.67,electronics,48,NY,mobile,4,0,23,28,2,2,0,1,97.749972,-60.079972,0.38537095043494285
168.09,fuel,54,NY,mobile,2,0,17,13,1,5,1,0,97.749972,70.340028,1.719591267815491
0.71,fashion,52,IL,desktop,3,0,0,16,4,6,1,1,97.749972,-97.039972,0.00726342911624129
107.56,entertainment,35,FL,mobile,1,0,19,30,6,4,0,0,97.749972,9.810028000000003,1.1003583602012863
32.65,fashion,38,FL,desktop,2,0,13,16,4,5,1,0,97.749972,-65.09997200000001,0.3340154375285607
6.9,grocery,68,TX,desktop,4,0,20,5,6,2,0,0,97.749972,-90.849972,0.07058825479164071
126.75,fuel,67,FL,tablet,3,0,15,6,12,2,0,0,97.749972,29.000028,1.2966755499768783
112.74,fashion,42,FL,desktop,7,0,20,11,3,5,1,0,97.749972,14.990027999999995,1.153350702204286
116.08,electronics,21,NY,mobile,3,0,4,21,4,3,0,1,97.749972,18.330028,1.1875195095961817
37.87,grocery,48,FL,desktop,6,0,9,16,2,2,0,0,97.749972,-59.879972,0.387416986805715
240.16,electronics,38,CA,tablet,5,0,13,29,7,0,0,0,97.749972,142.410028,2.4568804740232513
202.43,fuel,62,TX,tablet,0,0,17,5,2,0,0,0,97.749972,104.68002800000001,2.0708957126770766
22.37,fashion,62,FL,tablet,3,0,23,4,10,1,0,1,97.749972,-75.379972,0.22884916807086997
33.03,grocery,25,FL,tablet,2,0,2,30,3,3,0,1,97.749972,-64.719972,0.33790290663302797
96.31,electronics,69,TX,desktop,2,0,8,14,11,1,0,0,97.749972,-1.4399719999999974,0.9852688143453503
85.68,fuel,51,NY,desktop,7,0,11,17,3,6,1,0,97.749972,-12.069971999999993,0.8765219812388082
43.17,electronics,34,CA,mobile,5,0,12,11,8,4,0,0,97.749972,-54.579972,0.4416369506311782
48.15,fashion,58,FL,tablet,2,0,2,9,7,6,1,1,97.749972,-49.599972,0.4925832562634058
105.01,grocery,60,NY,tablet,4,0,1,28,1,6,1,1,97.749972,7.2600280000000055,1.0742713964739408
50.62,fuel,49,FL,desktop,1,0,18,8,8,1,0,0,97.749972,-47.129972,0.5178518054424424
206.91,fuel,48,IL,tablet,2,0,0,10,11,4,0,1,97.749972,109.160028,2.116726927382374
220.96,electronics,61,FL,desktop,3,0,0,24,6,5,1,1,97.749972,123.21002800000001,2.2604609824291204
147.36,fuel,62,TX,mobile,3,0,4,26,4,4,0,1,97.749972,49.610028000000014,1.5075195979849532
240.38,electronics,45,TX,tablet,1,0,15,20,12,1,0,0,97.749972,142.63002799999998,2.4591311140311007
183.83,entertainment,29,IL,mobile,7,0,15,29,4,0,0,0,97.749972,86.08002800000001,1.8806143301952627
90.99,entertainment,37,IL,desktop,3,0,3,11,6,6,1,1,97.749972,-6.759972000000005,0.9308442468828099
120.72,entertainment,60,NY,desktop,4,0,11,17,11,3,0,0,97.749972,22.970028,1.2349875533980965
337.66,fuel,61,CA,tablet,4,0,18,23,6,3,0,0,97.749972,239.910028,3.4543232047746963
326.08,fashion,63,CA,mobile,3,0,4,13,12,2,0,1,97.749972,228.33002799999997,3.335857698906986
70.21,fuel,43,IL,mobile,0,0,8,19,3,6,1,0,97.749972,-27.539972000000006,0.7182610679595788
149.93,electronics,38,CA,tablet,3,0,22,27,5,0,0,1,97.749972,52.18002800000001,1.5338111653493758
53.64,fuel,31,TX,desktop,2,0,0,26,9,1,0,1,97.749972,-44.109972,0.5487469546411026
194.3,electronics,51,IL,tablet,2,0,3,17,5,2,0,1,97.749972,96.55002800000001,1.9877243342051871
35.32,grocery,53,TX,desktop,4,1,19,8,7,4,0,0,97.749972,-62.429972,0.36133002307836953
26.05,electronics,49,FL,tablet,3,0,21,4,8,4,0,0,97.749972,-71.699972,0.26649623729307836
131.59,entertainment,19,FL,tablet,4,0,7,13,12,2,0,0,97.749972,33.840028000000004,1.3461896301495655
108.33,fuel,69,CA,mobile,6,0,2,24,6,5,1,1,97.749972,10.580027999999999,1.1082356002287592
2.94,fashion,32,NY,mobile,2,0,18,4,9,2,0,0,97.749972,-94.809972,0.03007673465035126
174.0,entertainment,65,TX,tablet,1,0,13,26,12,1,0,0,97.749972,76.250028,1.7800516425718091
219.17,grocery,38,NY,mobile,1,0,4,31,10,1,0,1,97.749972,121.42002799999999,2.242148956910709
71.28,grocery,29,IL,tablet,3,0,18,19,11,1,0,0,97.749972,-26.469972,0.7292073625432102
5.62,entertainment,22,IL,desktop,7,0,0,1,7,0,0,1,97.749972,-92.129972,0.05749362201869867
15.74,grocery,34,TX,mobile,4,0,10,27,11,2,0,0,97.749972,-82.009972,0.1610230623797717
259.38,fuel,59,TX,desktop,3,0,22,2,2,3,0,1,97.749972,161.63002799999998,2.653504569254459
184.59,electronics,23,FL,desktop,6,0,18,11,8,4,0,0,97.749972,86.840028,1.888389268404197
106.07,entertainment,21,NY,desktop,2,0,12,11,9,2,0,0,97.749972,8.320027999999994,1.0851153892390333
103.54,fashion,53,IL,desktop,3,0,19,10,11,4,0,0,97.749972,5.790028000000007,1.0592330291487653
165.74,grocery,25,TX,desktop,2,0,13,27,5,5,1,0,97.749972,67.99002800000001,1.6955503404589176
30.98,fashion,43,IL,tablet,4,0,2,10,5,1,0,1,97.749972,-66.769972,0.31693103383261295
61.58,fashion,39,TX,tablet,1,1,1,12,2,5,1,1,97.749972,-36.169972,0.6299745985607587
64.24,electronics,69,TX,mobile,1,0,15,29,12,3,0,0,97.749972,-33.509972000000005,0.6571868822920288
63.08,fashion,33,CA,mobile,1,0,18,23,10,0,0,0,97.749972,-34.669972,0.6453198713415501
29.03,fashion,18,FL,desktop,3,0,20,2,5,0,0,0,97.749972,-68.719972,0.2969821792175841
483.99,entertainment,65,NY,desktop,3,0,21,15,11,1,0,0,97.749972,386.240028,4.9513057154501725
156.41,entertainment,46,FL,mobile,4,0,16,9,6,3,0,0,97.749972,58.660028,1.6001027437623947
75.0,electronics,67,NY,mobile,5,0,7,10,12,1,0,0,97.749972,-22.749972,0.767263639039573
604.41,fuel,57,CA,tablet,2,0,21,19,7,2,0,0,97.749972,506.66002799999995,6.18322421429211
42.81,fuel,54,FL,mobile,4,0,7,21,1,6,1,0,97.749972,-54.939972,0.43795408516378825
36.35,fashion,56,NY,tablet,1,0,23,24,2,4,0,1,97.749972,-61.399972,0.37186711038784637
117.65,electronics,24,TX,mobile,3,0,0,12,12,3,0,1,97.749972,19.900028000000006,1.2035808951067435
33.86,electronics,54,CA,tablet,1,0,4,5,10,2,0,1,97.749972,-63.889972,0.3463939575717325
7.02,electronics,46,FL,tablet,4,0,5,10,3,3,0,1,97.749972,-90.729972,0.07181587661410402
275.78,fuel,53,TX,tablet,3,0,15,30,7,5,1,0,97.749972,178.03002799999996,2.8212795516577787
68.95,grocery,59,FL,mobile,1,0,22,24,11,6,1,1,97.749972,-28.799971999999997,0.7053710388237141
235.79,fuel,37,IL,mobile,4,1,6,9,4,6,1,0,97.749972,138.040028,2.4121745793218787
332.64,electronics,23,FL,desktop,3,0,13,11,9,2,0,0,97.749972,234.89002799999997,3.402967691868314
29.23,fuel,39,NY,mobile,1,0,10,20,9,2,0,0,97.749972,-68.519972,0.29902821558835624
90.87,electronics,30,IL,tablet,5,0,11,4,4,0,0,0,97.749972,-6.879971999999995,0.9296166250603466
6.15,fashion,31,IL,mobile,4,0,14,1,5,2,0,0,97.749972,-91.599972,0.06291561840124499
55.99,electronics,52,NY,mobile,5,0,8,21,7,4,0,0,97.749972,-41.759972,0.5727878819976758
53.75,fuel,25,FL,tablet,6,0,13,21,6,2,0,0,97.749972,-43.999972,0.5498722746450273
21.81,grocery,34,CA,desktop,3,0,9,4,4,3,0,0,97.749972,-75.939972,0.2231202662327078
108.28,fuel,54,CA,mobile,0,0,14,24,5,4,0,0,97.749972,10.530028000000001,1.1077240911360662
7.19,fashion,32,CA,mobile,4,0,10,18,5,3,0,0,97.749972,-90.559972,0.07355500752926039
20.83,fuel,42,FL,mobile,2,0,5,17,6,5,1,1,97.749972,-76.919972,0.21309468801592404
217.32,grocery,59,TX,tablet,3,0,13,12,1,4,0,0,97.749972,119.570028,2.2232231204810664
9.97,entertainment,39,NY,tablet,3,0,20,16,1,6,1,0,97.749972,-87.779972,0.10199491308299391
22.33,entertainment,23,TX,tablet,2,0,8,26,5,6,1,0,97.749972,-75.419972,0.2284399607967155
134.24,entertainment,22,NY,mobile,3,0,18,30,7,6,1,0,97.749972,36.49002800000001,1.3732996120622971
39.38,entertainment,18,IL,desktop,5,0,12,2,10,2,0,0,97.749972,-58.369972,0.4028645614050451
43.1,grocery,35,TX,tablet,1,0,13,30,8,4,0,0,97.749972,-54.649972,0.44092083790140796
162.86,fuel,45,CA,tablet,3,0,22,7,9,5,1,1,97.749972,65.11002800000001,1.666087416719798
14.71,electronics,48,NY,tablet,1,0,15,30,11,5,1,0,97.749972,-83.039972,0.15048597507029493
59.5,electronics,34,FL,tablet,1,0,20,20,1,5,1,0,97.749972,-38.249972,0.6086958203047279
51.68,grocery,37,CA,tablet,4,0,17,1,9,3,0,0,97.749972,-46.069972,0.5286957982075351
40.57,grocery,60,TX,mobile,2,0,9,8,4,0,0,0,97.749972,-57.179972,0.41503847781113967
220.82,entertainment,68,NY,mobile,3,0,6,8,5,6,1,0,97.749972,123.070028,2.2590287569695797
279.8,grocery,46,CA,mobile,2,0,16,26,6,6,1,0,97.749972,182.050028,2.8624048827103
67.6,entertainment,31,CA,desktop,2,0,21,28,9,2,0,0,97.749972,-30.149972000000005,0.6915602933210017
19.96,entertainment,68,CA,desktop,2,0,21,29,6,2,0,0,97.749972,-77.789972,0.20419442980306501
128.15,entertainment,64,NY,tablet,5,0,6,25,4,3,0,0,97.749972,30.400028000000006,1.3109978045722837
109.92,entertainment,51,NY,tablet,3,0,3,2,10,0,0,1,97.749972,12.170028000000002,1.124501589376398
10.69,grocery,43,CA,tablet,4,0,11,11,11,5,1,0,97.749972,-87.059972,0.10936064401777379
37.52,fuel,26,TX,desktop,4,0,1,28,5,6,1,1,97.749972,-60.229972,0.3838364231568637
49.68,entertainment,36,FL,mobile,2,0,19,11,1,2,0,0,97.749972,-48.069972,0.5082354344998131
60.01,grocery,34,NY,mobile,1,0,6,4,7,3,0,0,97.749972,-37.739972,0.613913213050197
125.87,grocery,31,FL,desktop,1,0,3,30,11,2,0,1,97.749972,28.120028000000005,1.2876729899454806
40.41,fuel,41,TX,mobile,5,0,16,8,2,2,0,0,97.749972,-57.339972,0.4134016487145219
33.22,grocery,63,NY,mobile,2,0,4,8,4,5,1,1,97.749972,-64.529972,0.3398466411852615
164.49,entertainment,40,CA,tablet,0,0,16,7,3,3,0,0,97.749972,66.74002800000001,1.6827626131415916
270.92,entertainment,41,CA,tablet,2,0,15,8,7,4,0,0,97.749972,173.170028,2.771560867848015
84.6,entertainment,44,TX,desktop,3,0,9,18,7,0,0,0,97.749972,-13.149972000000005,0.8654733848366383
8.93,fashion,62,FL,mobile,3,0,0,25,4,3,0,1,97.749972,-88.819972,0.09135552395497848
98.77,fashion,61,TX,mobile,3,0,17,23,3,3,0,0,97.749972,1.0200279999999964,1.0104350617058482
18.25,fuel,40,FL,mobile,6,0,16,6,7,3,0,0,97.749972,-79.499972,0.18670081883296274
157.96,grocery,43,CA,desktop,0,0,2,13,7,2,0,1,97.749972,60.21002800000001,1.6159595256358794
73.32,electronics,54,TX,mobile,0,0,8,15,4,4,0,0,97.749972,-24.429972000000006,0.7500769335250864
75.91,grocery,40,IL,desktop,4,0,8,6,7,5,1,0,97.749972,-21.839972000000003,0.7765731045265865
128.49,fashion,51,CA,tablet,2,0,8,18,5,2,0,0,97.749972,30.74002800000001,1.3144760664025965
134.51,fuel,30,FL,desktop,2,0,3,28,6,2,0,1,97.749972,36.76002799999999,1.3760617611628394
151.72,fuel,40,TX,mobile,6,0,3,25,1,3,0,1,97.749972,53.970028,1.5521231908677868
16.78,entertainment,68,IL,desktop,2,0,1,6,7,3,0,1,97.749972,-80.969972,0.17166245150778714
33.81,fashion,34,CA,desktop,0,0,23,15,9,4,0,1,97.749972,-63.939972,0.3458824484790395
11.72,electronics,66,CA,desktop,2,0,22,13,11,0,0,1,97.749972,-86.029972,0.11989773132725061
21.52,electronics,63,NY,desktop,5,0,1,2,7,1,0,1,97.749972,-76.229972,0.22015351349508813
37.04,grocery,68,TX,tablet,7,0,15,24,5,4,0,0,97.749972,-60.709972,0.3789259358670104
13.57,grocery,39,CA,desktop,5,0,7,10,3,4,0,0,97.749972,-84.17997199999999,0.1388235677568934
88.01,entertainment,57,CA,tablet,3,0,14,15,6,2,0,0,97.749972,-9.739971999999995,0.9003583049583043
340.08,grocery,47,FL,tablet,5,0,20,15,9,4,0,0,97.749972,242.33002799999997,3.4790802448610396
32.42,entertainment,26,NY,tablet,3,0,17,16,8,1,0,0,97.749972,-65.329972,0.33166249570217277
160.97,grocery,60,IL,mobile,1,0,10,6,10,4,0,0,97.749972,63.220028,1.6467523730160007
8.35,grocery,48,IL,desktop,5,0,2,1,2,2,0,1,97.749972,-89.399972,0.08542201847973911
71.89,grocery,69,FL,tablet,2,0,6,3,12,5,1,0,97.749972,-25.859972,0.7354477734740653
95.45,electronics,44,NY,tablet,5,0,8,16,3,2,0,0,97.749972,-2.299971999999997,0.9764708579510298
224.22,grocery,26,CA,tablet,0,0,0,3,10,1,0,1,97.749972,126.470028,2.2938113752727074
29.72,grocery,58,IL,desktop,4,0,20,15,2,1,0,0,97.749972,-68.029972,0.3040410046967481
0.91,electronics,38,NY,tablet,6,0,21,28,11,3,0,0,97.749972,-96.839972,0.009309465487013486
311.28,electronics,31,NY,tablet,3,0,12,23,7,5,1,0,97.749972,213.53002799999996,3.184451007469843
183.75,electronics,66,NY,tablet,4,0,19,24,12,1,0,0,97.749972,86.000028,1.8797959156469537
31.27,electronics,33,IL,mobile,4,0,12,1,9,3,0,0,97.749972,-66.479972,0.3198977865702326
199.2,grocery,49,CA,tablet,4,0,12,26,7,4,0,0,97.749972,101.45002799999999,2.0378522252891056
194.62,electronics,32,TX,mobile,4,0,3,10,12,1,0,1,97.749972,96.870028,1.9909979923984225
101.16,fuel,62,IL,desktop,4,0,8,3,2,5,1,0,97.749972,3.410027999999997,1.034885196336576
46.73,entertainment,29,FL,mobile,1,0,22,30,4,6,1,1,97.749972,-51.019972,0.4780563980309232
69.6,entertainment,41,TX,desktop,2,0,18,14,10,5,1,0,97.749972,-28.149972000000005,0.7120206570287236
9.11,grocery,67,IL,tablet,5,0,19,10,8,3,0,0,97.749972,-88.639972,0.09319695668867345
118.85,grocery,32,CA,mobile,2,0,1,1,3,2,0,1,97.749972,21.100027999999995,1.2158571133313765
192.38,fashion,22,TX,desktop,6,0,18,19,9,1,0,0,97.749972,94.630028,1.9680823850457738
340.32,fashion,38,IL,mobile,2,0,20,12,7,4,0,0,97.749972,242.57002799999998,3.481535488505966
2.96,fashion,26,NY,tablet,4,0,0,20,11,2,0,1,97.749972,-94.789972,0.030281338287428478
69.52,electronics,47,FL,tablet,3,0,20,11,3,0,0,0,97.749972,-28.229972000000004,0.7112022424804147
3.4,entertainment,45,NY,tablet,5,0,21,24,2,3,0,0,97.749972,-94.349972,0.03478261830312731
152.03,electronics,18,TX,desktop,5,0,4,28,12,3,0,1,97.749972,54.280028,1.5552945472424837
104.47,electronics,50,IL,desktop,3,0,11,6,10,3,0,0,97.749972,6.720027999999999,1.0687470982728557
23.83,grocery,25,NY,tablet,1,0,11,21,6,2,0,0,97.749972,-73.919972,0.24378523357750695
54.15,entertainment,20,NY,tablet,4,0,12,9,10,6,1,0,97.749972,-43.599972,0.5539643473865716
71.61,entertainment,26,CA,tablet,1,0,9,27,11,2,0,0,97.749972,-26.139972,0.7325833225549843
151.77,entertainment,46,NY,mobile,3,0,10,11,4,1,0,0,97.749972,54.02002800000001,1.5526346999604799
1.21,fashion,27,FL,tablet,0,0,9,27,2,1,0,0,97.749972,-96.539972,0.012378520043171777
59.85,electronics,33,CA,mobile,2,0,13,11,6,5,1,0,97.749972,-37.899972,0.6122763839535792
92.5,electronics,26,NY,mobile,5,0,9,23,10,6,1,0,97.749972,-5.249972,0.94629182148214
187.44,electronics,65,NY,tablet,6,0,14,2,12,5,1,0,97.749972,89.690028,1.9175452866877007
165.54,electronics,43,IL,mobile,4,0,0,21,3,1,0,1,97.749972,67.79002799999999,1.6935043040881455
117.25,fashion,22,IL,tablet,4,0,13,13,8,5,1,0,97.749972,19.500028,1.1994888223651992
6.88,fuel,48,FL,tablet,3,0,3,10,2,5,1,1,97.749972,-90.869972,0.07038365115456349
23.72,fashion,23,FL,mobile,1,0,21,31,10,0,0,0,97.749972,-74.029972,0.24265991357358227
4.0,fuel,21,NY,mobile,2,0,9,4,5,3,0,0,97.749972,-93.749972,0.04092072741544389
78.76,fuel,59,FL,desktop,2,0,1,17,11,4,0,1,97.749972,-18.989971999999995,0.8057291228100902
22.69,electronics,58,FL,tablet,2,0,23,10,5,1,0,1,97.749972,-75.059972,0.2321228262641055
61.28,entertainment,23,CA,mobile,5,0,8,15,10,1,0,0,97.749972,-36.469972,0.6269055440046004
36.34,fuel,25,NY,desktop,4,0,11,20,3,0,0,0,97.749972,-61.409971999999996,0.37176480856930777
164.35,fuel,69,NY,desktop,3,0,0,6,9,1,0,1,97.749972,66.600028,1.681330387682051
31.6,electronics,46,FL,desktop,4,0,2,22,11,4,0,1,97.749972,-66.14997199999999,0.32327374658200675
409.48,fuel,61,CA,mobile,2,0,14,18,2,6,1,0,97.749972,311.730028,4.189054865518991
19.41,electronics,35,FL,mobile,3,0,20,2,2,4,0,0,97.749972,-78.339972,0.19856782978344148
354.25,electronics,24,TX,tablet,4,0,17,13,7,3,0,0,97.749972,256.500028,3.6240419217302495
87.56,fashion,62,CA,tablet,2,0,4,27,8,6,1,1,97.749972,-10.189971999999997,0.8957547231240668
109.31,fuel,45,IL,mobile,3,0,1,21,4,4,0,1,97.749972,11.560028000000003,1.118261178445543
220.58,grocery,62,CA,tablet,4,0,0,23,8,4,0,1,97.749972,122.83002800000001,2.2565735133246534
47.64,grocery,56,IL,tablet,1,0,12,2,3,2,0,0,97.749972,-50.109972,0.48736586351793676
27.65,grocery,24,CA,mobile,2,0,21,30,10,2,0,0,97.749972,-70.09997200000001,0.2828645282592559
48.37,grocery,39,FL,tablet,2,0,10,22,9,6,1,0,97.749972,-49.379972,0.49483389627125524
66.48,grocery,25,NY,mobile,3,0,13,21,2,1,0,0,97.749972,-31.269971999999996,0.6801024896446775
56.31,fuel,46,IL,desktop,2,0,16,31,3,6,1,0,97.749972,-41.439972,0.5760615401909114
58.35,grocery,21,CA,tablet,3,0,1,29,7,4,0,1,97.749972,-39.399972,0.5969311111727877
21.2,fuel,62,TX,desktop,1,0,6,14,11,0,0,0,97.749972,-76.549972,0.2168798553018526
54.03,entertainment,62,TX,tablet,2,0,23,26,7,1,0,1,97.749972,-43.719972,0.5527367255641084
126.43,fuel,58,IL,tablet,1,0,0,27,7,2,0,1,97.749972,28.680028000000007,1.293401891783643
190.1,grocery,61,TX,tablet,7,0,5,11,11,5,1,1,97.749972,92.350028,1.9447575704189708
10.56,entertainment,65,TX,desktop,5,0,23,27,9,2,0,1,97.749972,-87.189972,0.10803072037677187
180.53,electronics,26,TX,mobile,3,0,11,12,11,6,1,0,97.749972,82.780028,1.8468547300775213
28.34,fuel,32,CA,tablet,1,0,17,7,9,2,0,0,97.749972,-69.409972,0.28992335373842
74.11,entertainment,57,IL,mobile,1,0,14,16,6,4,0,0,97.749972,-23.639972,0.7581587771896366
73.0,grocery,31,IL,tablet,2,0,13,26,7,2,0,0,97.749972,-24.749972,0.746803275331851
153.15,fuel,51,NY,mobile,7,0,10,28,10,4,0,0,97.749972,55.400028000000006,1.566752350918808
8.03,entertainment,45,IL,mobile,3,0,15,12,9,0,0,0,97.749972,-89.719972,0.0821483602865036
209.94,entertainment,48,TX,desktop,0,0,1,5,1,2,0,1,97.749972,112.190028,2.1477243783995728
206.81,entertainment,20,IL,mobile,2,0,16,14,12,5,1,0,97.749972,109.060028,2.115703909196988
108.92,entertainment,53,NY,mobile,4,0,18,22,5,6,1,0,97.749972,11.170028000000002,1.114271407522537
122.05,fashion,63,TX,tablet,3,0,4,29,4,4,0,1,97.749972,24.300027999999998,1.2485936952637318
57.2,fuel,18,FL,desktop,2,0,20,22,9,6,1,0,97.749972,-40.549972,0.5851664020408477
287.02,electronics,24,CA,desktop,3,0,4,8,12,4,0,1,97.749972,189.27002799999997,2.9362667956951762
72.16,grocery,27,CA,desktop,3,0,17,19,1,2,0,0,97.749972,-25.589972000000003,0.7382099225746077
90.92,entertainment,41,FL,tablet,1,0,17,1,7,5,1,0,97.749972,-6.829971999999998,0.9301281341530396
125.75,grocery,66,FL,desktop,2,0,22,16,8,2,0,1,97.749972,28.000028,1.2864453681230172
46.93,fuel,48,NY,tablet,2,0,6,2,1,6,1,0,97.749972,-50.819972,0.4801024344016954
192.16,fuel,53,FL,mobile,5,0,0,1,7,4,0,1,97.749972,94.410028,1.9658317450379246
207.39,fuel,30,CA,desktop,2,0,0,25,2,6,1,1,97.749972,109.64002799999999,2.121637414672227
27.89,entertainment,50,FL,mobile,4,0,1,8,3,1,0,1,97.749972,-69.859972,0.28531977190418256
77.91,electronics,48,TX,mobile,3,0,4,28,5,6,1,1,97.749972,-19.839972000000003,0.7970334682343083
8.93,grocery,55,TX,desktop,1,0,19,27,10,4,0,0,97.749972,-88.819972,0.09135552395497848
64.69,fashion,24,NY,tablet,5,0,0,1,3,2,0,1,97.749972,-33.059972,0.6617904641262663
20.55,electronics,54,IL,desktop,2,0,1,22,6,5,1,1,97.749972,-77.199972,0.210230237096843
98.56,fuel,40,IL,mobile,3,0,14,11,4,0,0,0,97.749972,0.8100280000000026,1.0082867235165376
129.84,electronics,18,CA,mobile,1,0,5,12,3,5,1,1,97.749972,32.090028000000004,1.3282868119053088
166.66,fuel,64,FL,mobile,3,0,15,29,8,0,0,0,97.749972,68.910028,1.7049621077644697
52.29,grocery,25,FL,desktop,2,0,13,12,6,0,0,0,97.749972,-45.459972,0.5349362091383902
22.85,grocery,57,FL,desktop,3,0,14,9,10,6,1,0,97.749972,-74.89997199999999,0.23375965536072324
29.92,entertainment,42,CA,desktop,6,0,19,2,3,5,1,0,97.749972,-67.829972,0.3060870410675203
1.82,fashion,31,TX,mobile,0,0,5,8,3,1,0,1,97.749972,-95.929972,0.018618930974026972
410.85,fuel,59,NY,mobile,0,0,22,4,10,1,0,1,97.749972,313.100028,4.203070214658781
178.2,fashion,63,CA,tablet,1,0,11,9,6,4,0,0,97.749972,80.45002799999999,1.8230184063580253
49.61,entertainment,30,FL,mobile,0,0,8,3,2,5,1,0,97.749972,-48.139972,0.5075193217700429
128.94,grocery,67,NY,mobile,1,0,1,4,7,0,0,1,97.749972,31.190027999999998,1.3190796482368339
53.75,entertainment,37,FL,desktop,9,0,10,17,12,6,1,0,97.749972,-43.999972,0.5498722746450273
44.35,fashion,65,IL,tablet,4,0,14,29,1,0,0,0,97.749972,-53.399972,0.45370856521873415
54.26,fuel,37,TX,tablet,3,0,10,17,11,4,0,0,97.749972,-43.489972,0.5550896673904964
123.22,entertainment,50,FL,desktop,2,0,16,10,3,6,1,0,97.749972,25.470028,1.260563008032749
65.65,fuel,65,FL,mobile,7,0,8,25,5,5,1,0,97.749972,-32.099971999999994,0.671611438705973
137.61,electronics,25,TX,tablet,5,0,2,5,4,4,0,1,97.749972,39.860028000000014,1.4077753249098086
394.08,fuel,22,FL,mobile,5,0,15,19,5,3,0,0,97.749972,296.33002799999997,4.031510064969532
85.04,electronics,54,CA,mobile,3,0,8,13,1,5,1,0,97.749972,-12.709971999999993,0.8699746648523372
382.68,entertainment,53,IL,mobile,1,0,17,13,3,6,1,0,97.749972,284.930028,3.914885991835517
96.76,grocery,49,NY,mobile,3,0,10,30,1,6,1,0,97.749972,-0.9899719999999945,0.9898723961795878
11.79,fashion,30,CA,desktop,3,0,10,7,7,6,1,0,97.749972,-85.959972,0.12061384405702086
39.73,grocery,61,IL,mobile,5,0,20,30,8,1,0,0,97.749972,-58.019972,0.4064451250538964
97.63,fuel,54,NY,tablet,7,0,23,22,3,1,0,1,97.749972,-0.11997200000000419,0.9987726543924467
23.79,entertainment,33,IL,mobile,4,0,21,25,4,1,0,0,97.749972,-73.959972,0.24337602630335253
78.58,entertainment,50,IL,tablet,2,0,11,2,10,6,1,0,97.749972,-19.169972,0.8038876900763953
108.81,grocery,18,CA,tablet,5,0,11,24,12,1,0,0,97.749972,11.060028000000003,1.1131460875186125
29.06,electronics,20,FL,tablet,1,0,6,17,2,5,1,0,97.749972,-68.689972,0.29728908467319987
41.43,electronics,59,IL,mobile,3,0,17,3,8,5,1,0,97.749972,-56.319972,0.4238364342054601
89.32,fuel,32,FL,desktop,3,0,11,31,10,3,0,0,97.749972,-8.429972000000006,0.913759843186862
36.87,fashion,20,CA,tablet,0,0,0,28,6,1,0,1,97.749972,-60.879972,0.377186804951854
240.18,entertainment,61,IL,tablet,2,0,22,20,6,3,0,1,97.749972,142.430028,2.4570850776603286
343.46,entertainment,43,IL,tablet,2,0,1,15,12,6,1,1,97.749972,245.71002799999997,3.5136582595270895
74.87,electronics,57,FL,tablet,1,0,10,19,4,1,0,0,97.749972,-22.879971999999995,0.765933715398571
206.67,fuel,63,FL,mobile,4,0,20,19,4,4,0,0,97.749972,108.92002799999999,2.114271683737447
106.31,fuel,66,NY,tablet,2,0,13,12,11,5,1,0,97.749972,8.560028000000003,1.08757063288396
60.02,grocery,23,NY,tablet,3,0,2,4,8,6,1,1,97.749972,-37.729972,0.6140155148687356
96.01,electronics,66,FL,tablet,6,0,13,20,4,3,0,0,97.749972,-1.7399719999999945,0.982199759789192
0.7,fashion,55,IL,desktop,3,0,19,7,9,2,0,0,97.749972,-97.049972,0.007161127297702681
527.19,entertainment,36,IL,desktop,2,0,10,3,5,2,0,0,97.749972,429.44002800000004,5.393249571536967
93.42,grocery,46,TX,mobile,3,0,10,7,6,1,0,0,97.749972,-4.329971999999998,0.9557035887876921
90.04,fuel,21,FL,mobile,2,0,3,27,2,6,1,1,97.749972,-7.709971999999993,0.9211255741216421
3.98,fuel,43,FL,desktop,3,0,16,2,12,0,0,0,97.749972,-93.769972,0.04071612377836667
70.82,fuel,35,CA,desktop,1,0,9,5,11,6,1,0,97.749972,-26.929972000000006,0.724501478890434
73.08,grocery,24,FL,desktop,3,0,14,9,6,6,1,0,97.749972,-24.669972,0.7476216898801599
140.71,entertainment,62,CA,mobile,4,0,11,21,6,2,0,0,97.749972,42.96002800000001,1.4394888886567776
237.56,entertainment,53,NY,tablet,3,0,4,7,2,1,0,1,97.749972,139.810028,2.4302820012032127
52.95,grocery,61,NY,desktop,2,0,4,30,9,4,0,1,97.749972,-44.799972,0.5416881291619385
166.03,fashion,50,CA,tablet,3,0,3,10,3,3,0,1,97.749972,68.280028,1.6985170931965372
25.81,entertainment,19,TX,tablet,4,0,12,8,11,1,0,0,97.749972,-71.939972,0.2640409936481517
143.03,entertainment,45,TX,desktop,1,0,20,22,1,0,0,0,97.749972,45.280028,1.463222910557735
113.19,grocery,64,CA,desktop,4,0,10,25,8,3,0,0,97.749972,15.440027999999998,1.1579542840385235
81.03,entertainment,54,FL,desktop,4,0,19,12,3,6,1,0,97.749972,-16.719972,0.8289516356183546
97.11,fashion,51,CA,tablet,4,0,4,16,6,4,0,1,97.749972,-0.6399720000000002,0.9934529598284391
174.91,electronics,24,TX,desktop,3,0,0,22,9,6,1,1,97.749972,77.160028,1.7893611080588228
261.9,fashion,45,FL,desktop,3,0,3,10,2,4,0,1,97.749972,164.15002799999996,2.6792846275261883
241.65,grocery,20,NY,tablet,7,0,16,7,5,5,1,0,97.749972,143.90002800000002,2.4721234449855043
115.69,fashion,66,FL,desktop,2,0,21,19,6,2,0,0,97.749972,17.940027999999998,1.183529738673176
113.15,entertainment,25,CA,desktop,5,0,16,12,11,6,1,0,97.749972,15.400028000000006,1.1575450767643691
21.27,fashion,45,TX,desktop,5,0,8,6,2,6,1,0,97.749972,-76.479972,0.21759596803162287
88.03,entertainment,20,CA,desktop,2,0,17,29,5,6,1,0,97.749972,-9.719971999999999,0.9005629085953815
19.32,fuel,46,TX,mobile,5,0,11,11,2,4,0,0,97.749972,-78.42997199999999,0.197647113416594
228.33,electronics,29,IL,tablet,3,0,17,12,7,4,0,0,97.749972,130.58002800000003,2.335857422692076
49.19,fashion,27,FL,tablet,4,1,16,22,5,6,1,0,97.749972,-48.559972,0.5032226453914213
37.55,fashion,52,IL,desktop,6,0,19,20,8,5,1,0,97.749972,-60.199972,0.3841433286124795
207.76,entertainment,40,NY,tablet,4,0,14,24,9,1,0,0,97.749972,110.01002799999999,2.125422581958156
107.5,electronics,24,NY,desktop,4,0,15,10,7,6,1,0,97.749972,9.750028,1.0997445492900546
81.24,grocery,50,NY,tablet,3,0,1,31,1,2,0,1,97.749972,-16.509972000000005,0.8310999738076654
223.08,fuel,40,FL,mobile,0,0,19,15,12,3,0,0,97.749972,125.33002800000001,2.282148967959306
7.37,entertainment,43,CA,desktop,3,0,13,28,5,1,0,0,97.749972,-90.379972,0.07539644026295537
2.51,electronics,27,FL,desktop,2,1,19,13,11,6,1,0,97.749972,-95.239972,0.02567775645319104
69.09,fuel,65,FL,mobile,4,0,22,15,2,3,0,1,97.749972,-28.659971999999996,0.7068032642832547
76.91,fuel,20,FL,desktop,2,0,9,12,9,3,0,0,97.749972,-20.839972000000003,0.7868032863804474
8.18,fuel,29,TX,tablet,3,0,20,25,9,2,0,0,97.749972,-89.569972,0.08368288756458275
38.21,electronics,36,CA,tablet,6,0,22,29,12,4,0,1,97.749972,-59.539972,0.39089524863602776
27.69,fashion,46,NY,tablet,2,0,20,13,8,1,0,0,97.749972,-70.059972,0.28327373553341034
7.06,grocery,58,IL,tablet,1,0,23,26,6,0,0,1,97.749972,-90.689972,0.07222508388825846
73.7,electronics,20,TX,desktop,2,0,2,9,10,6,1,1,97.749972,-24.049971999999997,0.7539644026295537
38.45,grocery,40,FL,tablet,3,0,10,8,4,4,0,0,97.749972,-59.299972,0.3933504922809544
242.8,fuel,34,IL,desktop,2,0,18,19,4,1,0,0,97.749972,145.050028,2.4838881541174445
73.05,entertainment,30,TX,tablet,2,0,1,19,9,1,0,1,97.749972,-24.699972000000002,0.747314784424544
72.4,entertainment,42,IL,desktop,1,0,18,3,1,2,0,0,97.749972,-25.349971999999994,0.7406651662195345
4.56,fashion,22,FL,mobile,1,0,4,14,3,0,0,1,97.749972,-93.189972,0.04664962925360603
43.12,grocery,59,IL,tablet,0,0,9,4,3,5,1,0,97.749972,-54.629972,0.4411254415384851
200.04,entertainment,61,CA,mobile,4,0,13,13,5,0,0,0,97.749972,102.29002799999999,2.046445578046349
545.72,fuel,49,TX,mobile,2,0,8,30,4,1,0,0,97.749972,447.970028,5.58281484128901
19.11,grocery,19,IL,tablet,0,0,3,14,1,6,1,1,97.749972,-78.639972,0.19549877522728318
208.52,grocery,40,IL,mobile,3,0,21,1,3,4,0,0,97.749972,110.77002800000001,2.1331975201670903
309.15,grocery,49,IL,tablet,3,0,7,23,11,2,0,0,97.749972,211.40002799999996,3.1626607201211194
6.38,fuel,28,IL,desktop,3,0,13,2,7,5,1,0,97.749972,-91.369972,0.065268560227633
29.07,fashion,45,NY,desktop,1,0,21,3,11,3,0,0,97.749972,-68.67997199999999,0.29739138649173846
59.85,entertainment,24,CA,desktop,6,0,2,6,1,4,0,1,97.749972,-37.899972,0.6122763839535792
107.94,fashion,60,TX,desktop,4,0,6,23,4,5,1,0,97.749972,10.190027999999998,1.1042458293057533
397.35,fuel,46,IL,tablet,10,0,18,16,3,5,1,0,97.749972,299.600028,4.0649627596316575
95.99,fuel,69,FL,tablet,1,0,13,23,11,2,0,0,97.749972,-1.7599720000000048,0.9819951561521147
108.17,grocery,62,NY,desktop,7,0,12,12,11,5,1,0,97.749972,10.420028000000002,1.1065987711321414
77.8,entertainment,59,TX,mobile,7,0,23,8,1,5,1,1,97.749972,-19.949972000000002,0.7959081482303837
160.09,fashion,21,CA,desktop,3,0,10,12,9,0,0,0,97.749972,62.340028000000004,1.637749812984603
82.99,electronics,68,CA,desktop,0,0,6,21,7,6,1,0,97.749972,-14.759972000000005,0.8490027920519221
540.0,grocery,30,TX,mobile,0,0,0,21,6,1,0,1,97.749972,442.250028,5.5242982010849255
108.81,grocery,57,TX,tablet,3,0,20,17,1,2,0,0,97.749972,11.060028000000003,1.1131460875186125
85.32,electronics,40,TX,mobile,0,0,1,30,11,2,0,1,97.749972,-12.429972000000006,0.8728391157714182
33.76,fuel,60,TX,mobile,3,0,19,16,9,0,0,0,97.749972,-63.989972,0.34537093938634644
158.51,electronics,64,NY,mobile,4,0,23,6,8,1,0,1,97.749972,60.76002799999999,1.6215861256555026
125.9,entertainment,59,TX,tablet,4,0,12,28,12,3,0,0,97.749972,28.150028000000006,1.2879798954010966
33.45,electronics,65,IL,desktop,2,0,18,23,4,1,0,0,97.749972,-64.299972,0.34219958301164954
350.06,fashion,20,FL,mobile,2,0,5,2,3,2,0,1,97.749972,252.310028,3.5811774597625723
282.0,fuel,68,IL,desktop,2,0,1,14,9,2,0,1,97.749972,184.250028,2.8849112827887944
28.54,grocery,25,FL,mobile,1,0,17,10,8,2,0,0,97.749972,-69.209972,0.29196939010919215
94.26,fuel,20,TX,mobile,2,0,23,20,6,0,0,1,97.749972,-3.4899719999999945,0.9642969415449354
53.82,fashion,34,NY,mobile,5,0,22,18,3,0,0,1,97.749972,-43.929972,0.5505883873747975
199.46,electronics,31,CA,desktop,4,0,3,13,8,5,1,1,97.749972,101.71002800000001,2.0405120725711097
5.34,fuel,51,IL,mobile,3,0,23,28,9,5,1,1,97.749972,-92.409972,0.054629171099617596
41.04,electronics,46,CA,mobile,1,0,0,5,8,5,1,1,97.749972,-56.709972,0.4198466632824543
161.53,electronics,36,IL,tablet,3,0,4,5,5,3,0,1,97.749972,63.780028,1.6524812748541629
24.73,electronics,55,CA,desktop,2,0,14,20,1,4,0,0,97.749972,-73.019972,0.2529923972459819
26.49,grocery,35,CA,mobile,4,0,8,3,6,5,1,0,97.749972,-71.259972,0.27099751730877714
86.8,electronics,39,NY,mobile,4,0,8,26,1,4,0,0,97.749972,-10.949972000000002,0.8879797849151324
80.91,fashion,62,NY,desktop,1,0,19,18,12,2,0,0,97.749972,-16.839972000000003,0.8277240137958912
261.73,grocery,27,IL,desktop,2,0,3,13,8,5,1,1,97.749972,163.980028,2.6775454966110326
136.07,fashion,59,FL,desktop,3,0,22,22,8,1,0,1,97.749972,38.32002799999999,1.3920208448548625
27.7,fuel,66,FL,mobile,4,0,15,15,4,4,0,0,97.749972,-70.049972,0.28337603735194894
426.81,entertainment,68,TX,desktop,7,0,5,13,11,2,0,1,97.749972,329.060028,4.366343917046402
80.38,grocery,52,TX,tablet,7,0,11,27,6,3,0,0,97.749972,-17.369972000000004,0.822302017413345
138.61,entertainment,67,FL,desktop,3,0,16,16,11,3,0,0,97.749972,40.860028000000014,1.4180055067636697
140.62,entertainment,46,CA,mobile,5,0,21,15,4,0,0,0,97.749972,42.870028000000005,1.43856817228993
98.69,electronics,26,FL,desktop,2,0,1,20,5,5,1,1,97.749972,0.9400279999999981,1.0096166471575394
52.14,entertainment,61,TX,desktop,1,0,20,5,8,5,1,0,97.749972,-45.609972,0.5334016818603111
26.13,fuel,31,NY,mobile,1,0,19,9,1,0,0,0,97.749972,-71.619972,0.2673146518413872
12.25,fashion,33,TX,mobile,3,0,16,27,8,1,0,0,97.749972,-85.499972,0.1253197277097969
73.46,fuel,34,IL,tablet,3,0,19,26,1,3,0,0,97.749972,-24.289972000000006,0.751509158984627
67.97,fuel,25,TX,mobile,6,0,14,21,9,5,1,0,97.749972,-29.779972,0.6953454606069303
127.11,fashion,22,IL,tablet,2,1,11,24,1,2,0,0,97.749972,29.360028,1.3003584154442682
45.43,electronics,25,TX,mobile,2,0,15,16,8,2,0,0,97.749972,-52.319972,0.46475716162090397
272.43,fuel,50,NY,tablet,3,0,10,5,1,2,0,0,97.749972,174.680028,2.7870084424473447
10.06,electronics,28,FL,desktop,3,0,6,4,6,1,0,0,97.749972,-87.689972,0.1029156294498414
176.3,fashion,59,IL,desktop,2,0,23,13,4,2,0,1,97.749972,78.55002800000001,1.8035810608356897
13.15,fuel,24,TX,mobile,6,0,20,2,6,3,0,0,97.749972,-84.599972,0.13452689137827178
110.13,fashion,28,IL,mobile,2,0,22,29,2,3,0,1,97.749972,12.380027999999996,1.126649927565709
22.0,electronics,51,TX,desktop,6,0,19,30,11,5,1,0,97.749972,-75.749972,0.2250640007849414
71.11,fuel,59,NY,mobile,2,0,8,14,10,4,0,0,97.749972,-26.639972,0.7274682316280537
138.95,grocery,54,FL,mobile,2,0,6,17,6,5,1,0,97.749972,41.20002799999999,1.421483768593982
100.7,fashion,54,IL,desktop,0,0,20,4,6,1,0,0,97.749972,2.950028000000003,1.0301793126838
78.7,grocery,48,NY,desktop,1,0,20,18,10,2,0,0,97.749972,-19.049971999999997,0.8051153118988585
32.87,fuel,20,FL,desktop,3,0,16,30,7,1,0,0,97.749972,-64.87997200000001,0.33626607753641014
132.08,electronics,36,FL,desktop,2,0,14,3,12,1,0,0,97.749972,34.33002800000001,1.3512024192579575
47.84,grocery,40,TX,tablet,3,0,7,20,5,4,0,0,97.749972,-49.909971999999996,0.489411899888709
92.87,fashion,61,IL,tablet,4,0,3,27,2,0,0,1,97.749972,-4.879971999999995,0.9500769887680686
47.75,electronics,20,IL,mobile,1,0,3,12,3,1,0,1,97.749972,-49.999972,0.48849118352186144
37.93,fuel,27,TX,tablet,5,0,17,9,10,2,0,0,97.749972,-59.819972,0.3880307977169467
28.22,electronics,25,FL,mobile,1,0,4,13,5,5,1,1,97.749972,-69.529972,0.28869573191595665
143.7,fuel,21,TX,desktop,5,0,10,1,1,5,1,0,97.749972,45.95002799999999,1.4700771323998216
37.16,fuel,67,IL,tablet,3,0,3,3,10,3,0,1,97.749972,-60.589972,0.38015355768947373
114.02,electronics,21,TX,tablet,5,0,3,13,5,5,1,1,97.749972,16.270027999999996,1.1664453349772281
80.0,fuel,33,NY,mobile,4,0,20,14,5,5,1,0,97.749972,-17.749972,0.8184145483088778
89.22,fashion,53,FL,tablet,1,0,21,16,7,1,0,0,97.749972,-8.529972,0.912736825001476
138.94,fuel,38,IL,tablet,1,0,11,23,2,3,0,0,97.749972,41.190028,1.4213814667754436
225.15,electronics,34,TX,mobile,1,0,12,20,3,0,0,0,97.749972,127.400028,2.303325444396798
179.36,fashion,35,NY,tablet,2,0,8,7,4,6,1,0,97.749972,81.61002800000001,1.8348854173085043
181.47,entertainment,39,TX,mobile,10,0,13,23,7,5,1,0,97.749972,83.720028,1.8564711010201507
7.12,entertainment,62,TX,tablet,4,0,5,15,6,5,1,1,97.749972,-90.629972,0.07283889479949013
42.25,electronics,36,IL,desktop,6,0,20,14,4,4,0,0,97.749972,-55.499972,0.4322251833256261
162.48,fashion,64,FL,tablet,6,0,13,14,7,6,1,0,97.749972,64.73002799999999,1.6621999476153309
325.5,entertainment,55,NY,desktop,1,0,15,3,6,5,1,0,97.749972,227.750028,3.3299241934317467
100.81,entertainment,38,IL,mobile,4,0,23,16,6,3,0,1,97.749972,3.0600280000000026,1.0313046326877247
14.89,fuel,53,NY,desktop,4,0,18,6,4,3,0,0,97.749972,-82.859972,0.1523274078039899
397.27,grocery,69,NY,tablet,2,0,6,5,8,0,0,0,97.749972,299.52002799999997,4.064144345083348
8.52,grocery,41,CA,desktop,4,0,22,16,5,3,0,1,97.749972,-89.229972,0.08716114939489548
86.7,fashion,25,NY,tablet,5,0,16,3,8,3,0,0,97.749972,-11.049971999999997,0.8869567667297463
286.31,fashion,56,IL,tablet,3,0,6,10,6,4,0,0,97.749972,188.560028,2.929003366578935
89.37,electronics,36,NY,desktop,2,0,6,29,9,6,1,0,97.749972,-8.379971999999995,0.9142713522795551
78.02,fuel,64,CA,tablet,0,0,4,21,7,4,0,1,97.749972,-19.729972000000004,0.798158788238233
95.92,entertainment,34,IL,desktop,7,0,2,28,6,2,0,1,97.749972,-1.829971999999998,0.9812790434223445
135.58,fuel,59,FL,desktop,3,0,4,1,8,1,0,1,97.749972,37.83002800000001,1.3870080557464708
131.79,grocery,21,NY,tablet,2,0,19,3,12,6,1,0,97.749972,34.04002799999999,1.3482356665203374
596.11,electronics,22,TX,tablet,1,0,12,9,2,3,0,0,97.749972,498.360028,6.098313704905064
133.16,entertainment,34,FL,tablet,3,0,13,5,10,3,0,0,97.749972,35.410028,1.362251015660127
110.61,electronics,67,CA,desktop,2,0,3,2,2,4,0,1,97.749972,12.860028,1.1315604148555622
64.33,grocery,69,FL,desktop,3,0,3,21,9,5,1,1,97.749972,-33.419972,0.6581075986588764
175.36,electronics,37,CA,mobile,3,0,16,6,7,5,1,0,97.749972,77.61002800000001,1.7939646898930603
96.39,fashion,33,NY,desktop,2,0,3,3,1,2,0,1,97.749972,-1.359971999999999,0.9860872288936592
89.37,fashion,59,FL,tablet,5,0,20,1,7,0,0,0,97.749972,-8.379971999999995,0.9142713522795551
45.45,fuel,20,FL,tablet,2,0,4,15,11,1,0,1,97.749972,-52.299972,0.4649617652579812
90.7,fashion,37,CA,tablet,3,0,9,19,8,0,0,0,97.749972,-7.049971999999997,0.9278774941451903
87.65,grocery,28,TX,mobile,4,0,5,4,10,2,0,1,97.749972,-10.099971999999994,0.8966754394909143
98.31,electronics,54,NY,desktop,2,0,2,9,2,2,0,1,97.749972,0.5600280000000026,1.0057291780530722
90.73,grocery,31,TX,tablet,4,0,7,10,3,4,0,0,97.749972,-7.019971999999996,0.9281843996008061
62.36,entertainment,42,FL,desktop,2,0,13,2,6,3,0,0,97.749972,-35.389972,0.6379541404067702
19.64,fuel,45,CA,mobile,3,0,15,3,5,4,0,0,97.749972,-78.109972,0.20092077160982952
2.62,fuel,56,IL,mobile,4,0,2,29,6,2,0,1,97.749972,-95.129972,0.02680307645711575
325.84,entertainment,22,CA,mobile,5,0,4,7,3,0,0,1,97.749972,228.09002799999996,3.333402455262059
195.15,fuel,32,NY,tablet,3,0,4,26,7,4,0,1,97.749972,97.400028,1.9964199887809688
337.65,fuel,46,NY,mobile,4,0,0,12,6,6,1,1,97.749972,239.90002799999996,3.4542209029561572
102.88,grocery,53,CA,tablet,4,0,17,6,7,3,0,0,97.749972,5.130027999999996,1.0524811091252169
61.68,grocery,65,CA,mobile,3,0,15,26,6,6,1,0,97.749972,-36.069972,0.6309976167461447
39.26,electronics,65,IL,mobile,3,0,11,24,8,5,1,0,97.749972,-58.489972,0.4016369395825818
8.76,electronics,62,CA,tablet,5,0,13,12,4,1,0,0,97.749972,-88.989972,0.08961639303982212
131.79,fuel,29,CA,desktop,1,0,9,9,12,5,1,0,97.749972,34.04002799999999,1.3482356665203374
40.07,entertainment,55,IL,mobile,3,0,22,1,11,2,0,1,97.749972,-57.679972,0.4099233868842092
219.29,fashion,19,TX,tablet,4,0,21,29,1,6,1,0,97.749972,121.54002799999999,2.2433765787331725
76.02,entertainment,54,IL,desktop,3,0,16,2,7,6,1,0,97.749972,-21.729972000000004,0.7776984245305111
76.64,fuel,67,FL,tablet,2,0,14,19,4,1,0,0,97.749972,-21.109972,0.784041137279905
156.31,grocery,34,TX,tablet,4,0,23,26,6,6,1,1,97.749972,58.560028,1.5990797255770086
242.84,entertainment,51,CA,desktop,5,0,10,29,11,2,0,0,97.749972,145.09002800000002,2.4842973613915986
167.52,electronics,29,IL,mobile,4,0,16,11,3,4,0,0,97.749972,69.77002800000001,1.7137600641587902
42.15,electronics,21,TX,desktop,3,0,14,15,7,5,1,0,97.749972,-55.599972,0.43120216514024
13.31,fashion,22,IL,mobile,1,0,9,5,4,2,0,0,97.749972,-84.439972,0.13616372047488956
292.02,fashion,43,IL,desktop,5,0,8,3,12,6,1,0,97.749972,194.27002799999997,2.9874177049644812
139.1,fashion,52,NY,tablet,2,0,10,31,7,0,0,0,97.749972,41.350027999999995,1.4230182958720612
16.83,fuel,68,NY,tablet,4,0,11,4,4,3,0,0,97.749972,-80.919972,0.17217396060048015
123.46,fashion,35,NY,desktop,4,0,14,31,7,0,0,0,97.749972,25.710027999999994,1.2630182516776756
24.55,fuel,43,NY,tablet,0,0,10,17,7,6,1,0,97.749972,-73.199972,0.2511509645122869
37.05,fuel,28,CA,mobile,4,0,3,27,8,6,1,1,97.749972,-60.699972,0.379028237685549
138.09,grocery,40,CA,mobile,4,0,5,4,6,1,0,1,97.749972,40.340028000000004,1.4126858121996617
64.57,grocery,33,TX,desktop,1,0,12,17,5,4,0,0,97.749972,-33.17997200000001,0.6605628423038029
30.87,electronics,23,CA,mobile,0,0,12,9,9,4,0,0,97.749972,-66.879972,0.3158057138286882
44.56,electronics,28,NY,mobile,3,0,16,6,11,2,0,0,97.749972,-53.189972,0.45585690340804497
386.82,grocery,41,TX,mobile,1,0,6,8,12,4,0,0,97.749972,289.070028,3.957238944710501
33.87,electronics,68,TX,mobile,3,0,18,2,9,5,1,0,97.749972,-63.879972,0.3464962593902711
1.86,fashion,20,TX,tablet,5,0,14,25,2,6,1,0,97.749972,-95.889972,0.01902813824818141
36.31,electronics,39,FL,tablet,0,0,17,25,8,4,0,0,97.749972,-61.439972,0.3714579031136919
71.12,electronics,33,FL,desktop,2,0,15,8,4,5,1,0,97.749972,-26.629971999999995,0.7275705334465924
122.1,fashion,21,NY,tablet,2,0,12,22,6,2,0,0,97.749972,24.350027999999995,1.2491052043564248
117.74,fashion,21,CA,desktop,1,0,1,1,9,3,0,1,97.749972,19.990027999999995,1.204501611473591
174.76,fashion,37,NY,tablet,1,0,13,26,6,2,0,0,97.749972,77.01002799999999,1.7878265807807434
214.06,electronics,19,NY,mobile,3,0,5,13,8,5,1,1,97.749972,116.310028,2.18987272763748
7.37,fashion,26,FL,desktop,3,0,17,1,2,3,0,0,97.749972,-90.379972,0.07539644026295537
169.64,grocery,59,CA,mobile,2,0,5,24,3,3,0,1,97.749972,71.89002799999999,1.7354480496889753
183.26,fuel,55,CA,desktop,4,0,8,21,2,2,0,0,97.749972,85.51002799999999,1.8747831265385617
48.79,entertainment,27,FL,mobile,7,0,18,23,4,1,0,0,97.749972,-48.959972,0.49913057264987687
30.51,fashion,54,FL,mobile,4,0,11,8,4,4,0,0,97.749972,-67.239972,0.3121228483612983
98.17,entertainment,50,TX,mobile,3,0,7,15,3,1,0,0,97.749972,0.42002800000000207,1.0042969525935317
275.22,electronics,52,IL,mobile,1,0,20,9,11,5,1,0,97.749972,177.470028,2.8155506498196172
71.76,fuel,68,CA,tablet,0,0,22,22,5,0,0,1,97.749972,-25.989971999999995,0.7341178498330635
4.68,electronics,21,CA,desktop,2,0,5,30,12,5,1,1,97.749972,-93.069972,0.04787725107606935
12.45,fuel,26,FL,desktop,4,0,9,4,10,2,0,0,97.749972,-85.299972,0.1273657640805691
106.36,fashion,58,FL,tablet,0,0,5,20,11,0,0,1,97.749972,8.610028,1.088082141976653
296.53,entertainment,26,FL,desktop,1,0,12,1,9,4,0,0,97.749972,198.78002799999996,3.033555825125394
18.28,electronics,59,CA,desktop,4,0,4,21,6,1,0,1,97.749972,-79.469972,0.1870077242885786
45.86,entertainment,56,NY,tablet,3,0,19,16,5,3,0,0,97.749972,-51.889972,0.4691561398180642
176.35,electronics,25,TX,desktop,1,0,12,21,2,2,0,0,97.749972,78.600028,1.8040925699283825
57.83,entertainment,65,CA,mobile,3,0,17,26,4,1,0,0,97.749972,-39.919972,0.59161141660878
123.87,entertainment,55,NY,tablet,6,0,23,23,1,1,0,1,97.749972,26.120028000000005,1.2672126262377588
312.4,entertainment,33,TX,tablet,3,0,11,17,5,1,0,0,97.749972,214.65002799999996,3.1959088111461678
64.28,grocery,52,TX,mobile,4,0,4,6,9,4,0,1,97.749972,-33.469972,0.6575960895661833
125.42,electronics,29,TX,mobile,3,0,4,27,11,0,0,1,97.749972,27.670028000000002,1.2830694081112433
10.47,grocery,47,TX,desktop,6,0,13,21,7,3,0,0,97.749972,-87.279972,0.10711000400992439
197.94,fashion,46,TX,desktop,4,0,11,21,2,1,0,0,97.749972,100.190028,2.024962196153241
63.12,fuel,64,IL,tablet,6,0,15,2,6,3,0,0,97.749972,-34.629972,0.6457290786157046
92.24,electronics,37,CA,desktop,4,0,14,5,2,5,1,0,97.749972,-5.509972000000005,0.9436319742001361
41.97,fuel,42,FL,desktop,1,0,7,3,12,1,0,0,97.749972,-55.779972,0.429360732406545
27.53,fuel,30,IL,tablet,6,0,16,5,8,0,0,0,97.749972,-70.219972,0.28163690643679257
61.79,electronics,52,TX,mobile,9,0,0,3,10,3,0,1,97.749972,-35.959972,0.6321229367500695
11.09,fuel,49,IL,tablet,7,0,4,30,5,0,0,1,97.749972,-86.659972,0.11345271675931819
42.46,electronics,40,CA,mobile,4,0,9,7,8,2,0,0,97.749972,-55.289972,0.4343735215149369
70.34,fuel,49,CA,mobile,4,0,20,19,9,3,0,0,97.749972,-27.409971999999996,0.7195909916005808
109.6,electronics,47,CA,mobile,2,0,14,3,11,6,1,0,97.749972,11.850027999999995,1.1212279311831626
135.6,grocery,23,FL,mobile,4,0,15,14,3,0,0,0,97.749972,37.850027999999995,1.3872126593835479
57.5,fashion,35,CA,mobile,1,0,12,23,2,3,0,0,97.749972,-40.249972,0.5882354565970059
43.45,fuel,28,FL,tablet,4,0,4,10,5,2,0,1,97.749972,-54.299972,0.4445014015502593
184.87,fuel,27,TX,mobile,1,0,0,4,1,1,0,1,97.749972,87.120028,1.8912537193232781
122.03,grocery,24,NY,mobile,2,0,20,30,5,0,0,0,97.749972,24.280028,1.2483890916266545
98.14,electronics,36,TX,mobile,3,0,13,4,2,6,1,0,97.749972,0.39002800000000093,1.003990047137916
160.14,electronics,30,NY,mobile,1,0,20,2,2,4,0,0,97.749972,62.39002799999999,1.6382613220772961
193.61,fashion,44,CA,mobile,2,0,2,19,9,1,0,1,97.749972,95.86002800000001,1.980665508726023
3.16,fashion,41,TX,mobile,3,0,9,2,11,2,0,0,97.749972,-94.589972,0.032327374658200674
20.04,fuel,18,IL,mobile,8,0,11,24,8,3,0,0,97.749972,-77.709972,0.20501284435137387
140.63,entertainment,61,CA,desktop,1,0,18,17,5,4,0,0,97.749972,42.880027999999996,1.4386704741084686
27.76,fuel,53,NY,mobile,2,0,20,17,2,3,0,0,97.749972,-69.989972,0.28398984826318063
118.06,fashion,51,IL,mobile,4,0,23,17,5,4,0,1,97.749972,20.310028000000003,1.2077752696668265
1.38,fuel,69,CA,desktop,2,0,19,19,9,1,0,0,97.749972,-96.369972,0.014117650958328141
61.89,fuel,28,NY,mobile,4,0,22,16,7,1,0,1,97.749972,-35.859972,0.6331459549354556
98.56,grocery,61,TX,mobile,11,0,7,5,4,2,0,0,97.749972,0.8100280000000026,1.0082867235165376
11.19,fashion,63,NY,tablet,5,0,7,21,11,3,0,0,97.749972,-86.559972,0.11447573494470428
0.31,electronics,59,NY,tablet,3,0,19,25,9,6,1,0,97.749972,-97.439972,0.0031713563746969017
349.28,fashion,65,IL,mobile,4,0,2,27,6,3,0,1,97.749972,251.53002799999996,3.5731979179165605
86.74,grocery,43,NY,mobile,1,0,4,25,1,3,0,1,97.749972,-11.009972000000005,0.8873659740039007
69.93,fashion,48,TX,mobile,0,0,10,5,2,6,1,0,97.749972,-27.819971999999993,0.7153966170404978
33.6,electronics,25,NY,mobile,3,0,4,29,8,1,0,1,97.749972,-64.14997199999999,0.3437341102897287
27.9,fashion,66,IL,tablet,4,0,18,8,2,1,0,0,97.749972,-69.84997200000001,0.2854220737227211
260.63,grocery,28,NY,tablet,1,0,12,6,9,1,0,0,97.749972,162.88002799999998,2.6662922965717852
16.71,grocery,29,CA,mobile,3,0,16,1,11,2,0,0,97.749972,-81.039972,0.17094633877801688
32.82,fashion,48,IL,mobile,2,0,16,3,9,1,0,0,97.749972,-64.92997199999999,0.33575456844371715
32.85,grocery,25,FL,mobile,5,0,1,23,7,6,1,1,97.749972,-64.89997199999999,0.33606147389933294
28.55,fashion,49,CA,desktop,4,0,17,14,12,5,1,0,97.749972,-69.199972,0.2920716919277308
28.63,fashion,40,FL,desktop,0,0,21,5,2,0,0,0,97.749972,-69.119972,0.29289010647603964
32.59,entertainment,59,TX,desktop,4,0,7,24,7,2,0,0,97.749972,-65.159972,0.33340162661732914
34.48,fuel,53,IL,tablet,3,0,19,28,4,3,0,0,97.749972,-63.269972,0.3527366703211263
201.12,grocery,20,CA,mobile,4,0,21,8,12,4,0,0,97.749972,103.370028,2.057494174448519
41.1,grocery,33,TX,tablet,5,0,14,28,1,5,1,0,97.749972,-56.649972,0.420460474193686
164.59,entertainment,31,TX,desktop,2,0,14,19,4,2,0,0,97.749972,66.840028,1.6837856313269774
88.67,fuel,23,CA,mobile,1,0,19,7,2,1,0,0,97.749972,-9.079971999999998,0.9071102249818525
9.21,entertainment,50,IL,tablet,4,0,0,11,10,2,0,1,97.749972,-88.539972,0.09421997487405957
166.69,electronics,36,NY,tablet,10,0,13,7,5,6,1,0,97.749972,68.940028,1.7052690132200856
45.18,entertainment,23,NY,tablet,0,0,19,30,6,3,0,0,97.749972,-52.569972,0.46219961615743876
46.11,grocery,54,CA,mobile,5,0,6,16,7,6,1,0,97.749972,-51.639972,0.47171368528152946
110.46,entertainment,57,NY,tablet,1,0,10,14,6,4,0,0,97.749972,12.710027999999994,1.130025887577483
268.16,fuel,47,IL,mobile,4,0,13,2,10,0,0,0,97.749972,170.410028,2.7433255659313587
302.6,grocery,30,IL,mobile,5,0,3,22,8,3,0,1,97.749972,204.850028,3.0956530289783304
198.08,grocery,58,NY,desktop,7,0,6,9,11,5,1,0,97.749972,100.33002800000001,2.026394421612782
12.26,grocery,31,NY,tablet,2,0,6,25,1,2,0,0,97.749972,-85.489972,0.12542202952833553
121.22,fashion,41,CA,desktop,4,0,0,6,11,0,0,1,97.749972,23.470028,1.2401026443250271
25.19,grocery,61,CA,tablet,1,0,3,17,3,6,1,1,97.749972,-72.559972,0.2576982808987579
52.54,electronics,35,TX,mobile,1,0,14,13,7,3,0,0,97.749972,-45.209972,0.5374937546018554
165.96,fuel,52,CA,desktop,3,0,11,9,4,6,1,0,97.749972,68.21002800000001,1.697800980466767
17.16,grocery,51,NY,mobile,5,0,16,13,11,6,1,0,97.749972,-80.589972,0.1755499206122543
43.56,fashion,40,NY,tablet,3,0,3,26,7,1,0,1,97.749972,-54.189972,0.445626721554184
26.43,grocery,44,NY,tablet,2,0,14,4,9,6,1,0,97.749972,-71.319972,0.2703837063975455
2.57,fashion,51,FL,mobile,2,0,15,16,11,5,1,0,97.749972,-95.179972,0.0262915673644227
270.48,electronics,37,TX,tablet,1,0,3,16,2,4,0,1,97.749972,172.730028,2.767059587832316
125.57,electronics,37,TX,desktop,0,0,9,14,10,4,0,0,97.749972,27.820027999999994,1.2846039353893224
143.13,grocery,33,NY,mobile,4,0,16,11,2,5,1,0,97.749972,45.380027999999996,1.4642459287431209
10.91,grocery,30,FL,desktop,6,0,4,10,3,4,0,1,97.749972,-86.839972,0.11161128402562322
28.2,fashion,21,NY,tablet,3,0,6,28,8,6,1,0,97.749972,-69.549972,0.2884911282788794
42.44,entertainment,54,CA,mobile,3,0,19,7,4,6,1,0,97.749972,-55.309972,0.43416891787785966
24.91,fuel,38,NY,mobile,7,0,2,27,1,4,0,1,97.749972,-72.839972,0.25483382997967685
547.32,grocery,30,NY,tablet,3,0,18,16,4,1,0,0,97.749972,449.57002800000004,5.599183132255188
147.95,grocery,69,IL,desktop,3,0,7,29,6,3,0,0,97.749972,50.20002799999999,1.5135554052787308
60.8,entertainment,55,FL,desktop,4,0,6,20,2,1,0,0,97.749972,-36.949972,0.6219950567147471
139.48,entertainment,52,NY,tablet,4,0,17,27,10,6,1,0,97.749972,41.73002799999999,1.4269057649765284
82.59,entertainment,55,IL,desktop,1,0,22,22,1,6,1,1,97.749972,-15.159971999999996,0.8449107193103778
167.66,entertainment,57,CA,mobile,5,0,18,13,6,1,0,0,97.749972,69.910028,1.7151922896183307
62.09,fuel,46,TX,mobile,3,0,7,24,10,1,0,0,97.749972,-35.659971999999996,0.6351919913062278
84.04,electronics,29,IL,tablet,4,0,1,27,11,0,0,1,97.749972,-13.709971999999993,0.8597444829984762
80.31,grocery,31,CA,mobile,2,0,14,9,6,6,1,0,97.749972,-17.439971999999997,0.8215859046835747
208.24,fuel,18,NY,tablet,5,0,23,2,9,4,0,1,97.749972,110.49002800000001,2.130333069248009
0.62,entertainment,45,FL,desktop,4,0,18,3,6,0,0,0,97.749972,-97.129972,0.0063427127493938034
105.04,fuel,34,TX,desktop,5,0,19,15,4,0,0,0,97.749972,7.290028000000007,1.0745783019295567
49.88,fashion,36,IL,desktop,4,0,1,2,12,5,1,1,97.749972,-47.869972,0.5102814708705854
8.09,entertainment,63,IL,tablet,1,0,0,14,2,1,0,1,97.749972,-89.659972,0.08276217119773527
1.22,entertainment,31,CA,desktop,3,0,16,5,1,3,0,0,97.749972,-96.529972,0.012480821861710387
18.15,electronics,44,FL,desktop,1,0,3,25,6,5,1,1,97.749972,-79.59997200000001,0.18567780064757664
19.26,fuel,19,FL,desktop,3,0,3,19,7,1,0,1,97.749972,-78.489972,0.19703330250536236
27.86,grocery,24,FL,desktop,0,0,10,14,3,0,0,0,97.749972,-69.889972,0.2850128664485667
30.74,fashion,69,FL,tablet,3,0,10,5,2,5,1,0,97.749972,-67.009972,0.3144757901876863
47.21,fuel,65,TX,mobile,6,0,2,2,7,1,0,1,97.749972,-50.539972,0.48296688532077653
3.97,electronics,45,TX,mobile,3,0,22,15,4,0,0,1,97.749972,-93.779972,0.040613821959828066
132.05,fashion,25,TX,desktop,7,0,21,6,8,6,1,0,97.749972,34.30002800000001,1.3508955138023415
49.12,fuel,42,CA,tablet,2,0,12,16,6,6,1,0,97.749972,-48.629972,0.5025065326616509
39.36,grocery,35,NY,desktop,5,0,9,9,7,5,1,0,97.749972,-58.389972,0.40265995776796787
122.77,grocery,21,IL,desktop,0,0,21,27,12,4,0,0,97.749972,25.020027999999996,1.2559594261985116
137.86,electronics,36,TX,desktop,2,0,13,22,9,4,0,0,97.749972,40.110028000000014,1.4103328703732738
8.2,entertainment,53,IL,mobile,4,0,21,13,12,1,0,0,97.749972,-89.549972,0.08388749120165997
296.36,entertainment,49,TX,mobile,2,0,21,2,11,5,1,0,97.749972,198.610028,3.031816694210238
96.32,electronics,30,TX,mobile,4,0,15,23,4,5,1,0,97.749972,-1.4299720000000065,0.9853711161638888
61.31,entertainment,38,IL,desktop,7,0,5,25,2,5,1,1,97.749972,-36.439972,0.6272124494602163
3.3,grocery,44,FL,mobile,2,0,9,29,4,0,0,0,97.749972,-94.449972,0.033759600117741206
185.36,entertainment,50,NY,tablet,5,0,4,3,6,4,0,1,97.749972,87.61002800000001,1.89626650843167
86.02,fashion,40,CA,tablet,1,0,5,5,9,1,0,1,97.749972,-11.729972000000004,0.8800002430691208
32.96,fashion,44,TX,mobile,1,0,19,9,4,1,0,0,97.749972,-64.789972,0.3371867939032577
109.92,grocery,62,FL,tablet,6,0,14,25,9,6,1,0,97.749972,12.170028000000002,1.124501589376398
102.8,grocery,33,CA,tablet,1,0,15,18,1,1,0,0,97.749972,5.0500279999999975,1.0516626945769079
9.58,electronics,32,NY,tablet,2,0,14,3,2,5,1,0,97.749972,-88.169972,0.09800514215998812
14.44,grocery,30,IL,mobile,6,0,11,17,1,1,0,0,97.749972,-83.309972,0.14772382596975245
31.24,fuel,58,TX,desktop,8,0,3,9,3,5,1,1,97.749972,-66.509972,0.31959088111461675
278.17,electronics,57,FL,desktop,2,0,11,21,3,1,0,0,97.749972,180.420028,2.845729686288507
66.92,entertainment,23,IL,desktop,1,0,4,10,5,4,0,1,97.749972,-30.829971999999998,0.6846037696603763
261.17,fashion,37,IL,tablet,4,0,23,2,2,3,0,1,97.749972,163.420028,2.6718165947728703
108.78,electronics,24,TX,mobile,4,0,3,8,8,3,0,1,97.749972,11.030028000000001,1.1128391820629966
162.54,fashion,52,IL,mobile,4,0,15,18,1,1,0,0,97.749972,64.79002799999999,1.6628137585265623
7.53,entertainment,66,NY,desktop,2,0,14,7,4,6,1,0,97.749972,-90.219972,0.07703326935957312
79.4,electronics,69,FL,mobile,3,0,14,5,6,2,0,0,97.749972,-18.349971999999994,0.8122764391965613
7.92,electronics,69,TX,desktop,4,0,1,13,4,3,0,1,97.749972,-89.829972,0.08102304028257891
16.7,electronics,54,IL,mobile,2,0,19,22,9,3,0,0,97.749972,-81.049972,0.17084403695947822
144.95,fuel,60,IL,desktop,0,0,0,18,2,6,1,1,97.749972,47.20002799999999,1.4828648597171479
153.8,grocery,65,IL,tablet,3,0,13,27,12,4,0,0,97.749972,56.05002800000001,1.5734019691238177
0.37,fuel,69,IL,mobile,4,0,12,8,10,1,0,0,97.749972,-97.379972,0.0037851672859285598
32.08,fashion,23,NY,mobile,3,0,3,28,12,2,0,1,97.749972,-65.669972,0.32818423387185996
56.03,grocery,65,NY,mobile,4,0,21,7,3,0,0,0,97.749972,-41.719972,0.5731970892718303
104.62,electronics,29,CA,tablet,2,0,10,11,2,5,1,0,97.749972,6.870028000000005,1.070281625550935
86.59,electronics,31,NY,tablet,3,0,8,1,10,1,0,0,97.749972,-11.159971999999996,0.8858314467258217
221.48,entertainment,22,IL,mobile,3,0,9,14,10,0,0,0,97.749972,123.73002799999999,2.265780676993128
4.33,fuel,32,NY,mobile,4,0,3,7,11,3,0,1,97.749972,-93.419972,0.04429668742721801
26.43,grocery,40,NY,desktop,7,0,16,13,7,2,0,0,97.749972,-71.319972,0.2703837063975455
147.39,electronics,55,TX,mobile,2,0,6,11,5,2,0,0,97.749972,49.64002799999999,1.5078265034405687
324.77,entertainment,43,TX,desktop,4,0,6,23,10,2,0,0,97.749972,227.02002799999997,3.3224561606784278
146.22,electronics,35,FL,tablet,0,0,9,3,6,0,0,0,97.749972,48.470028,1.4958571906715514
23.87,fuel,33,FL,tablet,4,0,1,22,2,2,0,1,97.749972,-73.879972,0.24419444085166142
79.77,fuel,43,NY,mobile,2,0,17,16,10,2,0,0,97.749972,-17.979972000000004,0.8160616064824897
133.89,grocery,25,NY,mobile,5,0,16,11,7,1,0,0,97.749972,36.14002799999999,1.3697190484134456
32.04,grocery,40,CA,desktop,2,0,6,30,8,1,0,0,97.749972,-65.709972,0.3277750265977056
314.01,fuel,65,IL,mobile,3,0,2,12,7,4,0,1,97.749972,216.26002799999998,3.212379403930884
20.4,entertainment,27,CA,mobile,3,0,14,25,10,2,0,0,97.749972,-77.34997200000001,0.20869570981876384
2.47,electronics,61,FL,tablet,4,0,7,17,7,6,1,0,97.749972,-95.279972,0.025268549179036606
111.81,fuel,35,FL,desktop,2,0,12,23,9,0,0,0,97.749972,14.060028000000003,1.1438366330801955
52.83,grocery,46,CA,desktop,7,0,13,19,10,3,0,0,97.749972,-44.919972,0.5404605073394751
39.61,fashion,69,FL,desktop,3,0,5,18,5,3,0,1,97.749972,-58.139972,0.40521750323143313
0.58,electronics,20,FL,mobile,3,0,2,6,11,2,0,1,97.749972,-97.169972,0.005933505475239364
89.79,electronics,24,CA,mobile,3,0,13,21,11,1,0,0,97.749972,-7.959971999999993,0.9185680286581768
5.17,grocery,33,NY,mobile,3,0,18,15,5,2,0,0,97.749972,-92.579972,0.05289004018446123
140.46,electronics,46,TX,desktop,4,0,8,21,2,2,0,0,97.749972,42.71002800000001,1.4369313431933124
23.03,fuel,25,IL,tablet,5,0,8,30,4,1,0,0,97.749972,-74.719972,0.2356010880944182
105.26,electronics,38,TX,mobile,2,0,22,3,6,0,0,1,97.749972,7.5100280000000055,1.076828941937406
322.56,fuel,41,IL,mobile,4,0,0,24,4,0,0,1,97.749972,224.810028,3.2998474587813953
56.92,grocery,26,TX,desktop,3,0,6,12,8,0,0,0,97.749972,-40.829972,0.5823019511217666
4.17,fuel,40,IL,desktop,0,0,14,24,9,6,1,0,97.749972,-93.579972,0.04265985833060026
1.3,electronics,62,NY,mobile,2,0,8,4,8,3,0,0,97.749972,-96.449972,0.013299236410019266
127.14,entertainment,40,CA,desktop,2,0,19,8,7,5,1,0,97.749972,29.390028,1.3006653208998842
90.48,grocery,42,TX,tablet,3,0,23,8,11,4,0,1,97.749972,-7.269971999999996,0.9256268541373408
83.06,entertainment,40,NY,tablet,5,0,1,30,12,0,0,1,97.749972,-14.689971999999997,0.8497189047816924
60.82,fashion,19,FL,desktop,4,0,2,5,10,3,0,1,97.749972,-36.929972,0.6221996603518244
1.82,entertainment,34,NY,desktop,5,0,3,5,7,1,0,1,97.749972,-95.929972,0.018618930974026972
17.53,electronics,37,FL,desktop,0,0,3,21,8,6,1,1,97.749972,-80.219972,0.17933508789818287
245.74,electronics,37,FL,mobile,4,0,10,25,11,5,1,0,97.749972,147.990028,2.5139648887677954
84.56,fuel,36,FL,mobile,4,0,5,27,1,3,0,1,97.749972,-13.189971999999997,0.8650641775624839
342.12,grocery,65,NY,mobile,5,0,8,15,1,0,0,0,97.749972,244.370028,3.499949815842916
96.06,fuel,32,NY,mobile,2,0,1,21,2,2,0,1,97.749972,-1.6899719999999974,0.9827112688818851
5.54,entertainment,58,TX,desktop,2,0,18,30,1,0,0,0,97.749972,-92.209972,0.05667520747038979
30.1,fuel,29,CA,desktop,3,0,22,8,1,6,1,1,97.749972,-67.64997199999999,0.3079284738012153
204.77,electronics,35,IL,mobile,4,0,4,27,5,5,1,1,97.749972,107.02002800000001,2.0948343382151116
138.74,grocery,47,CA,mobile,1,0,17,7,12,2,0,0,97.749972,40.99002800000001,1.4193354304046715
5.63,fuel,45,TX,desktop,4,0,2,11,11,0,0,1,97.749972,-92.119972,0.05759592383723727
31.09,fuel,68,NY,mobile,7,0,3,26,4,2,0,1,97.749972,-66.659972,0.31805635383653763
15.09,entertainment,24,NY,mobile,3,0,7,31,8,2,0,0,97.749972,-82.659972,0.15437344417476206
36.26,entertainment,64,IL,desktop,2,0,1,18,11,0,0,1,97.749972,-61.489972,0.3709463940209988
27.12,entertainment,30,CA,mobile,1,0,3,30,8,4,0,1,97.749972,-70.629972,0.2774425318767096
19.06,electronics,49,NY,tablet,0,0,2,4,7,0,0,1,97.749972,-78.689972,0.19498726613459014
40.86,fashion,59,CA,mobile,1,1,4,25,12,0,0,1,97.749972,-56.889972,0.4180052305487593
50.1,electronics,38,CA,mobile,2,0,2,27,2,0,0,1,97.749972,-47.649972,0.5125321108784348
116.89,entertainment,52,TX,desktop,1,0,21,9,4,5,1,0,97.749972,19.140028,1.195805956897809
205.01,electronics,66,CA,mobile,6,0,2,4,5,3,0,1,97.749972,107.26002799999999,2.097289581860038
105.26,entertainment,56,IL,desktop,4,0,19,6,2,1,0,0,97.749972,7.5100280000000055,1.076828941937406
85.75,entertainment,66,TX,desktop,3,0,9,22,4,4,0,0,97.749972,-11.999972,0.8772380939685784
18.37,fashion,58,NY,mobile,3,0,7,24,8,2,0,0,97.749972,-79.379972,0.18792844065542608
145.75,entertainment,58,NY,desktop,3,0,18,23,6,6,1,0,97.749972,48.000028,1.4910490052002368
30.45,fuel,46,CA,mobile,4,0,11,29,5,2,0,0,97.749972,-67.299972,0.31150903745006664
198.29,electronics,56,FL,tablet,3,0,9,22,3,1,0,0,97.749972,100.54002799999999,2.028542759802092
42.76,fuel,65,IL,tablet,6,0,18,21,10,4,0,0,97.749972,-54.989972,0.43744257607109516
24.91,electronics,63,FL,desktop,2,0,0,27,1,4,0,1,97.749972,-72.839972,0.25483382997967685
22.6,grocery,53,NY,desktop,2,0,19,23,7,1,0,0,97.749972,-75.14997199999999,0.231202109897258
144.58,electronics,40,FL,tablet,1,0,16,23,10,0,0,0,97.749972,46.83002800000001,1.4790796924312195
338.28,grocery,34,FL,tablet,6,0,11,5,11,6,1,0,97.749972,240.53002799999996,3.4606659175240897
91.38,fashion,58,TX,desktop,2,0,22,16,2,2,0,1,97.749972,-6.369972000000004,0.9348340178058157
68.49,fuel,44,TX,desktop,1,1,6,4,11,5,1,0,97.749972,-29.259972000000005,0.700665155170938
45.62,grocery,37,IL,desktop,4,0,3,10,9,6,1,1,97.749972,-52.129972,0.46670089617313754
3.91,entertainment,55,CA,tablet,2,0,6,30,3,3,0,0,97.749972,-93.839972,0.04000001104859641
37.52,electronics,56,NY,tablet,2,0,20,19,11,1,0,0,97.749972,-60.229972,0.3838364231568637
112.57,grocery,40,FL,desktop,3,0,23,20,6,0,0,1,97.749972,14.820027999999994,1.1516115712891297
93.11,electronics,25,FL,mobile,1,0,14,2,5,1,0,0,97.749972,-4.639972,0.9525322324129951
59.79,entertainment,42,NY,mobile,5,0,0,21,10,4,0,1,97.749972,-37.959972,0.6116625730423475
266.78,electronics,42,FL,tablet,5,0,6,8,2,3,0,0,97.749972,169.03002799999996,2.72920791497303
316.45,grocery,52,FL,mobile,0,0,21,31,3,4,0,0,97.749972,218.70002799999997,3.2373410476543047
33.92,grocery,18,FL,tablet,5,0,16,26,9,1,0,0,97.749972,-63.829972,0.3470077684829642
24.25,fuel,62,NY,mobile,2,0,20,2,1,6,1,0,97.749972,-73.499972,0.24808190995612858
19.95,grocery,66,CA,mobile,4,0,8,11,6,5,1,0,97.749972,-77.799972,0.2040921279845264
30.12,fashion,60,CA,desktop,2,0,12,28,4,3,0,0,97.749972,-67.629972,0.3081330774382925
86.08,grocery,30,NY,mobile,3,0,17,4,3,0,0,0,97.749972,-11.669972000000001,0.8806140539803525
11.82,fashion,22,TX,mobile,5,1,22,5,8,0,0,1,97.749972,-85.92997199999999,0.1209207495126367
21.64,electronics,54,NY,mobile,1,0,3,4,5,5,1,1,97.749972,-76.109972,0.22138113531755146
172.87,electronics,29,CA,mobile,4,1,11,30,8,4,0,0,97.749972,75.120028,1.7684915370769465
103.73,fuel,43,FL,tablet,2,0,12,24,11,4,0,0,97.749972,5.980028000000004,1.0611767637009988
148.72,grocery,18,CA,tablet,2,0,21,21,9,3,0,0,97.749972,50.970028,1.521432645306204
42.67,entertainment,50,FL,desktop,5,0,7,19,6,6,1,0,97.749972,-55.079972,0.43652185970424773
1.77,grocery,56,IL,mobile,4,0,6,6,5,0,0,0,97.749972,-95.979972,0.01810742188133392
28.75,entertainment,43,TX,tablet,3,0,2,3,6,4,0,1,97.749972,-68.999972,0.29411772829850297
3.31,electronics,30,FL,desktop,5,0,11,29,6,3,0,0,97.749972,-94.439972,0.03386190193627982
12.43,fashion,67,NY,desktop,2,0,0,30,7,5,1,1,97.749972,-85.319972,0.12716116044349188
177.76,fuel,59,NY,tablet,7,0,10,27,7,2,0,0,97.749972,80.01002799999999,1.8185171263423263
299.5,fashion,36,FL,desktop,6,0,6,10,4,0,0,0,97.749972,201.750028,3.0639394652313614
10.75,fashion,20,IL,mobile,3,0,9,6,4,2,0,0,97.749972,-86.999972,0.10997445492900546
23.35,fashion,36,FL,desktop,1,0,7,26,9,0,0,0,97.749972,-74.39997199999999,0.23887474628765373
22.7,fuel,33,TX,desktop,4,0,0,27,10,6,1,1,97.749972,-75.049972,0.23222512808264406
9.15,electronics,32,IL,mobile,2,0,0,14,6,1,0,1,97.749972,-88.599972,0.0936061639628279
397.09,grocery,68,NY,tablet,5,0,0,4,7,0,0,1,97.749972,299.34002799999996,4.0623029123496535
34.8,entertainment,22,TX,mobile,5,0,8,10,4,0,0,0,97.749972,-62.949972,0.3560103285143618
58.13,fuel,55,IL,mobile,3,0,18,29,3,1,0,0,97.749972,-39.619972,0.5946804711649384
6.46,electronics,41,TX,tablet,2,0,12,12,2,6,1,0,97.749972,-91.289972,0.06608697477594189
73.16,grocery,20,IL,tablet,5,0,2,23,8,2,0,1,97.749972,-24.589972000000003,0.7484401044284688
205.22,grocery,30,CA,tablet,2,0,2,15,6,5,1,1,97.749972,107.470028,2.0994379200493487
224.53,fashion,62,FL,mobile,3,0,14,26,1,3,0,0,97.749972,126.780028,2.2969827316474043
25.07,grocery,44,IL,mobile,2,0,3,14,2,2,0,1,97.749972,-72.67997199999999,0.25647065907629457
23.48,fuel,44,CA,desktop,0,0,3,10,7,0,0,1,97.749972,-74.269972,0.24020466992865563
225.49,grocery,28,FL,mobile,1,0,1,20,3,2,0,1,97.749972,127.74002800000001,2.306803706227111
97.61,grocery,32,CA,mobile,5,0,14,23,6,4,0,0,97.749972,-0.1399720000000002,0.9985680507553696
30.82,fashion,30,IL,tablet,0,0,9,12,8,0,0,0,97.749972,-66.92997199999999,0.3152942047359952
78.57,grocery,59,FL,desktop,8,0,9,23,7,1,0,0,97.749972,-19.179972000000006,0.8037853882578565
32.98,fuel,18,IL,mobile,2,0,9,31,8,3,0,0,97.749972,-64.769972,0.33739139754033487
12.69,fashion,51,NY,desktop,3,0,11,18,11,4,0,0,97.749972,-85.059972,0.12982100772549574
48.15,fuel,42,FL,desktop,1,0,22,3,4,0,0,1,97.749972,-49.599972,0.4925832562634058
45.52,grocery,21,FL,desktop,5,0,18,13,12,2,0,0,97.749972,-52.229972,0.4656778779877515
64.64,grocery,51,IL,mobile,3,0,6,13,8,1,0,0,97.749972,-33.109972,0.6612789550335733
113.18,grocery,23,CA,desktop,0,0,6,3,3,6,1,0,97.749972,15.430028000000007,1.1578519822199849
127.45,grocery,40,FL,mobile,3,0,22,14,1,6,1,1,97.749972,29.700028000000003,1.303836677274581
178.74,entertainment,23,TX,desktop,2,0,2,23,1,6,1,1,97.749972,80.99002800000001,1.8285427045591103
56.53,fuel,31,IL,desktop,5,0,12,21,11,1,0,0,97.749972,-41.219972,0.5783121801987609
462.77,fashion,43,IL,tablet,5,0,3,23,1,1,0,1,97.749972,365.02002799999997,4.734221256511242
1.07,entertainment,68,NY,mobile,2,0,21,19,4,2,0,0,97.749972,-96.679972,0.010946294583631241
9.06,fuel,49,CA,mobile,2,0,1,19,1,4,0,1,97.749972,-88.689972,0.09268544759598042
23.23,electronics,25,FL,desktop,1,0,6,7,1,6,1,0,97.749972,-74.519972,0.2376471244651904
201.79,electronics,27,CA,desktop,3,0,18,2,2,2,0,0,97.749972,104.04002799999999,2.0643483962906055
195.99,entertainment,64,FL,tablet,2,0,2,2,1,1,0,1,97.749972,98.24002800000001,2.0050133415382123
29.83,entertainment,69,NY,mobile,3,0,11,16,2,3,0,0,97.749972,-67.919972,0.3051663247006728
13.59,electronics,40,CA,mobile,6,0,11,9,7,5,1,0,97.749972,-84.159972,0.1390281713939706
162.09,grocery,36,FL,desktop,1,0,14,26,7,4,0,0,97.749972,64.340028,1.6582101766923252
111.33,fuel,37,NY,mobile,3,0,20,16,3,3,0,0,97.749972,13.580027999999999,1.1389261457903421
120.83,fuel,47,NY,desktop,2,0,10,10,8,3,0,0,97.749972,23.080028,1.2361128734020213
15.95,fuel,26,CA,desktop,3,0,23,26,11,5,1,1,97.749972,-81.799972,0.1631714005690825
102.58,electronics,60,TX,tablet,2,0,20,1,3,4,0,0,97.749972,4.830027999999999,1.0494120545690586
173.67,fuel,28,TX,tablet,4,0,13,12,6,2,0,0,97.749972,75.92002799999999,1.776675682560035
123.51,fashion,68,FL,desktop,2,0,19,14,5,5,1,0,97.749972,25.760028000000005,1.2635297607703688
20.39,fashion,69,FL,tablet,2,0,4,22,1,5,1,1,97.749972,-77.359972,0.20859340800022524
11.58,grocery,36,IL,tablet,4,0,9,16,7,5,1,0,97.749972,-86.169972,0.11846550586771007
21.67,grocery,58,TX,mobile,4,0,17,29,10,5,1,0,97.749972,-76.079972,0.22168804077316728
411.53,grocery,67,IL,mobile,2,0,8,23,2,2,0,0,97.749972,313.78002799999996,4.210026738319406
18.69,entertainment,27,TX,desktop,1,0,1,11,4,3,0,1,97.749972,-79.059972,0.1912020988486616
204.1,grocery,28,TX,desktop,5,0,6,8,12,6,1,0,97.749972,106.350028,2.0879801163730245
463.41,fuel,61,FL,tablet,3,0,18,27,8,6,1,0,97.749972,365.660028,4.740768572897713
10.28,grocery,35,IL,tablet,3,0,12,14,9,2,0,0,97.749972,-87.469972,0.1051662694576908
181.54,grocery,45,FL,tablet,4,0,15,15,1,0,0,0,97.749972,83.79002799999999,1.857187213749921
206.31,fuel,62,CA,tablet,0,0,23,21,9,2,0,1,97.749972,108.560028,2.1105888182700574
327.17,electronics,48,NY,mobile,4,0,12,3,6,5,1,0,97.749972,229.420028,3.3470085971276946
5.38,grocery,31,TX,tablet,1,0,16,31,7,6,1,0,97.749972,-92.369972,0.05503837837377203
10.2,entertainment,60,FL,desktop,1,0,23,3,11,6,1,1,97.749972,-87.549972,0.10434785490938192
44.07,electronics,59,CA,mobile,3,0,19,12,4,2,0,0,97.749972,-53.679972,0.4508441142996531
19.06,grocery,61,TX,desktop,4,0,12,7,2,2,0,0,97.749972,-78.689972,0.19498726613459014
180.15,grocery,50,TX,desktop,4,0,5,13,10,3,0,1,97.749972,82.400028,1.8429672609730543
58.5,grocery,47,NY,desktop,6,0,9,17,7,2,0,0,97.749972,-39.249972,0.5984656384508669
136.4,fashion,65,TX,mobile,2,0,23,1,1,5,1,1,97.749972,38.650028000000006,1.3953968048666368
112.43,fashion,57,TX,tablet,2,0,16,3,11,3,0,0,97.749972,14.680028000000007,1.1501793458295893
28.33,electronics,27,FL,mobile,0,0,2,20,6,3,0,1,97.749972,-69.419972,0.28982105191988133
245.82,grocery,37,FL,tablet,5,0,12,12,6,0,0,0,97.749972,148.07002799999998,2.5147833033161042
77.72,grocery,66,CA,desktop,4,0,9,10,4,2,0,0,97.749972,-20.029972,0.7950897336820748
16.08,electronics,34,TX,mobile,1,0,5,15,8,1,0,1,97.749972,-81.669972,0.16450132421008443
70.68,fuel,59,FL,desktop,2,0,3,27,7,2,0,1,97.749972,-27.069971999999993,0.7230692534308937
405.64,electronics,62,TX,desktop,4,0,3,8,11,1,0,1,97.749972,307.890028,4.149770967200165
277.34,fuel,28,TX,mobile,3,0,20,8,6,5,1,0,97.749972,179.59002799999996,2.837238635349802
130.38,fashion,61,FL,mobile,1,0,12,1,3,1,0,0,97.749972,32.630027999999996,1.3338111101063936
27.54,electronics,28,NY,desktop,6,1,21,3,2,3,0,0,97.749972,-70.209972,0.28173920825533116
108.43,electronics,42,CA,tablet,3,0,23,26,7,4,0,1,97.749972,10.680028000000007,1.1092586184141453
79.9,entertainment,65,CA,tablet,5,0,3,7,4,6,1,1,97.749972,-17.849971999999994,0.8173915301234917
40.09,grocery,61,IL,mobile,1,0,22,27,6,1,0,1,97.749972,-57.659971999999996,0.41012799052128646
47.72,electronics,54,NY,desktop,2,0,19,14,9,2,0,0,97.749972,-50.029972,0.4881842780662456
22.0,grocery,67,TX,mobile,4,0,10,22,11,2,0,0,97.749972,-75.749972,0.2250640007849414
139.83,entertainment,68,TX,tablet,5,0,1,25,11,5,1,1,97.749972,42.08002800000001,1.43048632862538
9.45,fuel,22,TX,desktop,6,0,1,7,2,2,0,1,97.749972,-88.299972,0.09667521851898618
45.2,grocery,21,TX,tablet,5,0,12,21,4,6,1,0,97.749972,-52.549972,0.462404219794516
223.78,fuel,46,TX,mobile,2,0,0,16,2,3,0,1,97.749972,126.030028,2.2893100952570085
38.11,fuel,49,CA,tablet,2,0,10,29,1,6,1,0,97.749972,-59.639972,0.3898722304506417
29.88,fashion,47,FL,tablet,4,0,0,10,2,4,0,1,97.749972,-67.869972,0.3056778337933658
56.38,electronics,19,NY,tablet,2,0,13,29,9,6,1,0,97.749972,-41.369972,0.5767776529206816
39.39,entertainment,45,IL,mobile,0,0,22,22,10,1,0,1,97.749972,-58.359972,0.4029668632235837
171.52,electronics,40,FL,desktop,2,0,2,19,10,5,1,1,97.749972,73.77002800000001,1.7546807915742342
15.9,fuel,22,IL,mobile,5,0,18,23,6,4,0,0,97.749972,-81.849972,0.16265989147638946
57.02,grocery,61,NY,mobile,5,0,0,15,4,5,1,1,97.749972,-40.729972,0.5833249693071527
0.92,fashion,41,IL,mobile,1,0,13,2,12,5,1,0,97.749972,-96.829972,0.009411767305552095
32.75,fashion,30,CA,desktop,3,0,21,20,11,0,0,0,97.749972,-64.999972,0.33503845571394686
33.95,fashion,63,FL,desktop,3,0,22,24,11,4,0,1,97.749972,-63.799972,0.34731467393858007
3.15,electronics,68,IL,tablet,2,0,21,22,10,1,0,0,97.749972,-94.599972,0.03222507283966206
107.5,fuel,55,TX,desktop,1,0,14,14,8,0,0,0,97.749972,9.750028,1.0997445492900546
50.3,fashion,41,IL,tablet,6,0,5,7,10,0,0,1,97.749972,-47.449972,0.5145781472492069
178.93,entertainment,54,NY,desktop,9,0,21,15,12,4,0,0,97.749972,81.18002800000001,1.830486439111344
272.37,electronics,46,CA,mobile,4,1,18,28,6,4,0,0,97.749972,174.620028,2.786394631536113
355.42,fashion,63,CA,tablet,2,0,8,19,8,5,1,0,97.749972,257.670028,3.636011234499267
0.92,entertainment,55,NY,tablet,3,0,9,5,8,4,0,0,97.749972,-96.829972,0.009411767305552095
11.61,electronics,52,NY,desktop,5,0,3,3,8,5,1,1,97.749972,-86.139972,0.11877241132332589
34.37,fashion,24,IL,tablet,3,0,21,12,12,3,0,0,97.749972,-63.379972,0.3516113503172016
92.58,fashion,39,IL,desktop,1,0,1,5,1,2,0,1,97.749972,-5.169972000000001,0.9471102360304489
173.73,grocery,21,FL,tablet,0,0,17,26,8,4,0,0,97.749972,75.98002799999999,1.7772894934712666
45.85,grocery,69,FL,tablet,3,0,5,6,10,6,1,1,97.749972,-51.899972,0.4690538379995256
139.6,electronics,43,CA,tablet,4,0,16,25,1,3,0,0,97.749972,41.850027999999995,1.4281333867989918
113.02,electronics,69,TX,mobile,2,0,2,26,10,3,0,1,97.749972,15.270027999999996,1.156215153123367
103.11,fuel,64,CA,mobile,3,0,13,22,5,6,1,0,97.749972,5.360028,1.054834050951605
300.64,fuel,37,TX,desktop,4,0,19,16,10,2,0,0,97.749972,202.89002799999997,3.075601872544763
67.13,fashion,46,NY,mobile,1,0,12,17,11,3,0,0,97.749972,-30.619972000000004,0.6867521078496871
169.99,fuel,47,IL,tablet,3,0,12,21,3,0,0,0,97.749972,72.24002800000001,1.7390286133378268
184.54,fashion,34,CA,desktop,4,0,0,14,7,3,0,1,97.749972,86.79002799999999,1.887877759311504
11.87,grocery,53,CA,mobile,1,0,3,26,4,4,0,1,97.749972,-85.879972,0.12143225860532973
30.48,entertainment,42,NY,desktop,4,0,15,2,5,3,0,0,97.749972,-67.269972,0.31181594290568243
37.01,fashion,21,FL,mobile,7,0,23,26,9,0,0,1,97.749972,-60.739972,0.37861903041139455
107.49,fuel,31,CA,tablet,4,0,10,25,7,3,0,0,97.749972,9.740027999999995,1.099642247471516
147.61,fuel,29,NY,desktop,2,0,13,13,5,0,0,0,97.749972,49.860028000000014,1.5100771434484184
165.9,electronics,49,TX,tablet,3,0,18,3,12,6,1,0,97.749972,68.150028,1.6971871695555354
268.14,grocery,22,IL,mobile,5,0,5,24,5,1,0,1,97.749972,170.39002799999997,2.743120962294281
94.22,entertainment,32,CA,tablet,3,0,21,9,1,6,1,0,97.749972,-3.5299720000000008,0.9638877342707809
146.87,entertainment,23,TX,mobile,4,0,22,12,1,2,0,1,97.749972,49.120028000000005,1.5025068088765612
22.2,grocery,27,FL,tablet,4,0,8,23,2,3,0,0,97.749972,-75.549972,0.2271100371557136
162.87,fuel,45,FL,mobile,2,0,17,28,11,3,0,0,97.749972,65.120028,1.6661897185383368
303.26,grocery,25,TX,tablet,4,0,10,26,9,3,0,0,97.749972,205.51002799999998,3.1024049490018784
47.3,fuel,23,TX,desktop,2,0,19,25,1,3,0,0,97.749972,-50.449972,0.48388760168762396
2.57,grocery,23,FL,tablet,1,0,11,26,3,1,0,0,97.749972,-95.179972,0.0262915673644227
373.3,grocery,22,FL,tablet,3,0,2,30,10,0,0,1,97.749972,275.550028,3.818926886046301
92.37,grocery,32,FL,tablet,4,0,20,22,9,6,1,0,97.749972,-5.379971999999995,0.944961897841138
214.86,fuel,42,IL,mobile,3,0,3,19,11,5,1,1,97.749972,117.11002800000001,2.1980568731205685
93.14,fashion,48,CA,desktop,2,0,15,12,8,4,0,0,97.749972,-4.609971999999999,0.952839137868611
169.25,fashion,21,CA,tablet,1,0,18,29,10,5,1,0,97.749972,71.500028,1.7314582787659696
33.83,grocery,19,TX,mobile,3,0,23,20,4,2,0,1,97.749972,-63.919972,0.3460870521161167
19.73,grocery,52,CA,mobile,5,0,19,4,9,0,0,0,97.749972,-78.019972,0.201841487976677
21.96,fuel,31,IL,mobile,3,0,19,19,10,3,0,0,97.749972,-75.789972,0.22465479351078696
455.69,fashion,32,CA,mobile,2,0,5,21,1,6,1,1,97.749972,357.940028,4.661791568985906
90.65,electronics,59,TX,desktop,1,0,5,26,5,6,1,1,97.749972,-7.099971999999994,0.9273659850524972
0.76,entertainment,19,IL,tablet,3,0,20,25,2,5,1,0,97.749972,-96.989972,0.00777493820893434
61.25,fashion,66,NY,tablet,2,0,6,6,5,5,1,0,97.749972,-36.499972,0.6265986385489846
86.33,grocery,38,NY,desktop,2,0,12,23,9,0,0,0,97.749972,-11.419972000000001,0.8831715994438177
16.11,fuel,65,FL,desktop,4,0,11,10,1,0,0,0,97.749972,-81.639972,0.16480822966570027
19.54,entertainment,24,CA,mobile,4,0,2,3,8,2,0,1,97.749972,-78.209972,0.1998977534244434
148.67,electronics,40,TX,tablet,2,0,11,5,9,0,0,0,97.749972,50.92002799999999,1.5209211362135107
158.17,fashion,21,IL,mobile,3,0,23,28,7,3,0,1,97.749972,60.42002799999999,1.61810786382519
139.73,grocery,46,NY,mobile,5,0,5,10,7,2,0,1,97.749972,41.98002799999999,1.4294633104399936
16.48,electronics,42,FL,desktop,2,0,0,28,6,4,0,1,97.749972,-81.269972,0.16859339695162884
75.43,fuel,58,FL,mobile,3,0,15,17,12,1,0,0,97.749972,-22.319971999999993,0.7716626172367332
47.51,grocery,58,TX,mobile,0,0,19,5,4,2,0,0,97.749972,-50.239972,0.4860359398769348
49.3,fuel,20,IL,tablet,6,0,16,10,4,0,0,0,97.749972,-48.449972,0.5043479653953459
159.86,entertainment,45,TX,mobile,2,0,15,21,12,5,1,0,97.749972,62.110028000000014,1.6353968711582152
52.17,fashion,25,CA,desktop,3,0,20,5,4,4,0,0,97.749972,-45.579972,0.533708587315927
147.85,fashion,18,CA,mobile,3,0,6,19,11,5,1,0,97.749972,50.100027999999995,1.5125323870933447
94.19,fashion,47,NY,mobile,7,0,7,24,9,6,1,0,97.749972,-3.559972000000002,0.963580828815165
177.3,entertainment,44,FL,mobile,2,0,2,17,11,4,0,1,97.749972,79.55002800000001,1.8138112426895505
282.18,fashion,42,NY,tablet,4,0,12,6,5,0,0,0,97.749972,184.430028,2.8867527155224892
571.29,entertainment,24,FL,desktop,3,0,14,22,3,4,0,0,97.749972,473.54002799999995,5.844400591292235
62.87,fashion,61,IL,mobile,1,0,18,10,9,1,0,0,97.749972,-34.879972,0.6431715331522393
48.51,grocery,29,IL,tablet,3,0,20,4,1,1,0,0,97.749972,-49.239972,0.49626612173079576
54.07,fuel,68,NY,mobile,0,0,23,18,2,6,1,1,97.749972,-43.679972,0.5531459328382627
14.99,entertainment,37,NY,mobile,1,0,19,13,11,6,1,0,97.749972,-82.759972,0.15335042598937598
29.68,fashion,20,FL,desktop,2,0,10,17,11,4,0,0,97.749972,-68.069972,0.30363179742259366
4.3,entertainment,48,FL,desktop,1,0,8,28,4,3,0,0,97.749972,-93.449972,0.04398978197160218
14.96,entertainment,30,TX,desktop,2,0,12,28,3,1,0,0,97.749972,-82.789972,0.15304352053376016
103.82,fuel,24,NY,mobile,4,0,8,17,7,0,0,0,97.749972,6.0700279999999935,1.0620974800678462
52.85,fashion,48,TX,tablet,3,0,8,3,8,5,1,0,97.749972,-44.899972,0.5406651109765525
81.09,electronics,33,TX,tablet,4,0,1,4,6,1,0,1,97.749972,-16.659971999999996,0.8295654465295863
152.31,electronics,24,TX,tablet,2,0,5,21,2,2,0,1,97.749972,54.560028,1.5581589981615647
90.07,fashion,55,TX,mobile,3,0,17,2,2,4,0,0,97.749972,-7.6799720000000065,0.9214324795772577
173.51,electronics,41,IL,desktop,2,0,17,9,10,0,0,0,97.749972,75.76002799999999,1.7750388534634174
18.12,electronics,28,NY,desktop,1,0,19,13,8,5,1,0,97.749972,-79.629972,0.18537089519196084
89.38,grocery,21,IL,mobile,5,0,18,15,10,1,0,0,97.749972,-8.369972000000004,0.9143736540980937
76.03,grocery,34,IL,tablet,3,0,20,5,6,0,0,0,97.749972,-21.719972,0.7778007263490497
45.68,entertainment,64,FL,tablet,3,0,23,26,12,0,0,1,97.749972,-52.069972,0.46731470708436923
48.31,grocery,27,IL,desktop,2,0,17,12,2,0,0,0,97.749972,-49.439972,0.4942200853600236
132.65,entertainment,23,CA,tablet,3,0,5,3,2,3,0,1,97.749972,34.900028000000006,1.357033622914658
32.03,entertainment,34,NY,mobile,1,0,6,5,7,2,0,0,97.749972,-65.719972,0.327672724779167
56.27,electronics,37,CA,desktop,5,0,2,22,3,2,0,1,97.749972,-41.479972,0.575652332916757
54.78,grocery,18,TX,desktop,4,0,10,21,2,1,0,0,97.749972,-42.969972,0.5604093619545041
85.92,entertainment,32,TX,mobile,4,0,8,28,11,3,0,0,97.749972,-11.829971999999998,0.8789772248837348
247.47,electronics,53,TX,tablet,7,0,5,31,10,0,0,1,97.749972,149.720028,2.531663103374975
56.65,electronics,30,TX,tablet,2,0,15,30,9,0,0,0,97.749972,-41.099972,0.5795398020212241
48.12,entertainment,43,IL,desktop,6,0,15,27,3,0,0,0,97.749972,-49.629972,0.49227635080779
24.58,electronics,30,FL,mobile,3,0,4,4,4,3,0,1,97.749972,-73.169972,0.2514578699679027
64.3,fashion,54,IL,mobile,5,0,1,3,10,0,0,1,97.749972,-33.449972,0.6578006932032605
187.77,fashion,54,IL,desktop,4,0,13,1,7,0,0,0,97.749972,90.02002800000001,1.920921246699475
2.06,entertainment,27,TX,tablet,2,0,4,9,3,5,1,1,97.749972,-95.689972,0.021074174618953605
348.91,fuel,21,CA,desktop,2,0,5,7,3,1,0,1,97.749972,251.160028,3.569412750630632
68.77,fuel,30,CA,desktop,2,0,13,17,1,2,0,0,97.749972,-28.979972000000004,0.703529606090019
283.23,fuel,19,FL,tablet,1,0,5,29,11,1,0,1,97.749972,185.480028,2.8974944064690433
178.46,fashion,35,TX,desktop,3,0,9,27,8,1,0,0,97.749972,80.71002800000001,1.8256782536400293
153.33,entertainment,51,IL,desktop,1,0,20,7,2,2,0,0,97.749972,55.58002800000001,1.568593783652503
193.42,electronics,53,IL,desktop,3,0,17,30,8,2,0,0,97.749972,95.67002799999999,1.9787217741737892
148.2,grocery,43,FL,tablet,0,0,9,6,7,5,1,0,97.749972,50.45002799999999,1.516112950742196
227.41,fashion,21,IL,tablet,1,0,10,10,9,6,1,0,97.749972,129.660028,2.326445655386524
31.55,fuel,58,TX,tablet,2,0,19,29,9,6,1,0,97.749972,-66.199972,0.3227622374893137
20.69,electronics,69,TX,mobile,4,0,3,27,10,4,0,1,97.749972,-77.059972,0.21166246255638355
3.0,fuel,59,TX,mobile,3,0,2,27,9,4,0,1,97.749972,-94.749972,0.03069054556158292
83.48,electronics,49,NY,mobile,2,0,8,24,12,1,0,0,97.749972,-14.269971999999996,0.8540155811603141
37.25,fuel,33,TX,tablet,3,0,2,21,4,4,0,1,97.749972,-60.499972,0.3810742740563212
379.15,entertainment,43,FL,tablet,6,0,23,3,11,4,0,1,97.749972,281.40002799999996,3.8787734498913875
51.22,fashion,33,TX,tablet,6,0,13,7,1,6,1,0,97.749972,-46.529972,0.523989914554759
100.47,electronics,38,CA,tablet,0,0,23,5,4,1,0,1,97.749972,2.7200279999999992,1.027826370857412
78.55,grocery,64,FL,tablet,1,0,22,21,1,5,1,1,97.749972,-19.199972000000002,0.8035807846207794
47.54,grocery,48,TX,tablet,1,0,8,19,11,1,0,0,97.749972,-50.209972,0.4863428453325506
33.88,fuel,66,CA,mobile,3,0,7,25,8,4,0,0,97.749972,-63.869972,0.3465985612088098
37.71,grocery,57,IL,mobile,4,0,17,11,6,1,0,0,97.749972,-60.039972,0.3857801577090973
236.19,grocery,64,TX,mobile,7,0,8,11,9,6,1,0,97.749972,138.44002799999998,2.416266652063423
83.57,fashion,46,NY,mobile,1,0,18,18,12,6,1,0,97.749972,-14.179972000000006,0.8549362975271614
23.12,entertainment,62,FL,desktop,4,0,10,29,8,3,0,0,97.749972,-74.629972,0.2365218044612657
330.29,entertainment,48,TX,mobile,1,0,20,3,3,3,0,0,97.749972,232.540028,3.378926764511741
119.41,fuel,60,FL,mobile,2,0,5,25,5,3,0,1,97.749972,21.660027999999997,1.2215860151695388
16.98,entertainment,34,TX,tablet,4,0,20,18,4,0,0,0,97.749972,-80.769972,0.17370848787855933
129.89,fuel,36,TX,desktop,4,0,20,22,9,3,0,0,97.749972,32.14002799999999,1.3287983209980017
75.46,entertainment,22,CA,mobile,2,0,19,27,11,0,0,0,97.749972,-22.289972000000006,0.771969522692349
37.97,fuel,38,TX,tablet,8,0,19,27,11,2,0,0,97.749972,-59.779972,0.3884400049911011
1.19,fuel,18,IL,mobile,3,0,9,6,8,1,0,0,97.749972,-96.559972,0.012173916406094557
92.25,fuel,21,NY,mobile,3,0,11,11,11,5,1,0,97.749972,-5.499972,0.9437342760186748
48.86,fashion,58,TX,desktop,2,0,17,5,6,0,0,0,97.749972,-48.889972,0.4998466853796471
348.36,entertainment,69,IL,desktop,5,0,9,8,12,6,1,0,97.749972,250.610028,3.5637861506110085
433.41,entertainment,45,FL,mobile,2,0,8,2,11,5,1,0,97.749972,335.660028,4.433863117281884
65.51,fashion,56,CA,mobile,0,0,14,16,2,2,0,0,97.749972,-32.239971999999995,0.6701792132464324
1.84,fashion,66,FL,desktop,2,0,23,21,11,3,0,1,97.749972,-95.909972,0.01882353461110419
18.73,fuel,54,FL,tablet,8,0,15,14,7,6,1,0,97.749972,-79.019972,0.19161130612281602
284.2,entertainment,59,CA,desktop,0,0,8,6,3,2,0,0,97.749972,186.45002799999997,2.907417682867288
39.2,fashion,31,NY,tablet,3,0,2,11,3,0,0,1,97.749972,-58.549972,0.40102312867135015
7.81,fashion,40,TX,desktop,6,0,23,31,10,1,0,1,97.749972,-89.939972,0.07989772027865419
361.48,fashion,19,CA,mobile,4,0,15,24,8,5,1,0,97.749972,263.730028,3.6980061365336647
234.46,fuel,33,NY,mobile,9,0,21,31,12,5,1,0,97.749972,136.71002800000002,2.3985684374562437
40.38,fashion,63,TX,tablet,3,0,12,8,1,0,0,0,97.749972,-57.369972,0.4130947432589061
194.13,grocery,59,FL,desktop,1,0,21,8,12,4,0,0,97.749972,96.380028,1.9859852032900307
17.64,electronics,32,CA,desktop,1,0,16,10,12,6,1,0,97.749972,-80.109972,0.18046040790210757
101.17,entertainment,51,NY,mobile,5,0,14,30,1,1,0,0,97.749972,3.420028000000002,1.0349874981551146
95.1,entertainment,65,NY,tablet,1,0,9,19,7,1,0,0,97.749972,-2.6499720000000053,0.9728902943021784
196.71,fashion,60,CA,tablet,1,0,17,24,3,6,1,0,97.749972,98.96002800000001,2.012379072472992
107.79,fuel,63,TX,mobile,6,0,5,13,4,2,0,1,97.749972,10.040028000000007,1.1027113020276744
28.29,grocery,64,TX,tablet,2,0,13,8,5,2,0,0,97.749972,-69.459972,0.2894118446457269
8.71,entertainment,58,FL,mobile,2,0,4,7,7,6,1,1,97.749972,-89.039972,0.08910488394712908
68.29,electronics,39,TX,tablet,3,0,9,27,1,5,1,0,97.749972,-29.459971999999993,0.6986191188001659
29.73,fashion,42,TX,tablet,6,0,20,12,1,2,0,0,97.749972,-68.019972,0.3041433065152867
26.08,fuel,63,CA,mobile,1,0,18,26,7,2,0,0,97.749972,-71.669972,0.26680314274869416
238.49,fashion,48,FL,desktop,2,0,2,4,1,3,0,1,97.749972,140.740028,2.4397960703273034
72.48,electronics,45,FL,tablet,5,0,12,29,5,0,0,0,97.749972,-25.269971999999996,0.7414835807678434
201.44,fuel,47,FL,tablet,1,0,8,14,6,1,0,0,97.749972,103.690028,2.0607678326417544
53.25,fashion,62,IL,tablet,3,0,4,10,8,2,0,1,97.749972,-44.499972,0.5447571837180968
186.35,fuel,68,TX,tablet,3,1,8,10,2,4,0,0,97.749972,88.600028,1.9063943884669923
35.61,grocery,60,NY,mobile,2,0,21,16,5,0,0,0,97.749972,-62.139972,0.36429677581598924
97.4,entertainment,65,NY,desktop,3,0,13,2,7,6,1,0,97.749972,-0.34997199999999395,0.9964197125660588
95.43,electronics,67,IL,mobile,4,0,13,8,4,5,1,0,97.749972,-2.319971999999993,0.9762662543139526
253.82,fuel,67,CA,mobile,3,0,9,1,7,5,1,0,97.749972,156.07002799999998,2.596624758146992
335.32,electronics,45,CA,tablet,3,0,12,2,9,5,1,0,97.749972,237.57002799999998,3.4303845792366614
43.82,electronics,57,IL,tablet,4,1,0,15,6,2,0,1,97.749972,-53.929972,0.44828656883618784
77.79,grocery,49,CA,tablet,0,0,11,13,12,4,0,0,97.749972,-19.959971999999993,0.7958058464118452
373.03,fuel,46,FL,mobile,2,0,9,13,6,0,0,0,97.749972,275.28002799999996,3.8161647369457583
15.6,electronics,53,TX,desktop,4,0,17,30,10,0,0,0,97.749972,-82.149972,0.15959083692023118
81.37,fashion,54,TX,tablet,5,0,16,18,2,6,1,0,97.749972,-16.379971999999995,0.8324298974486674
495.68,grocery,59,TX,tablet,1,0,1,13,2,1,0,1,97.749972,397.930028,5.070896541321807
32.66,grocery,57,IL,tablet,5,0,11,12,8,0,0,0,97.749972,-65.089972,0.3341177393470993
37.93,grocery,34,NY,desktop,5,0,10,6,10,4,0,0,97.749972,-59.819972,0.3880307977169467
43.93,entertainment,47,FL,tablet,2,0,19,13,10,3,0,0,97.749972,-53.819972,0.4494118888401125
54.19,fashion,35,NY,desktop,0,0,14,27,12,1,0,0,97.749972,-43.559972,0.5543735546607261
18.65,fashion,42,CA,mobile,3,1,16,6,7,2,0,0,97.749972,-79.09997200000001,0.19079289157450713
24.29,electronics,20,FL,tablet,4,0,7,8,4,5,1,0,97.749972,-73.459972,0.24849111723028303
42.24,electronics,53,FL,desktop,3,0,3,23,9,5,1,1,97.749972,-55.509972,0.4321228815070875
261.88,fashion,20,CA,tablet,6,0,17,27,3,6,1,0,97.749972,164.13002799999998,2.6790800238891115
72.9,entertainment,66,CA,desktop,10,0,21,22,12,6,1,0,97.749972,-24.849971999999994,0.745780257146465
10.82,grocery,58,TX,tablet,0,0,7,4,2,5,1,0,97.749972,-86.92997199999999,0.11069056765877573
32.22,electronics,59,IL,tablet,2,0,9,6,12,1,0,0,97.749972,-65.529972,0.32961645933140055
213.47,grocery,64,FL,mobile,0,0,16,25,6,5,1,0,97.749972,115.720028,2.183836920343702
111.71,fuel,29,IL,desktop,1,0,18,20,6,1,0,0,97.749972,13.960027999999994,1.1428136148948091
38.79,entertainment,66,NY,mobile,3,0,20,9,8,2,0,0,97.749972,-58.959972,0.3968287541112671
348.42,entertainment,62,IL,mobile,3,0,6,19,5,6,1,0,97.749972,250.670028,3.5643999615222404
131.26,fashion,50,TX,tablet,4,0,1,26,2,6,1,1,97.749972,33.51002799999999,1.3428136701377913
51.58,fashion,36,NY,tablet,2,0,3,19,12,0,0,1,97.749972,-46.169972,0.5276727800221489
71.11,grocery,28,IL,tablet,2,0,1,10,7,0,0,1,97.749972,-26.639972,0.7274682316280537
155.4,fuel,51,FL,desktop,3,0,11,22,5,6,1,0,97.749972,57.650028000000006,1.5897702600899952
66.8,grocery,32,NY,desktop,3,0,4,21,8,2,0,1,97.749972,-30.949972000000002,0.6833761478379129
29.94,grocery,53,NY,tablet,7,0,16,12,6,0,0,0,97.749972,-67.809972,0.3062916447045975
4.87,grocery,57,NY,mobile,2,0,15,1,12,3,0,0,97.749972,-92.879972,0.049820985628302936
100.53,fashion,48,FL,mobile,3,0,17,14,8,2,0,0,97.749972,2.7800280000000015,1.0284401817686435
255.5,grocery,50,FL,mobile,6,0,14,29,6,3,0,0,97.749972,157.750028,2.6138114636614787
32.42,grocery,36,CA,mobile,6,0,9,16,3,2,0,0,97.749972,-65.329972,0.33166249570217277
66.2,fuel,63,NY,tablet,5,0,13,21,1,6,1,0,97.749972,-31.549971999999997,0.6772380387255964
38.57,grocery,49,IL,desktop,1,0,9,12,6,0,0,0,97.749972,-59.179972,0.3945781141034177
28.9,fashion,22,FL,mobile,4,0,15,14,2,2,0,0,97.749972,-68.84997200000001,0.2956522555765821
3.4,fashion,24,IL,desktop,3,0,4,10,7,2,0,1,97.749972,-94.349972,0.03478261830312731
9.46,entertainment,35,NY,mobile,2,0,9,23,3,3,0,0,97.749972,-88.289972,0.0967775203375248
4.6,entertainment,46,CA,tablet,3,0,12,16,2,2,0,0,97.749972,-93.149972,0.047058836527760474
24.34,fuel,19,CA,mobile,2,0,23,28,9,5,1,1,97.749972,-73.409972,0.24900262632297607
50.86,grocery,30,IL,mobile,1,0,17,15,7,4,0,0,97.749972,-46.889972,0.520307049087369
66.47,fashion,43,FL,desktop,6,0,22,17,12,5,1,1,97.749972,-31.279972,0.6800001878261388
57.01,fashion,46,FL,mobile,5,0,20,22,8,3,0,0,97.749972,-40.739972,0.5832226674886141
24.96,grocery,69,CA,tablet,3,0,0,13,6,1,0,1,97.749972,-72.789972,0.2553453390723699
8.72,grocery,20,NY,tablet,1,0,12,19,8,0,0,0,97.749972,-89.029972,0.08920718576566769
217.67,fuel,43,IL,tablet,2,0,12,25,2,5,1,0,97.749972,119.92002799999999,2.226803684129918
26.71,entertainment,48,FL,mobile,1,0,22,5,12,0,0,1,97.749972,-71.039972,0.2732481573166266
11.32,entertainment,30,IL,mobile,4,0,14,6,6,0,0,0,97.749972,-86.42997199999999,0.11580565858570621
8.47,electronics,44,CA,tablet,6,0,20,13,3,6,1,0,97.749972,-89.279972,0.08664964030220244
48.5,fashion,37,CA,tablet,3,0,8,14,11,1,0,0,97.749972,-49.249972,0.49616381991225716
17.43,fashion,23,TX,desktop,4,0,18,19,10,5,1,0,97.749972,-80.319972,0.17831206971279676
44.14,electronics,45,CA,mobile,0,0,2,8,2,2,0,1,97.749972,-53.609972,0.45156022702942333
29.21,fuel,53,NY,desktop,3,0,23,8,6,5,1,1,97.749972,-68.539972,0.29882361195127904
95.79,fuel,26,FL,desktop,5,0,13,30,6,4,0,0,97.749972,-1.9599719999999934,0.9799491197813427
70.31,grocery,61,NY,tablet,3,0,3,20,10,3,0,1,97.749972,-27.439971999999997,0.719284086144965
26.13,grocery,63,IL,desktop,3,0,1,8,1,5,1,1,97.749972,-71.619972,0.2673146518413872
52.04,electronics,23,TX,tablet,4,0,9,13,7,2,0,0,97.749972,-45.709972,0.532378663674925
34.59,grocery,33,IL,mobile,2,0,19,31,10,3,0,0,97.749972,-63.159971999999996,0.35386199032505106
123.67,fuel,54,FL,mobile,2,0,11,11,3,5,1,0,97.749972,25.920028000000002,1.2651665898669866
35.36,fashion,57,IL,mobile,2,0,6,25,6,1,0,0,97.749972,-62.389972,0.361739230352524
141.99,electronics,26,CA,tablet,1,0,21,23,3,2,0,0,97.749972,44.24002800000001,1.4525835214297196
130.51,fashion,58,NY,mobile,2,0,22,25,12,2,0,1,97.749972,32.76002799999999,1.3351410337473955
93.9,fuel,61,FL,mobile,3,0,7,1,3,1,0,0,97.749972,-3.849971999999994,0.9606140760775453
4.83,grocery,66,NY,tablet,3,0,3,15,8,0,0,1,97.749972,-92.919972,0.0494117783541485
97.45,grocery,20,CA,mobile,3,0,22,8,2,1,0,1,97.749972,-0.2999719999999968,0.9969312216587518
222.64,entertainment,65,TX,mobile,0,0,9,16,8,4,0,0,97.749972,124.89002799999999,2.277647687943607
5.06,fashion,47,CA,tablet,1,0,11,21,3,1,0,0,97.749972,-92.689972,0.051764720180536516
123.41,electronics,41,CA,desktop,2,0,5,14,8,0,0,1,97.749972,25.660027999999997,1.2625067425849825
127.62,fuel,65,FL,tablet,1,0,6,25,2,5,1,0,97.749972,29.870028000000005,1.3055758081897373
6.57,entertainment,63,FL,tablet,3,0,1,16,2,3,0,1,97.749972,-91.17997199999999,0.0672122947798666
64.98,grocery,40,IL,desktop,3,0,0,17,7,0,0,1,97.749972,-32.769971999999996,0.664757216863886
253.44,fashion,23,FL,tablet,1,0,8,27,3,0,0,0,97.749972,155.69002799999998,2.592737289042525
10.53,grocery,46,FL,desktop,3,0,19,7,8,2,0,0,97.749972,-87.219972,0.10772381492115604
17.36,grocery,30,IL,desktop,1,0,0,25,7,0,0,1,97.749972,-80.389972,0.1775959569830265
4.63,fuel,48,NY,tablet,3,0,21,15,7,5,1,0,97.749972,-93.119972,0.0473657419833763
199.09,grocery,48,FL,desktop,6,0,17,21,7,6,1,0,97.749972,101.340028,2.0367269052851813
389.88,grocery,32,CA,desktop,4,0,22,1,12,4,0,1,97.749972,292.130028,3.988543301183316
53.3,electronics,28,IL,mobile,4,0,16,15,8,1,0,0,97.749972,-44.449972,0.5452686928107898
17.52,fashion,35,IL,mobile,3,0,15,26,10,5,1,0,97.749972,-80.229972,0.17923278607964424
8.8,fuel,58,TX,desktop,3,0,14,20,1,4,0,0,97.749972,-88.949972,0.09002560031397656
172.49,fashion,46,TX,tablet,2,0,1,28,7,3,0,1,97.749972,74.74002800000001,1.7646040679724793
78.66,fashion,58,CA,desktop,2,0,7,23,11,3,0,0,97.749972,-19.089972000000003,0.804706104624704
1.51,fuel,64,TX,mobile,2,0,7,16,2,4,0,0,97.749972,-96.239972,0.015447574599330069
101.59,fashion,54,CA,tablet,4,0,19,9,5,1,0,0,97.749972,3.8400280000000038,1.0392841745337362
68.94,fashion,18,NY,mobile,1,0,11,28,11,0,0,0,97.749972,-28.809972000000002,0.7052687370051755
111.77,entertainment,32,IL,desktop,5,0,9,6,12,4,0,0,97.749972,14.020027999999996,1.1434274258060408
29.92,electronics,57,FL,desktop,3,0,20,3,3,4,0,0,97.749972,-67.829972,0.3060870410675203
264.17,fashion,31,IL,mobile,5,0,9,3,6,4,0,0,97.749972,166.420028,2.702507140334453
2.4,fuel,28,TX,mobile,3,0,6,1,2,2,0,0,97.749972,-95.349972,0.024552436449266333
71.65,entertainment,34,TX,tablet,2,0,13,2,8,2,0,0,97.749972,-26.099971999999994,0.7329925298291388
193.9,electronics,35,FL,desktop,3,0,5,13,3,0,0,1,97.749972,96.150028,1.9836322614636426
15.24,entertainment,67,FL,tablet,1,0,5,8,4,4,0,1,97.749972,-82.509972,0.15590797145284122
101.16,electronics,50,FL,mobile,4,0,21,10,4,6,1,0,97.749972,3.410027999999997,1.034885196336576
98.26,fuel,19,TX,mobile,4,0,20,9,2,2,0,0,97.749972,0.5100280000000055,1.0052176689603793
61.68,grocery,21,CA,tablet,3,0,2,21,10,5,1,1,97.749972,-36.069972,0.6309976167461447
21.88,electronics,41,IL,tablet,5,0,18,18,2,4,0,0,97.749972,-75.869972,0.22383637896247807
2.91,fuel,62,CA,mobile,6,0,2,20,4,2,0,1,97.749972,-94.839972,0.029769829194735434
68.59,electronics,39,FL,tablet,3,0,13,11,11,4,0,0,97.749972,-29.159971999999996,0.7016881733563242
30.27,entertainment,54,IL,desktop,5,0,16,1,5,6,1,0,97.749972,-67.479972,0.3096676047163716
77.0,fashion,52,IL,desktop,3,0,8,27,10,4,0,0,97.749972,-20.749972,0.7877240027472949
11.2,fuel,58,IL,tablet,1,0,2,13,2,6,1,1,97.749972,-86.549972,0.1145780367632429
186.29,fashion,58,NY,mobile,6,0,4,2,1,6,1,1,97.749972,88.54002799999999,1.9057805775557606
17.23,entertainment,32,IL,mobile,4,0,3,17,8,5,1,1,97.749972,-80.519972,0.17626603334202456
117.82,grocery,26,FL,mobile,4,0,14,7,7,4,0,0,97.749972,20.070027999999994,1.2053200260218997
8.4,electronics,26,TX,mobile,1,0,10,9,6,3,0,0,97.749972,-89.349972,0.08593352757243218
8.15,grocery,44,IL,mobile,6,0,5,23,6,6,1,1,97.749972,-89.599972,0.08337598210896693
172.7,grocery,29,NY,desktop,5,0,18,8,2,2,0,0,97.749972,74.95002799999999,1.7667524061617899
38.02,grocery,36,FL,mobile,2,0,4,21,2,1,0,1,97.749972,-59.729972,0.3889515140837942
72.87,entertainment,57,IL,mobile,2,0,17,26,11,5,1,0,97.749972,-24.879971999999995,0.7454733516908492
40.36,entertainment,52,CA,tablet,3,0,3,31,10,0,0,1,97.749972,-57.389972,0.41289013962182886
80.11,grocery,49,IL,tablet,3,0,6,18,4,0,0,0,97.749972,-17.639972,0.8195398683128026
199.68,fuel,29,FL,tablet,2,0,6,14,5,1,0,0,97.749972,101.93002800000001,2.042762712578959
94.54,electronics,63,FL,desktop,2,0,23,22,12,3,0,1,97.749972,-3.2099719999999934,0.9671613924640164
357.75,electronics,49,TX,tablet,1,0,18,11,5,3,0,0,97.749972,260.000028,3.659847558218763
138.23,fashion,63,IL,desktop,5,0,23,27,10,3,0,1,97.749972,40.48002799999999,1.4141180376592022
49.44,electronics,61,CA,tablet,4,0,23,22,2,3,0,1,97.749972,-48.309972,0.5057801908548865
2.79,grocery,28,IL,desktop,1,0,6,11,10,4,0,0,97.749972,-94.959972,0.028542207372272116
71.29,grocery,63,CA,tablet,3,0,9,30,1,1,0,0,97.749972,-26.459971999999993,0.7293096643617488
82.25,entertainment,30,TX,tablet,0,0,10,26,8,4,0,0,97.749972,-15.499972,0.841432457480065
2.69,grocery,41,CA,mobile,3,0,22,9,3,5,1,1,97.749972,-95.059972,0.027519189186886017
102.95,fuel,66,CA,tablet,4,1,3,26,6,0,0,1,97.749972,5.200028000000003,1.0531972218549872
19.92,grocery,19,CA,desktop,1,0,5,6,4,3,0,1,97.749972,-77.829972,0.2037852225289106
231.53,entertainment,62,TX,desktop,5,0,23,4,5,2,0,1,97.749972,133.78002800000002,2.368594004624431
165.15,electronics,52,CA,tablet,4,0,10,11,9,2,0,0,97.749972,67.400028,1.6895145331651398
3.68,fuel,43,IL,desktop,5,0,19,31,1,0,0,0,97.749972,-94.06997199999999,0.03764706922220838
4.47,grocery,34,FL,tablet,3,0,10,13,4,3,0,0,97.749972,-93.279972,0.045728912886758545
31.74,fashion,26,IL,desktop,3,0,10,20,9,4,0,0,97.749972,-66.009972,0.3247059720415473
23.32,electronics,64,NY,tablet,1,0,3,15,12,4,0,1,97.749972,-74.42997199999999,0.2385678408320379
58.58,fashion,27,FL,tablet,3,0,0,21,6,4,0,1,97.749972,-39.169972,0.5992840529991758
157.11,electronics,65,NY,desktop,1,0,7,18,4,1,0,0,97.749972,59.360028000000014,1.6072638710600975
20.82,electronics,32,IL,tablet,7,0,2,6,5,5,1,1,97.749972,-76.92997199999999,0.21299238619738545
21.29,grocery,32,NY,desktop,3,0,20,26,2,6,1,0,97.749972,-76.459972,0.2178005716687001
80.78,fuel,52,IL,mobile,1,0,13,3,2,5,1,0,97.749972,-16.969972,0.8263940901548894
11.42,electronics,55,NY,tablet,0,0,7,15,6,2,0,0,97.749972,-86.329972,0.11682867677109231
163.99,entertainment,35,TX,tablet,2,0,8,20,3,2,0,0,97.749972,66.24002800000001,1.677647522214661
12.53,entertainment,52,IL,mobile,1,0,8,4,3,4,0,0,97.749972,-85.219972,0.128184178628878
56.02,electronics,30,TX,desktop,4,0,0,16,3,3,0,1,97.749972,-41.729972,0.5730947874532917
86.04,entertainment,27,IL,mobile,4,0,1,6,7,3,0,1,97.749972,-11.709971999999993,0.8802048467061981
15.89,fashion,38,TX,mobile,4,0,1,31,3,6,1,1,97.749972,-81.859972,0.16255758965785086
300.79,fashion,55,CA,desktop,2,0,4,16,12,4,0,1,97.749972,203.040028,3.0771363998228423
341.77,fuel,31,TX,desktop,2,0,7,1,5,6,1,0,97.749972,244.02002799999997,3.4963692521940644
99.0,entertainment,47,FL,desktop,6,0,9,3,3,6,1,0,97.749972,1.2500280000000004,1.0127880035322363
10.87,fuel,50,CA,mobile,3,1,0,30,7,5,1,1,97.749972,-86.879972,0.11120207675146876
62.77,entertainment,49,NY,tablet,3,0,15,7,2,2,0,0,97.749972,-34.979972,0.6421485149668533
194.46,entertainment,55,NY,desktop,2,0,3,18,5,3,0,1,97.749972,96.71002800000001,1.989361163301805
171.76,fuel,54,FL,desktop,3,0,23,6,7,2,0,1,97.749972,74.01002799999999,1.7571360352191605
30.58,fuel,40,CA,mobile,2,0,11,23,2,4,0,0,97.749972,-67.169972,0.3128389610910685
9.19,fuel,26,TX,tablet,0,0,9,2,1,0,0,0,97.749972,-88.559972,0.09401537123698234
99.91,entertainment,18,NY,mobile,2,0,5,3,3,4,0,1,97.749972,2.160027999999997,1.0220974690192497
313.76,fuel,64,CA,mobile,1,0,11,20,1,3,0,0,97.749972,216.01002799999998,3.2098218584674187
163.97,grocery,50,CA,desktop,1,0,9,5,12,3,0,0,97.749972,66.220028,1.6774429185775837
135.36,fashion,39,IL,desktop,6,0,10,5,4,2,0,0,97.749972,37.610028000000014,1.3847574157386213
114.73,fashion,25,IL,mobile,3,0,21,28,1,4,0,0,97.749972,16.980028000000004,1.1737087640934694
34.7,fuel,28,CA,mobile,2,0,5,5,1,3,0,1,97.749972,-63.049972,0.3549873103289758
90.03,entertainment,47,FL,mobile,3,0,16,13,4,2,0,0,97.749972,-7.7199719999999985,0.9210232723031034
228.66,grocery,33,NY,desktop,5,0,16,20,6,0,0,0,97.749972,130.910028,2.33923338270385
43.91,fashion,61,FL,desktop,5,0,6,8,12,6,1,0,97.749972,-53.839972,0.44920728520303527
1.22,entertainment,63,CA,mobile,2,0,11,10,3,6,1,0,97.749972,-96.529972,0.012480821861710387
66.37,entertainment,44,FL,desktop,5,0,15,20,9,2,0,0,97.749972,-31.379971999999995,0.6789771696407528
115.95,electronics,48,FL,tablet,0,0,4,9,9,0,0,1,97.749972,18.200028000000003,1.1861895859551799
43.85,fuel,58,NY,mobile,1,0,3,24,12,5,1,1,97.749972,-53.899972,0.4485934742918037
15.18,fuel,29,CA,desktop,2,0,21,24,5,1,0,0,97.749972,-82.569972,0.15529416054160955
489.07,fashion,65,CA,mobile,2,0,19,24,12,6,1,0,97.749972,391.320028,5.003275039267786
20.36,grocery,52,IL,desktop,3,0,1,19,3,5,1,1,97.749972,-77.389972,0.2082865025446094
171.27,electronics,19,IL,desktop,4,0,13,15,4,5,1,0,97.749972,73.52002800000001,1.752123246110769
122.54,electronics,54,NY,tablet,3,0,12,14,4,4,0,0,97.749972,24.790028000000007,1.2536064843721237
27.62,electronics,22,IL,tablet,3,0,11,31,8,3,0,0,97.749972,-70.129972,0.28255762280364005
79.61,fashion,28,NY,mobile,0,0,20,6,12,2,0,0,97.749972,-18.139972,0.814424777385872
126.44,electronics,29,IL,tablet,2,0,23,9,4,1,0,1,97.749972,28.690027999999998,1.2935041936021814
45.94,fuel,31,TX,desktop,2,0,4,23,10,0,0,1,97.749972,-51.809972,0.4699745543663731
24.3,electronics,31,CA,tablet,2,0,6,20,4,5,1,0,97.749972,-73.449972,0.24859341904882165
142.64,electronics,20,FL,mobile,0,0,21,11,12,6,1,0,97.749972,44.89002799999999,1.4592331396347291
57.68,grocery,32,NY,desktop,2,0,5,2,9,4,0,1,97.749972,-40.069972,0.5900768893307009
22.86,entertainment,19,FL,desktop,6,0,19,26,10,2,0,0,97.749972,-74.889972,0.23386195717926184
8.92,entertainment,55,TX,desktop,2,0,1,23,8,4,0,1,97.749972,-88.829972,0.09125322213643988
61.46,grocery,50,NY,desktop,3,0,5,31,8,3,0,1,97.749972,-36.289972,0.6287469767382954
178.64,fashion,54,CA,desktop,2,0,8,5,9,1,0,0,97.749972,80.89002799999999,1.827519686373724
31.42,entertainment,66,NY,tablet,4,0,3,25,12,0,0,1,97.749972,-66.329972,0.3214323138483118
153.66,fuel,26,CA,desktop,2,0,23,25,3,4,0,1,97.749972,55.910028,1.571969743664277
269.66,entertainment,19,TX,desktop,3,0,17,9,1,0,0,0,97.749972,171.910028,2.7586708387121504
21.19,electronics,22,NY,desktop,3,0,7,13,8,6,1,0,97.749972,-76.559972,0.216777553483314
296.47,entertainment,36,NY,desktop,4,0,18,4,7,3,0,0,97.749972,198.720028,3.032942014214163
149.55,fuel,41,FL,desktop,1,0,4,14,4,3,0,1,97.749972,51.80002800000001,1.5299236962449085
53.69,electronics,32,CA,desktop,6,0,16,25,3,4,0,0,97.749972,-44.059972,0.5492584637337956
69.12,electronics,27,CA,tablet,2,0,8,14,5,1,0,0,97.749972,-28.629971999999995,0.7071101697388705
48.89,grocery,26,IL,desktop,1,0,5,6,9,1,0,1,97.749972,-48.859972,0.500153590835263
40.65,electronics,18,TX,tablet,2,0,4,25,9,6,1,1,97.749972,-57.099972,0.4158568923594485
86.54,grocery,61,CA,desktop,2,0,12,29,2,3,0,0,97.749972,-11.209971999999993,0.8853199376331287
119.24,grocery,47,FL,desktop,4,0,8,5,3,6,1,0,97.749972,21.490027999999995,1.2198468842543824
142.46,grocery,24,IL,desktop,2,0,5,22,5,6,1,1,97.749972,44.71002800000001,1.4573917069010343
1.93,fashion,43,FL,desktop,1,0,7,10,3,4,0,0,97.749972,-95.81997199999999,0.019744250977951676
109.42,grocery,64,CA,desktop,1,0,17,6,1,3,0,0,97.749972,11.670028000000002,1.1193864984494677
159.18,grocery,57,CA,desktop,3,0,0,2,3,3,0,1,97.749972,61.43002800000001,1.6284403474975897
14.0,electronics,33,CA,mobile,2,0,20,11,1,2,0,0,97.749972,-83.749972,0.14322254595405362
36.94,fuel,61,FL,mobile,4,0,4,8,11,1,0,1,97.749972,-60.809972,0.3779029176816243
49.47,electronics,58,NY,desktop,3,0,13,10,8,5,1,0,97.749972,-48.279972,0.5060870963105023
27.7,electronics,46,NY,mobile,3,0,17,2,4,6,1,0,97.749972,-70.049972,0.28337603735194894
207.55,fuel,38,IL,tablet,2,0,2,23,11,2,0,1,97.749972,109.80002800000001,2.123274243768845
104.94,fuel,54,IL,mobile,2,0,11,15,2,3,0,0,97.749972,7.190027999999998,1.0735552837441704
127.31,fuel,50,FL,desktop,3,0,17,20,11,6,1,0,97.749972,29.560028000000003,1.3024044518150404
47.49,grocery,36,FL,mobile,2,0,11,4,1,2,0,0,97.749972,-50.259972,0.48583133623985764
109.34,electronics,32,TX,tablet,2,0,17,13,9,4,0,0,97.749972,11.590028000000004,1.1185680839011587
159.95,fashion,21,NY,mobile,5,0,0,10,1,2,0,1,97.749972,62.20002799999999,1.6363175875250624
51.14,fuel,49,FL,desktop,2,0,10,1,8,1,0,0,97.749972,-46.609972,0.5231715000064502
83.41,fashion,48,TX,tablet,2,0,17,27,5,0,0,0,97.749972,-14.339972000000003,0.8532994684305437
29.02,fuel,23,NY,tablet,5,0,15,24,11,6,1,0,97.749972,-68.729972,0.2968798773990454
69.62,entertainment,45,CA,tablet,5,0,19,4,11,0,0,0,97.749972,-28.129971999999995,0.7122252606658009
151.63,grocery,38,TX,desktop,6,0,13,22,12,3,0,0,97.749972,53.880027999999996,1.5512024745009392
57.94,entertainment,28,IL,tablet,3,0,8,4,11,0,0,0,97.749972,-39.809972,0.5927367366127048
50.58,entertainment,19,NY,mobile,6,0,23,13,11,2,0,1,97.749972,-47.169972,0.517442598168288
60.51,fashion,35,FL,mobile,2,0,1,15,9,3,0,1,97.749972,-37.239972,0.6190283039771275
12.9,entertainment,53,NY,tablet,2,0,5,4,11,4,0,1,97.749972,-84.849972,0.13196934591480655
63.8,entertainment,25,NY,desktop,1,0,19,25,4,0,0,0,97.749972,-33.949972,0.65268560227633
85.44,fuel,53,FL,desktop,5,0,15,8,12,6,1,0,97.749972,-12.309972000000002,0.8740667375938815
25.53,fashion,41,NY,tablet,4,0,6,30,9,4,0,0,97.749972,-72.219972,0.26117654272907065
345.9,electronics,21,IL,mobile,3,0,22,4,10,1,0,1,97.749972,248.15002799999996,3.53861990325051
170.38,fuel,30,IL,desktop,0,0,13,24,3,3,0,0,97.749972,72.630028,1.7430183842608324
294.93,entertainment,42,FL,tablet,4,0,16,26,3,1,0,0,97.749972,197.180028,3.0171875341592167
104.56,entertainment,62,FL,mobile,0,0,8,25,1,1,0,0,97.749972,6.810028000000003,1.0696678146397034
42.16,electronics,44,TX,tablet,0,0,16,14,1,4,0,0,97.749972,-55.589972,0.43130446695877855
244.42,fuel,55,CA,desktop,1,0,14,14,9,2,0,0,97.749972,146.670028,2.5004610487206986
218.41,electronics,63,TX,mobile,3,0,5,7,11,3,0,1,97.749972,120.660028,2.234374018701775
269.88,grocery,44,TX,mobile,3,0,12,8,11,4,0,0,97.749972,172.13002799999998,2.7609214787199994
88.09,entertainment,42,TX,desktop,2,0,4,21,4,3,0,1,97.749972,-9.659971999999996,0.9011767195066132
39.11,electronics,24,TX,desktop,2,0,18,28,12,3,0,0,97.749972,-58.639972,0.40010241230450266
107.28,fashion,41,IL,tablet,2,0,17,26,8,4,0,0,97.749972,9.530028000000001,1.0974939092822051
71.82,grocery,57,CA,desktop,3,1,18,25,8,4,0,0,97.749972,-25.929972000000006,0.734731660744295
222.44,electronics,32,TX,desktop,4,0,22,8,8,3,0,1,97.749972,124.690028,2.275601651572835
82.14,fashion,58,TX,mobile,1,0,7,23,8,1,0,0,97.749972,-15.609971999999999,0.8403071374761403
58.72,entertainment,26,TX,mobile,8,0,12,29,5,2,0,0,97.749972,-39.029972,0.6007162784587163
4.31,entertainment,32,NY,desktop,4,0,21,26,10,3,0,0,97.749972,-93.439972,0.04409208379014079
226.66,entertainment,55,IL,desktop,2,0,23,21,1,4,0,1,97.749972,128.910028,2.318773018996128
287.47,fashion,21,FL,desktop,3,0,22,20,12,4,0,1,97.749972,189.720028,2.9408703775294143
43.82,fashion,55,NY,desktop,1,0,10,24,4,6,1,0,97.749972,-53.929972,0.44828656883618784
35.27,entertainment,32,CA,tablet,4,0,14,12,7,4,0,0,97.749972,-62.479972,0.36081851398567655
18.19,fashion,18,CA,tablet,3,0,18,3,6,4,0,0,97.749972,-79.559972,0.1860870079217311
92.79,fashion,20,FL,tablet,4,0,22,12,7,1,0,1,97.749972,-4.959971999999993,0.9492585742197597
177.04,fuel,21,CA,mobile,5,0,20,10,11,4,0,0,97.749972,79.29002799999999,1.8111513954075464
100.58,fuel,44,TX,desktop,0,0,1,21,7,4,0,1,97.749972,2.8300279999999987,1.0289516908613365
130.42,electronics,43,IL,tablet,2,0,22,8,11,4,0,1,97.749972,32.67002799999999,1.334220317380548
20.35,fuel,64,NY,desktop,3,0,18,27,10,4,0,0,97.749972,-77.39997199999999,0.2081842007260708
18.95,electronics,36,NY,tablet,1,0,14,15,4,0,0,0,97.749972,-78.799972,0.19386194613066543
60.76,electronics,63,TX,tablet,2,0,19,31,10,1,0,0,97.749972,-36.989972,0.6215858494405927
9.63,fashion,32,IL,tablet,3,0,0,15,1,0,0,1,97.749972,-88.119972,0.09851665125268118
263.88,entertainment,60,CA,mobile,1,0,21,28,8,2,0,0,97.749972,166.13002799999998,2.6995403875968336
103.16,entertainment,24,TX,desktop,5,0,14,10,1,1,0,0,97.749972,5.410027999999997,1.0553455600442978
6.96,entertainment,28,CA,tablet,2,0,9,27,1,5,1,0,97.749972,-90.789972,0.07120206570287237
5.99,fashion,63,CA,mobile,1,0,16,21,10,5,1,0,97.749972,-91.759972,0.061278789304627226
102.84,entertainment,44,CA,desktop,0,0,20,8,6,5,1,0,97.749972,5.090028000000004,1.0520719018510625
25.94,fashion,18,TX,tablet,1,0,21,8,7,5,1,0,97.749972,-71.809972,0.26537091728915363
210.89,electronics,59,CA,mobile,2,0,10,1,1,0,0,0,97.749972,113.14002799999999,2.1574430511607403
20.49,fashion,29,TX,desktop,2,0,7,3,7,6,1,0,97.749972,-77.259972,0.20961642618561133
182.22,fuel,45,CA,desktop,3,0,6,17,10,3,0,0,97.749972,84.470028,1.8641437374105465
72.35,grocery,57,NY,tablet,1,0,16,22,7,5,1,0,97.749972,-25.399972000000005,0.7401536571268413
162.8,grocery,30,TX,mobile,0,0,20,14,11,3,0,0,97.749972,65.05002800000001,1.6654736058085664
26.15,electronics,33,FL,tablet,2,0,4,11,2,6,1,1,97.749972,-71.59997200000001,0.26751925547846445
7.71,electronics,59,CA,mobile,3,0,1,26,8,5,1,1,97.749972,-90.039972,0.07887470209326809
123.72,electronics,23,CA,mobile,6,0,11,28,12,2,0,0,97.749972,25.970028,1.2656780989596796
108.02,grocery,38,TX,mobile,4,0,19,15,3,1,0,0,97.749972,10.270027999999996,1.1050642438540623
71.42,grocery,46,TX,desktop,6,0,14,18,7,3,0,0,97.749972,-26.329971999999998,0.7306395880027506
19.04,fashion,62,IL,mobile,3,0,0,18,8,4,0,1,97.749972,-78.709972,0.19478266249751292
165.23,electronics,32,CA,tablet,2,0,1,7,11,1,0,1,97.749972,67.48002799999999,1.6903329477134483
77.22,fuel,63,FL,desktop,3,1,13,10,4,6,1,0,97.749972,-20.529972,0.7899746427551443
59.88,electronics,69,IL,mobile,3,0,9,22,1,5,1,0,97.749972,-37.869972,0.612583289409195
60.3,entertainment,57,NY,tablet,5,0,2,1,6,3,0,1,97.749972,-37.449972,0.6168799657878167
79.07,electronics,45,IL,tablet,3,0,7,13,6,0,0,0,97.749972,-18.679972000000006,0.808900479184787
106.92,fuel,40,TX,desktop,3,0,21,23,1,1,0,0,97.749972,9.170028000000002,1.0938110438148152
2.21,fashion,58,IL,desktop,5,0,22,5,4,4,0,1,97.749972,-95.539972,0.02260870189703275
100.27,grocery,61,CA,tablet,2,0,17,27,4,3,0,0,97.749972,2.5200279999999964,1.0257803344866396
1.22,fashion,27,TX,tablet,0,0,8,1,12,4,0,0,97.749972,-96.529972,0.012480821861710387
455.17,grocery,46,NY,tablet,3,0,14,20,1,5,1,0,97.749972,357.420028,4.656471874421899
69.94,electronics,47,TX,mobile,3,0,3,12,3,1,0,1,97.749972,-27.809972000000002,0.7154989188590364
67.77,entertainment,57,IL,tablet,3,0,12,24,1,0,0,0,97.749972,-29.979972000000004,0.6932994242361581
114.29,entertainment,19,IL,mobile,5,0,17,21,2,1,0,0,97.749972,16.540028000000007,1.1692074840777706
30.23,electronics,55,IL,tablet,6,0,23,16,11,2,0,1,97.749972,-67.519972,0.3092583974422172
9.28,entertainment,69,IL,tablet,6,0,20,10,3,4,0,0,97.749972,-88.469972,0.09493608760382982
119.06,fashion,60,TX,tablet,4,0,16,9,8,4,0,0,97.749972,21.310028000000003,1.2180054515206875
195.89,fuel,67,CA,desktop,3,0,6,5,1,2,0,0,97.749972,98.14002799999999,2.003990323352826
338.66,electronics,33,IL,desktop,2,0,2,28,6,1,0,1,97.749972,240.910028,3.464553386628557
325.69,electronics,67,TX,tablet,4,0,22,20,7,2,0,1,97.749972,227.94002799999998,3.3318679279839802
104.61,fuel,18,CA,desktop,2,0,17,13,2,0,0,0,97.749972,6.860028,1.0701793237323964
304.21,fuel,46,NY,tablet,10,0,6,25,4,3,0,0,97.749972,206.46002799999997,3.1121236217630464
154.83,entertainment,21,FL,tablet,5,0,15,24,5,2,0,0,97.749972,57.08002800000001,1.5839390564332945
288.32,entertainment,29,CA,mobile,1,0,0,5,9,3,0,1,97.749972,190.57002799999998,2.9495660321051957
90.44,entertainment,55,IL,desktop,3,0,11,18,3,5,1,0,97.749972,-7.309972000000002,0.9252176468631863
186.25,fuel,57,FL,tablet,3,0,7,2,4,5,1,0,97.749972,88.500028,1.9053713702816062
66.63,fashion,68,IL,desktop,3,0,18,27,6,3,0,0,97.749972,-31.119972000000004,0.6816370169227566
300.76,entertainment,67,TX,mobile,0,0,13,20,8,1,0,0,97.749972,203.01002799999998,3.076829494367226
35.18,entertainment,66,IL,mobile,5,0,20,18,8,4,0,0,97.749972,-62.569972,0.359897797618829
52.93,fashion,26,NY,mobile,4,0,21,5,8,0,0,0,97.749972,-44.819972,0.5414835255248612
7.09,electronics,36,FL,desktop,2,0,10,19,8,0,0,0,97.749972,-90.659972,0.0725319893438743
0.2,fuel,67,IL,desktop,2,0,16,10,3,6,1,0,97.749972,-97.549972,0.002046036370772195
0.51,electronics,29,NY,tablet,4,0,16,25,6,1,0,0,97.749972,-97.239972,0.0052173927454690966
26.66,electronics,64,TX,tablet,1,0,6,12,8,5,1,0,97.749972,-71.089972,0.2727366482239335
21.98,fuel,61,IL,tablet,1,0,8,23,5,0,0,0,97.749972,-75.769972,0.22485939714786418
125.64,grocery,38,TX,tablet,5,0,20,10,1,2,0,0,97.749972,27.890028,1.2853200481190927
9.66,electronics,24,TX,tablet,3,0,2,3,10,0,0,1,97.749972,-88.089972,0.098823556708297
176.56,fuel,50,CA,desktop,2,0,23,22,6,3,0,1,97.749972,78.810028,1.8062409081176933
10.44,entertainment,57,TX,desktop,2,0,15,28,12,5,1,0,97.749972,-87.309972,0.10680309855430856
316.85,grocery,19,NY,tablet,2,0,14,12,8,0,0,0,97.749972,219.100028,3.2414331203958495
19.32,entertainment,47,TX,tablet,5,0,10,29,5,0,0,0,97.749972,-78.42997199999999,0.197647113416594
102.67,fuel,52,IL,mobile,7,0,14,27,2,1,0,0,97.749972,4.920028000000002,1.050332770935906
116.82,electronics,37,CA,mobile,4,0,10,7,11,0,0,0,97.749972,19.070027999999994,1.1950898441680389
59.55,electronics,40,FL,tablet,2,0,21,8,3,1,0,0,97.749972,-38.199972,0.609207329397421
41.7,grocery,52,FL,desktop,5,0,18,12,12,1,0,0,97.749972,-56.049972,0.4265985833060026
131.91,electronics,56,CA,tablet,4,0,17,20,8,1,0,0,97.749972,34.160028,1.3494632883428008
76.27,fashion,35,TX,desktop,2,0,7,14,10,4,0,0,97.749972,-21.479972000000004,0.7802559699939764
167.1,entertainment,24,IL,tablet,4,0,0,11,5,2,0,1,97.749972,69.350028,1.7094633877801684
19.75,electronics,29,IL,desktop,6,0,16,16,8,1,0,0,97.749972,-77.999972,0.20204609161375423
7.91,entertainment,24,NY,tablet,3,0,7,9,3,5,1,0,97.749972,-89.839972,0.0809207384640403
47.05,fashion,59,NY,tablet,2,0,5,3,9,6,1,1,97.749972,-50.699972,0.48133005622415875
34.72,entertainment,54,NY,desktop,3,0,8,10,9,1,0,0,97.749972,-63.029972,0.355191913966053
273.06,fuel,26,IL,desktop,1,0,3,6,1,4,0,1,97.749972,175.310028,2.793453457015277
134.27,electronics,25,CA,mobile,6,1,17,24,8,2,0,0,97.749972,36.52002800000001,1.3736065175179129
160.3,entertainment,34,TX,desktop,3,0,12,9,12,0,0,0,97.749972,62.55002800000001,1.6398981511739141
0.99,fashion,21,NY,mobile,4,0,4,18,8,6,1,1,97.749972,-96.759972,0.010127880035322364
111.55,fuel,21,NY,tablet,3,0,13,29,4,4,0,0,97.749972,13.800027999999998,1.1411767857981914
34.1,fashion,66,NY,mobile,0,0,23,29,3,1,0,1,97.749972,-63.649972,0.3488492012166592
195.67,fashion,20,IL,desktop,2,0,14,29,2,3,0,0,97.749972,97.92002799999999,2.0017396833449763
119.15,electronics,34,FL,tablet,1,0,3,9,2,3,0,1,97.749972,21.400028000000006,1.218926167887535
104.84,entertainment,24,TX,desktop,4,0,1,2,3,3,0,1,97.749972,7.090028000000004,1.0725322655587843
152.0,electronics,45,IL,desktop,8,0,23,2,9,4,0,1,97.749972,54.250028,1.5549876417868678
240.31,grocery,63,IL,tablet,0,0,15,14,7,6,1,0,97.749972,142.560028,2.45841500130133
15.33,fashion,24,NY,desktop,2,0,7,17,4,0,0,0,97.749972,-82.419972,0.1568286878196887
65.89,fashion,30,CA,mobile,2,0,14,9,8,1,0,0,97.749972,-31.859972,0.6740666823508995
81.07,electronics,37,CA,desktop,3,0,22,16,6,6,1,1,97.749972,-16.679972000000006,0.829360842892509
175.14,fuel,22,NY,tablet,3,0,16,7,1,4,0,0,97.749972,77.39002799999999,1.7917140498852107
14.45,entertainment,53,CA,desktop,2,0,8,13,1,5,1,0,97.749972,-83.299972,0.14782612778829105
11.02,fashion,19,TX,desktop,2,0,9,12,11,6,1,0,97.749972,-86.729972,0.11273660402954791
51.8,fuel,66,IL,mobile,2,0,8,5,1,3,0,0,97.749972,-45.949972,0.5299234200299984
74.08,entertainment,53,NY,mobile,1,0,2,20,4,3,0,1,97.749972,-23.669972,0.7578518717340208
189.94,fuel,44,FL,mobile,2,0,2,8,12,3,0,1,97.749972,92.190028,1.9431207413223532
260.03,fashion,40,NY,tablet,5,0,3,29,10,5,1,1,97.749972,162.28002799999996,2.6601541874594683
68.85,entertainment,64,FL,mobile,2,0,10,14,11,3,0,0,97.749972,-28.899972000000005,0.7043480206383279
294.04,fashion,26,IL,mobile,5,0,14,27,12,1,0,0,97.749972,196.290028,3.0080826723092806
100.14,fuel,21,FL,tablet,5,0,13,11,3,0,0,0,97.749972,2.390028000000001,1.0244504108456378
21.4,fashion,52,NY,tablet,2,0,5,8,10,6,1,1,97.749972,-76.34997200000001,0.2189258916726248
50.58,electronics,63,FL,desktop,2,0,16,7,4,6,1,0,97.749972,-47.169972,0.517442598168288
153.0,fuel,20,TX,tablet,2,0,10,15,10,6,1,0,97.749972,55.250028,1.5652178236407288
68.55,fuel,25,CA,mobile,5,0,17,6,6,3,0,0,97.749972,-29.199972000000002,0.7012789660821697
372.41,electronics,39,FL,desktop,3,0,11,1,11,4,0,0,97.749972,274.660028,3.809822024196365
17.55,grocery,45,TX,desktop,1,0,6,9,8,4,0,0,97.749972,-80.199972,0.1795396915352601
168.54,grocery,36,NY,tablet,2,0,4,2,8,4,0,1,97.749972,70.79002799999999,1.7241948496497284
75.01,grocery,65,IL,tablet,4,0,22,4,8,3,0,1,97.749972,-22.739971999999995,0.7673659408581116
47.46,fashion,39,IL,tablet,3,0,3,21,5,1,0,1,97.749972,-50.289972,0.4855244307842418
70.06,fashion,30,TX,desktop,3,0,7,8,9,3,0,0,97.749972,-27.689971999999997,0.7167265406814998
36.12,fashion,31,NY,desktop,2,0,8,11,11,4,0,0,97.749972,-61.629972,0.3695141685614583
8.69,electronics,30,NY,desktop,4,0,1,4,9,6,1,1,97.749972,-89.059972,0.08890028031005184
91.18,entertainment,48,NY,mobile,4,0,12,7,11,1,0,0,97.749972,-6.569971999999993,0.9327879814350436
6.74,fashion,34,TX,tablet,2,0,17,22,10,6,1,0,97.749972,-91.009972,0.06895142569502295
84.96,fashion,36,FL,desktop,3,0,15,4,2,6,1,0,97.749972,-12.789972000000006,0.8691562503040282
240.34,electronics,52,FL,tablet,6,0,6,21,2,1,0,0,97.749972,142.59002800000002,2.458721906756946
47.76,grocery,60,CA,tablet,1,0,6,24,11,6,1,0,97.749972,-49.989972,0.48859348534040004
152.5,entertainment,42,CA,tablet,4,0,2,6,6,1,0,1,97.749972,54.750028,1.5601027327137984
9.31,fuel,58,TX,mobile,2,0,16,20,7,2,0,0,97.749972,-88.439972,0.09524299305944565
50.92,fashion,48,CA,desktop,3,0,23,17,2,4,0,1,97.749972,-46.829972,0.5209208599986007
89.91,fashion,61,FL,mobile,3,0,12,17,8,2,0,0,97.749972,-7.839972000000003,0.91979565048064
35.88,fuel,56,CA,mobile,3,0,9,19,5,4,0,0,97.749972,-61.869972,0.36705892491653175
411.03,grocery,69,NY,desktop,2,0,19,11,3,5,1,0,97.749972,313.28002799999996,4.204911647392476
56.29,electronics,27,NY,mobile,3,0,7,7,3,3,0,0,97.749972,-41.459972,0.5758569365538342
28.73,electronics,62,FL,mobile,1,0,10,16,11,3,0,0,97.749972,-69.019972,0.2939131246614258
202.7,grocery,63,IL,desktop,5,0,21,18,3,0,0,0,97.749972,104.95002799999999,2.073657861777619
5.65,electronics,47,NY,tablet,1,0,22,21,2,0,0,1,97.749972,-92.099972,0.0578005274743145
5.59,fuel,46,NY,tablet,3,0,16,14,3,3,0,0,97.749972,-92.159972,0.057186716563082836
107.25,fashion,40,CA,mobile,1,0,9,9,11,5,1,0,97.749972,9.500028,1.0971870038265894
156.98,fashion,25,CA,tablet,2,0,5,21,8,6,1,1,97.749972,59.23002799999999,1.6059339474190955
2.24,fashion,29,CA,mobile,2,0,19,11,7,1,0,0,97.749972,-95.509972,0.02291560735264858
147.77,fashion,31,FL,mobile,2,0,18,19,7,1,0,0,97.749972,50.02002800000001,1.5117139725450361
39.01,electronics,66,CA,desktop,1,0,7,20,4,3,0,0,97.749972,-58.739972,0.3990793941191165
0.96,electronics,24,TX,mobile,0,0,2,10,4,6,1,1,97.749972,-96.789972,0.009820974579706534
115.16,fashion,26,CA,desktop,4,0,1,23,2,2,0,1,97.749972,17.410027999999997,1.1781077422906296
40.68,fashion,24,NY,tablet,1,0,2,29,7,5,1,1,97.749972,-57.069972,0.41616379781506435
121.12,entertainment,30,CA,desktop,4,0,1,11,3,4,0,1,97.749972,23.370028000000005,1.239079626139641
73.51,entertainment,59,IL,tablet,4,0,18,29,3,1,0,0,97.749972,-24.239971999999995,0.7520206680773202
53.38,grocery,37,CA,mobile,4,0,12,24,4,6,1,0,97.749972,-44.369972,0.5460871073590987
98.26,electronics,68,FL,mobile,3,0,23,1,3,1,0,1,97.749972,0.5100280000000055,1.0052176689603793
159.08,entertainment,66,IL,tablet,4,0,20,11,9,6,1,0,97.749972,61.33002800000001,1.6274173293122036
160.49,fuel,67,FL,mobile,2,0,12,23,4,6,1,0,97.749972,62.74002800000001,1.6418418857261476
103.22,electronics,57,CA,tablet,3,1,3,19,8,5,1,1,97.749972,5.470027999999999,1.0559593709555295
95.87,grocery,28,CA,desktop,4,0,20,1,2,3,0,0,97.749972,-1.879971999999995,0.9807675343296515
6.55,fuel,53,NY,tablet,1,0,0,5,7,1,0,1,97.749972,-91.199972,0.06700769114278937
21.78,fashion,59,FL,desktop,2,0,18,14,10,5,1,0,97.749972,-75.969972,0.222813360777092
234.51,electronics,43,NY,desktop,2,0,3,9,9,4,0,1,97.749972,136.76002799999998,2.3990799465489365
113.49,grocery,39,NY,tablet,4,0,9,10,7,6,1,0,97.749972,15.740027999999995,1.1610233385946818
142.51,fuel,37,FL,tablet,1,0,0,23,12,0,0,1,97.749972,44.76002799999999,1.457903215993727
63.08,fuel,58,FL,desktop,3,0,8,12,4,2,0,0,97.749972,-34.669972,0.6453198713415501
4.58,entertainment,53,CA,mobile,4,0,7,25,8,3,0,0,97.749972,-93.169972,0.04685423289068326
28.94,electronics,33,IL,mobile,1,0,11,5,3,6,1,0,97.749972,-68.809972,0.2960614628507366
19.13,grocery,53,TX,desktop,2,0,5,27,8,6,1,1,97.749972,-78.619972,0.1957033788643604
11.27,entertainment,57,IL,mobile,3,0,3,24,5,2,0,1,97.749972,-86.479972,0.11529414949301316
23.51,electronics,29,TX,mobile,1,0,15,29,7,4,0,0,97.749972,-74.239972,0.24051157538427148
40.59,entertainment,24,CA,tablet,3,0,17,23,1,0,0,0,97.749972,-57.159971999999996,0.4152430814482169
30.09,fuel,68,CA,desktop,2,0,6,6,11,0,0,0,97.749972,-67.659972,0.30782617198267664
53.81,electronics,44,CA,mobile,2,0,20,17,12,5,1,0,97.749972,-43.939972,0.550486085556259
1.25,grocery,58,CA,tablet,2,0,7,16,11,2,0,0,97.749972,-96.499972,0.012787727317326216
144.26,fashion,54,TX,desktop,6,0,19,16,10,0,0,0,97.749972,46.51002799999999,1.4758060342379837
185.9,fuel,68,TX,mobile,2,0,4,6,1,3,0,1,97.749972,88.150028,1.901790806632755
1.51,grocery,63,NY,desktop,2,0,1,23,6,4,0,1,97.749972,-96.239972,0.015447574599330069
0.01,entertainment,54,NY,mobile,2,0,8,24,11,3,0,0,97.749972,-97.739972,0.00010230181853860973
121.63,electronics,21,NY,mobile,3,0,16,7,4,6,1,0,97.749972,23.880027999999996,1.2442970188851101
229.87,entertainment,69,IL,tablet,3,0,7,11,12,0,0,0,97.749972,132.120028,2.3516119027470217
165.09,grocery,47,IL,desktop,3,0,13,9,11,2,0,0,97.749972,67.340028,1.688900722253908
127.51,fashion,67,IL,desktop,2,0,4,27,3,6,1,1,97.749972,29.760028000000005,1.3044504881858128
53.87,fashion,64,TX,desktop,0,0,9,23,8,1,0,0,97.749972,-43.879972,0.5510998964674906
40.54,entertainment,36,IL,tablet,2,0,9,6,10,4,0,0,97.749972,-57.209972,0.4147315723555238
204.77,grocery,61,NY,tablet,3,0,5,11,5,3,0,1,97.749972,107.02002800000001,2.0948343382151116
54.94,grocery,52,CA,tablet,6,0,23,12,2,5,1,1,97.749972,-42.809972,0.5620461910511219
68.29,electronics,63,TX,mobile,4,0,21,25,3,5,1,0,97.749972,-29.459971999999993,0.6986191188001659
428.39,fuel,49,TX,tablet,0,0,0,30,7,5,1,1,97.749972,330.640028,4.382507604375502
92.08,fuel,28,IL,tablet,2,0,13,1,1,5,1,0,97.749972,-5.669972000000001,0.9419951451035183
71.75,electronics,22,NY,mobile,7,0,18,9,6,3,0,0,97.749972,-25.999972,0.7340155480145248
83.45,electronics,18,TX,tablet,3,0,0,25,7,1,0,1,97.749972,-14.299971999999997,0.8537086757046982
97.16,fashion,65,TX,desktop,1,0,1,27,6,1,0,1,97.749972,-0.589972000000003,0.9939644689211321
126.95,fashion,38,TX,tablet,5,1,17,25,6,1,0,0,97.749972,29.200028000000003,1.2987215863476504
8.11,electronics,33,IL,mobile,2,0,13,13,12,4,0,0,97.749972,-89.639972,0.08296677483481248
71.56,fashion,40,IL,tablet,3,0,16,22,11,4,0,0,97.749972,-26.189971999999997,0.7320718134622912
113.23,electronics,46,FL,tablet,1,0,19,29,9,6,1,0,97.749972,15.480028000000004,1.158363491312678
193.99,grocery,41,NY,desktop,0,0,9,13,10,3,0,0,97.749972,96.24002800000001,1.9845529778304902
124.5,grocery,24,TX,desktop,2,0,14,23,10,6,1,0,97.749972,26.750028,1.273657640805691
13.13,fuel,21,TX,tablet,6,0,14,4,1,1,0,0,97.749972,-84.619972,0.1343222877411946
105.64,electronics,64,IL,tablet,1,0,0,14,2,0,0,1,97.749972,7.890028000000001,1.0807164110418732
59.58,fuel,42,FL,desktop,3,0,11,13,1,4,0,0,97.749972,-38.169972,0.6095142348530367
15.06,electronics,37,NY,mobile,2,0,1,23,9,4,0,1,97.749972,-82.689972,0.15406653871914625
60.47,fuel,68,CA,mobile,6,0,6,25,1,1,0,0,97.749972,-37.279972,0.618619096702973
51.57,fuel,51,CA,tablet,2,0,10,13,6,0,0,0,97.749972,-46.179972,0.5275704782036104
189.34,fashion,51,CA,desktop,3,0,2,7,4,4,0,1,97.749972,91.590028,1.9369826322100365
80.92,fashion,41,NY,mobile,3,0,11,27,2,0,0,0,97.749972,-16.829971999999998,0.8278263156144299
12.58,electronics,52,FL,mobile,1,0,8,6,5,5,1,0,97.749972,-85.169972,0.12869568772157103
60.61,electronics,64,TX,mobile,3,0,2,30,11,2,0,1,97.749972,-37.139972,0.6200513221625136
209.93,grocery,42,NY,tablet,2,0,9,1,5,2,0,0,97.749972,112.18002800000001,2.147622076581034
42.54,grocery,29,FL,desktop,6,0,12,31,8,2,0,0,97.749972,-55.209972,0.43519193606324574
62.59,fuel,47,FL,mobile,5,0,7,15,5,0,0,0,97.749972,-35.159971999999996,0.6403070822331584
109.1,grocery,52,NY,tablet,2,0,19,28,7,6,1,0,97.749972,11.350027999999995,1.1161128402562321
82.7,fashion,28,FL,mobile,3,0,14,26,2,5,1,0,97.749972,-15.049971999999997,0.8460360393143025
34.57,grocery,47,IL,desktop,4,0,4,20,12,1,0,1,97.749972,-63.179972,0.3536573866879738
46.55,entertainment,56,TX,tablet,2,0,9,30,9,0,0,0,97.749972,-51.199972,0.47621496529722823
68.2,fuel,35,IL,tablet,5,0,21,11,7,3,0,0,97.749972,-29.549971999999997,0.6976984024333184
45.58,electronics,44,CA,tablet,4,0,23,3,9,6,1,1,97.749972,-52.169972,0.4662916888989831
197.5,fuel,52,FL,mobile,5,0,23,9,4,6,1,1,97.749972,99.750028,2.020460916137542
6.82,electronics,54,IL,desktop,2,0,18,29,2,3,0,0,97.749972,-90.92997199999999,0.06976984024333184
526.28,electronics,32,IL,tablet,1,0,23,22,7,5,1,1,97.749972,428.53002799999996,5.383940106049953
129.82,grocery,32,TX,tablet,2,0,16,12,5,4,0,0,97.749972,32.07002799999999,1.3280822082682313
135.82,fuel,39,NY,tablet,3,0,0,25,6,1,0,1,97.749972,38.07002799999999,1.3894632993913973
17.76,fashion,52,TX,mobile,1,0,2,26,11,6,1,1,97.749972,-79.989972,0.1816880297245709
35.33,grocery,55,NY,desktop,3,0,0,1,4,0,0,1,97.749972,-62.419972,0.36143232489690813
61.42,electronics,21,TX,tablet,3,0,10,4,5,3,0,0,97.749972,-36.329972,0.628337769464141
7.32,grocery,29,CA,mobile,4,0,14,10,12,1,0,0,97.749972,-90.42997199999999,0.07488493117026232
57.9,entertainment,45,CA,mobile,1,0,16,5,8,5,1,0,97.749972,-39.849972,0.5923275293385503
31.22,fashion,67,IL,tablet,3,0,20,12,3,5,1,0,97.749972,-66.529972,0.31938627747753956
61.73,electronics,68,CA,desktop,2,0,17,22,9,4,0,0,97.749972,-36.019972,0.6315091258388378
74.96,entertainment,33,TX,tablet,3,0,20,8,6,2,0,0,97.749972,-22.789972000000006,0.7668544317654185
77.3,grocery,46,TX,desktop,6,0,19,21,2,0,0,0,97.749972,-20.449972000000002,0.7907930573034532
105.46,electronics,27,FL,tablet,3,0,18,16,1,0,0,0,97.749972,7.710027999999994,1.0788749783081781
36.4,fashion,51,NY,mobile,2,0,21,2,8,2,0,0,97.749972,-61.349972,0.3723786194805394
41.37,grocery,19,TX,tablet,7,0,12,23,10,6,1,0,97.749972,-56.379972,0.42322262329422844
265.26,entertainment,62,FL,desktop,3,0,15,23,7,5,1,0,97.749972,167.51002799999998,2.7136580385551614
49.84,grocery,54,CA,tablet,1,0,21,11,9,0,0,0,97.749972,-47.909971999999996,0.5098722635964309
78.64,electronics,46,FL,tablet,0,0,5,11,5,2,0,1,97.749972,-19.109972,0.8045015009876268
329.66,electronics,47,NY,tablet,2,0,12,18,9,2,0,0,97.749972,231.910028,3.3724817499438084
104.76,electronics,34,TX,tablet,4,0,11,28,10,5,1,0,97.749972,7.0100280000000055,1.0717138510104756
241.72,entertainment,46,TX,tablet,2,0,13,3,8,3,0,0,97.749972,143.970028,2.4728395577152744
55.38,entertainment,53,NY,mobile,4,0,23,14,5,1,0,1,97.749972,-42.369972,0.5665474710668207
230.28,fashion,42,CA,tablet,4,0,18,21,9,2,0,0,97.749972,132.53002800000002,2.3558062773071047
31.44,fuel,66,FL,tablet,5,0,22,24,2,4,0,1,97.749972,-66.309972,0.321636917485389
48.12,electronics,37,CA,desktop,5,0,1,16,9,5,1,1,97.749972,-49.629972,0.49227635080779
249.31,electronics,20,CA,tablet,6,0,2,9,2,4,0,1,97.749972,151.560028,2.5504866379860793
140.58,entertainment,57,NY,tablet,5,0,18,18,11,5,1,0,97.749972,42.83002800000001,1.4381589650157758
15.01,grocery,24,CA,mobile,1,0,3,20,12,2,0,1,97.749972,-82.739972,0.1535550296264532
302.51,fuel,52,NY,mobile,4,0,0,18,4,3,0,1,97.749972,204.76002799999998,3.094732312611483
5.82,electronics,36,FL,desktop,1,0,8,5,2,6,1,0,97.749972,-91.92997199999999,0.05953965838947087
72.98,electronics,63,FL,desktop,7,0,8,14,12,5,1,0,97.749972,-24.769971999999996,0.7465986716947738
2.55,entertainment,36,IL,desktop,2,0,2,4,11,5,1,1,97.749972,-95.199972,0.02608696372734548
14.1,fuel,22,TX,tablet,4,0,19,8,9,6,1,0,97.749972,-83.649972,0.1442455641394397
76.35,fashion,51,CA,tablet,4,0,12,15,2,2,0,0,97.749972,-21.399972000000005,0.7810743845422852
9.36,entertainment,27,IL,tablet,3,0,15,2,7,1,0,0,97.749972,-88.389972,0.0957545021521387
271.86,fuel,57,IL,mobile,5,0,8,4,2,5,1,0,97.749972,174.110028,2.781177238790644
27.69,grocery,41,FL,desktop,3,0,20,18,4,0,0,0,97.749972,-70.059972,0.28327373553341034
205.15,grocery,41,FL,desktop,0,0,22,19,6,6,1,1,97.749972,107.400028,2.0987218073195786
94.64,entertainment,26,IL,tablet,3,0,9,30,4,5,1,0,97.749972,-3.109971999999999,0.9681844106494024
15.78,entertainment,26,CA,desktop,5,0,23,18,9,0,0,1,97.749972,-81.969972,0.16143226965392615
32.55,fashion,23,IL,mobile,1,0,23,15,7,5,1,1,97.749972,-65.199972,0.33299241934317464
235.76,fuel,48,NY,mobile,0,0,21,17,4,0,0,0,97.749972,138.01002799999998,2.4118676738662628
141.13,fashion,19,TX,tablet,3,0,8,26,5,6,1,0,97.749972,43.380027999999996,1.443785565035399
51.52,electronics,23,CA,tablet,2,0,13,15,6,5,1,0,97.749972,-46.229972,0.5270589691109173
37.03,entertainment,46,IL,tablet,3,0,15,17,4,0,0,0,97.749972,-60.719972,0.37882363404847186
236.29,electronics,28,TX,desktop,3,1,6,28,4,6,1,0,97.749972,138.540028,2.417289670248809
42.05,grocery,31,FL,mobile,0,0,0,5,5,3,0,1,97.749972,-55.699972,0.4301791469548539
27.08,grocery,27,NY,mobile,3,0,18,23,11,5,1,0,97.749972,-70.669972,0.27703332460255514
9.87,entertainment,39,CA,desktop,3,0,22,15,3,1,0,1,97.749972,-87.879972,0.10097189489760779
92.57,electronics,52,IL,tablet,4,0,0,19,6,6,1,1,97.749972,-5.1799720000000065,0.9470079342119102
89.14,grocery,36,TX,mobile,4,0,12,24,5,1,0,0,97.749972,-8.609971999999999,0.9119184104531671
37.11,fashion,30,CA,desktop,0,0,1,22,10,1,0,1,97.749972,-60.639972,0.3796420485967807
36.88,grocery,19,IL,desktop,3,0,0,4,9,0,0,1,97.749972,-60.869972,0.3772891067703927
63.71,entertainment,31,NY,tablet,3,0,21,7,8,0,0,0,97.749972,-34.039972,0.6517648859094826
136.01,fashion,69,TX,desktop,2,0,15,10,1,2,0,0,97.749972,38.26002799999999,1.3914070339436309
6.83,entertainment,69,NY,desktop,2,0,7,21,9,3,0,0,97.749972,-90.919972,0.06987214206187044
25.58,entertainment,59,NY,desktop,1,0,14,16,3,3,0,0,97.749972,-72.169972,0.2616880518217637
46.63,entertainment,19,IL,tablet,3,0,10,3,8,2,0,0,97.749972,-51.119972,0.4770333798455372
8.26,electronics,22,NY,desktop,1,0,10,20,12,4,0,0,97.749972,-89.489972,0.08450130211289163
19.99,grocery,22,FL,tablet,5,0,4,6,7,2,0,1,97.749972,-77.759972,0.20450133525868083
62.56,electronics,61,TX,mobile,3,0,19,26,6,6,1,0,97.749972,-35.189972,0.6400001767775425
57.84,grocery,31,TX,desktop,5,0,18,26,4,1,0,0,97.749972,-39.909971999999996,0.5917137184273187
126.4,fashion,52,CA,desktop,5,0,17,29,6,5,1,0,97.749972,28.650028000000006,1.293094986328027
176.94,fashion,23,CA,mobile,7,0,6,1,12,3,0,0,97.749972,79.190028,1.8101283772221606
77.64,fashion,29,NY,mobile,1,0,19,5,9,0,0,0,97.749972,-20.109972,0.7942713191337659
3.74,entertainment,64,CA,mobile,2,0,2,30,7,6,1,1,97.749972,-94.009972,0.03826088013344004
0.44,entertainment,50,IL,mobile,7,0,1,21,12,3,0,1,97.749972,-97.309972,0.004501280015698828
166.15,electronics,31,IL,desktop,5,0,10,8,4,4,0,0,97.749972,68.400028,1.6997447150190006
24.91,electronics,58,FL,tablet,4,0,22,6,3,6,1,1,97.749972,-72.839972,0.25483382997967685
19.17,grocery,29,FL,mobile,3,0,7,25,7,0,0,0,97.749972,-78.579972,0.19611258613851487
17.88,fashion,66,FL,mobile,3,0,17,16,5,0,0,0,97.749972,-79.869972,0.18291565154703418
18.0,fashion,37,FL,tablet,5,0,19,27,1,3,0,0,97.749972,-79.749972,0.1841432733694975
181.41,electronics,29,IL,mobile,2,0,20,5,7,2,0,0,97.749972,83.660028,1.855857290108919
56.27,electronics,41,IL,tablet,1,0,2,9,3,3,0,1,97.749972,-41.479972,0.575652332916757
324.6,grocery,24,CA,tablet,3,0,18,21,4,3,0,0,97.749972,226.850028,3.320717029763272
12.19,grocery,59,FL,tablet,3,0,9,23,11,5,1,0,97.749972,-85.559972,0.12470591679856526
39.96,fashion,19,CA,desktop,2,0,2,11,6,5,1,1,97.749972,-57.789972,0.40879806688028447
13.63,fashion,54,IL,desktop,7,0,23,19,2,6,1,1,97.749972,-84.119972,0.13943737866812506
227.71,fashion,51,IL,desktop,2,0,3,30,11,5,1,1,97.749972,129.96002800000002,2.329514709942682
4.97,entertainment,61,IL,mobile,2,0,2,8,2,2,0,1,97.749972,-92.779972,0.05084400381368903
143.34,grocery,58,NY,desktop,3,0,3,14,8,2,0,1,97.749972,45.590028000000004,1.466394266932432
30.09,fuel,62,NY,tablet,3,0,10,16,12,4,0,0,97.749972,-67.659972,0.30782617198267664
145.5,electronics,31,IL,mobile,1,0,3,8,6,2,0,1,97.749972,47.750028,1.4884914597367715
4.01,fuel,23,NY,tablet,2,0,22,10,7,0,0,1,97.749972,-93.739972,0.041023029233982496
11.5,fashion,45,TX,tablet,1,0,4,11,4,3,0,1,97.749972,-86.249972,0.11764709131940118
75.99,fashion,62,CA,tablet,4,0,15,26,12,1,0,0,97.749972,-21.759972000000005,0.7773915190748952
20.97,grocery,66,FL,tablet,1,0,0,6,9,2,0,1,97.749972,-76.779972,0.2145269134754646
11.31,grocery,45,TX,tablet,5,0,6,28,11,3,0,0,97.749972,-86.439972,0.1157033567671676
151.43,fashion,59,FL,desktop,3,0,16,26,6,6,1,0,97.749972,53.68002800000001,1.5491564381301672
79.98,fuel,29,TX,mobile,2,0,9,1,6,2,0,0,97.749972,-17.769971999999996,0.8182099446718006
151.7,grocery,23,FL,tablet,6,0,1,5,8,5,1,1,97.749972,53.95002799999999,1.5519185872307095
136.82,grocery,47,NY,tablet,2,0,17,4,10,2,0,0,97.749972,39.07002799999999,1.3996934812452582
26.86,fashion,54,TX,desktop,4,0,14,22,12,6,1,0,97.749972,-70.889972,0.27478268459470573
38.39,fashion,41,NY,tablet,2,0,16,9,8,1,0,0,97.749972,-59.359972,0.39273668136972273
92.58,fashion,64,FL,desktop,1,1,13,27,5,4,0,0,97.749972,-5.169972000000001,0.9471102360304489
67.26,grocery,46,IL,tablet,2,0,8,25,6,6,1,0,97.749972,-30.489971999999995,0.688082031490689
50.28,grocery,41,NY,mobile,4,0,0,3,10,1,0,1,97.749972,-47.469972,0.5143735436121297
58.31,electronics,18,NY,mobile,2,0,8,4,9,6,1,0,97.749972,-39.439972,0.5965219038986334
78.41,electronics,38,IL,desktop,4,0,2,15,8,1,0,1,97.749972,-19.339972000000003,0.8021485591612388
187.44,entertainment,19,NY,mobile,2,0,16,2,5,1,0,0,97.749972,89.690028,1.9175452866877007
66.82,fashion,21,IL,tablet,5,0,20,26,4,4,0,0,97.749972,-30.929972000000006,0.6835807514749901
35.86,grocery,39,CA,tablet,5,0,18,14,5,1,0,0,97.749972,-61.889972,0.3668543212794545
193.08,electronics,32,NY,tablet,2,0,11,28,4,4,0,0,97.749972,95.33002800000001,1.9752435123434768
135.73,entertainment,36,IL,tablet,2,0,8,25,5,3,0,0,97.749972,37.98002799999999,1.3885425830245497
24.9,electronics,31,NY,mobile,4,0,11,27,9,2,0,0,97.749972,-72.84997200000001,0.2547315281611382
106.47,fashion,28,CA,desktop,6,0,19,17,8,2,0,0,97.749972,8.720028,1.0892074619805778
168.51,grocery,36,FL,tablet,3,0,17,24,4,2,0,0,97.749972,70.76002799999999,1.7238879441941124
25.4,grocery,45,TX,tablet,3,0,11,23,4,6,1,0,97.749972,-72.34997200000001,0.2598466190880687
72.97,entertainment,34,TX,tablet,2,0,3,9,9,0,0,1,97.749972,-24.779972,0.7464963698762351
328.2,fashion,56,TX,mobile,6,1,22,23,2,2,0,1,97.749972,230.45002799999997,3.357545684437171
130.37,fashion,35,CA,desktop,4,0,13,25,7,1,0,0,97.749972,32.620028000000005,1.333708808287855
150.19,entertainment,22,FL,tablet,5,0,4,15,7,5,1,1,97.749972,52.440028,1.5364710126313794
229.51,grocery,21,TX,tablet,2,0,6,27,3,0,0,0,97.749972,131.76002799999998,2.3479290372796315
93.33,entertainment,54,NY,mobile,7,0,10,10,4,2,0,0,97.749972,-4.419972000000001,0.9547828724208446
64.8,fuel,35,FL,mobile,3,0,2,2,3,5,1,1,97.749972,-32.949972,0.662915784130191
133.65,fuel,19,IL,mobile,4,0,20,30,8,4,0,0,97.749972,35.900028000000006,1.367263804768519
14.0,grocery,45,FL,desktop,3,0,4,8,7,0,0,1,97.749972,-83.749972,0.14322254595405362
7.42,electronics,50,CA,mobile,4,0,5,17,5,1,0,1,97.749972,-90.329972,0.07590794935564842
335.28,electronics,34,NY,desktop,1,0,18,11,4,3,0,0,97.749972,237.53002799999996,3.429975371962507
177.33,fashion,34,IL,mobile,5,0,20,4,12,0,0,0,97.749972,79.58002800000001,1.8141181481451665
108.39,electronics,61,NY,mobile,1,0,22,6,3,2,0,1,97.749972,10.640028000000001,1.108849411139991
46.61,electronics,18,IL,mobile,2,0,22,6,3,2,0,1,97.749972,-51.139972,0.4768287762084599
8.4,grocery,66,IL,desktop,2,0,14,14,10,4,0,0,97.749972,-89.349972,0.08593352757243218
78.57,entertainment,33,FL,tablet,6,0,16,27,12,2,0,0,97.749972,-19.179972000000006,0.8037853882578565
22.19,fashion,20,FL,desktop,3,0,0,24,12,1,0,1,97.749972,-75.559972,0.227007735337175
19.77,fuel,47,NY,desktop,3,0,12,12,9,0,0,0,97.749972,-77.979972,0.20225069525083142
54.09,electronics,69,CA,desktop,3,0,19,24,6,4,0,0,97.749972,-43.659971999999996,0.55335053647534
19.16,entertainment,46,FL,desktop,2,0,15,1,10,5,1,0,97.749972,-78.589972,0.19601028431997625
14.58,electronics,53,FL,desktop,3,0,15,28,8,2,0,0,97.749972,-83.169972,0.14915605142929297
560.87,grocery,61,IL,mobile,1,0,3,18,7,0,0,1,97.749972,463.120028,5.737802096375003
238.85,fashion,52,NY,tablet,3,0,7,15,2,2,0,0,97.749972,141.100028,2.443478935794693
268.74,fuel,29,IL,mobile,2,0,22,17,7,0,0,1,97.749972,170.990028,2.749259071406598
22.93,entertainment,24,NY,desktop,5,0,12,2,8,4,0,0,97.749972,-74.819972,0.2345780699090321
79.02,fuel,38,FL,mobile,4,0,17,13,12,4,0,0,97.749972,-18.729972000000004,0.808388970092094
96.16,grocery,50,NY,mobile,4,0,11,14,4,4,0,0,97.749972,-1.589972000000003,0.9837342870672711
6.23,fashion,30,FL,mobile,1,0,10,21,9,2,0,0,97.749972,-91.519972,0.06373403294955386
41.13,grocery,61,IL,desktop,3,0,10,1,11,1,0,0,97.749972,-56.619972,0.42076737964930183
34.06,fuel,26,TX,mobile,1,0,4,21,12,5,1,1,97.749972,-63.689972,0.34843999394250474
45.96,fashion,37,FL,mobile,0,0,2,23,12,0,0,1,97.749972,-51.789972,0.47017915800345034
8.89,electronics,52,TX,tablet,5,0,17,31,8,5,1,0,97.749972,-88.859972,0.09094631668082405
221.51,fuel,21,CA,mobile,4,0,22,2,12,4,0,1,97.749972,123.76002799999999,2.266087582448744
2.42,electronics,67,TX,tablet,3,0,13,6,2,1,0,0,97.749972,-95.329972,0.024757040086343555
55.71,fashion,55,NY,desktop,4,0,15,29,1,5,1,0,97.749972,-42.039972,0.5699234310785948
12.02,grocery,62,IL,tablet,3,0,11,4,2,5,1,0,97.749972,-85.729972,0.12296678588340888
28.72,grocery,48,TX,desktop,4,0,10,5,4,4,0,0,97.749972,-69.029972,0.2938108228428871
37.77,electronics,68,FL,mobile,4,0,20,23,6,6,1,0,97.749972,-59.979972,0.386393968620329
369.87,fashion,66,TX,desktop,4,0,12,15,12,3,0,0,97.749972,272.120028,3.783837362287558
3.5,grocery,58,TX,desktop,1,0,18,11,5,5,1,0,97.749972,-94.249972,0.035805636488513405
195.11,fashion,34,NY,mobile,1,0,6,4,6,5,1,0,97.749972,97.36002800000001,1.9960107815068144
32.12,electronics,29,TX,desktop,5,0,3,11,4,3,0,1,97.749972,-65.62997200000001,0.3285934411460144
6.87,electronics,38,TX,desktop,2,0,15,8,4,5,1,0,97.749972,-90.879972,0.07028134933602488
1.0,fashion,65,IL,tablet,4,0,0,24,11,3,0,1,97.749972,-96.749972,0.010230181853860973
27.29,fuel,22,TX,desktop,4,0,19,27,10,6,1,0,97.749972,-70.459972,0.27918166279186596
56.78,entertainment,63,FL,mobile,3,0,1,20,5,4,0,1,97.749972,-40.969972,0.580869725662226
46.93,grocery,33,NY,tablet,3,0,13,8,12,3,0,0,97.749972,-50.819972,0.4801024344016954
126.37,entertainment,61,IL,tablet,3,0,15,3,12,6,1,0,97.749972,28.620028000000005,1.2927880808724113
34.56,entertainment,35,CA,tablet,0,0,10,20,3,0,0,0,97.749972,-63.189972,0.35355508486943527
4.04,fashion,23,TX,mobile,3,0,15,24,9,1,0,0,97.749972,-93.709972,0.04132993468959833
137.22,fuel,29,FL,mobile,2,0,5,7,6,1,0,1,97.749972,39.470028,1.4037855539868027
73.94,grocery,42,CA,mobile,1,0,8,12,10,2,0,0,97.749972,-23.809972000000002,0.7564196462744803
0.85,grocery,68,TX,mobile,2,0,11,25,9,2,0,0,97.749972,-96.899972,0.008695654575781827
9.77,fashion,42,IL,mobile,1,0,22,22,10,6,1,1,97.749972,-87.979972,0.0999488767122217
73.24,entertainment,29,TX,desktop,5,0,4,7,3,0,0,1,97.749972,-24.509972000000005,0.7492585189767776
127.67,fuel,42,TX,desktop,4,0,3,26,1,4,0,1,97.749972,29.920028000000002,1.3060873172824303
139.2,grocery,45,CA,desktop,2,0,13,24,7,2,0,0,97.749972,41.45002799999999,1.4240413140574473
258.17,entertainment,61,CA,tablet,5,0,21,19,12,3,0,0,97.749972,160.420028,2.6411260492112874
74.67,electronics,30,IL,mobile,3,0,22,25,8,4,0,1,97.749972,-23.079971999999998,0.7638876790277989
5.31,electronics,41,NY,mobile,7,0,18,15,3,1,0,0,97.749972,-92.439972,0.05432226564400176
69.86,entertainment,48,NY,tablet,6,0,6,1,6,5,1,0,97.749972,-27.889972,0.7146805043107275
31.51,fuel,18,TX,desktop,3,0,1,6,2,0,0,1,97.749972,-66.239972,0.32235303021515926
16.82,electronics,43,IL,mobile,3,0,13,7,9,5,1,0,97.749972,-80.92997199999999,0.17207165878194156
74.34,fuel,29,CA,desktop,4,0,16,11,7,1,0,0,97.749972,-23.409971999999996,0.7605117190160248
154.52,fashion,58,FL,mobile,3,0,16,3,9,1,0,0,97.749972,56.77002800000001,1.5807677000585976
31.37,fuel,26,IL,mobile,2,0,6,4,8,4,0,0,97.749972,-66.379972,0.32092080475561874
37.36,grocery,24,FL,mobile,5,0,12,26,6,6,1,0,97.749972,-60.389972,0.38219959406024595
206.64,grocery,22,NY,desktop,3,0,18,9,10,0,0,0,97.749972,108.89002799999999,2.113964778281831
161.35,grocery,41,IL,mobile,5,0,5,30,12,4,0,1,97.749972,63.600027999999995,1.650639842120468
21.93,grocery,49,CA,desktop,3,0,21,14,6,1,0,0,97.749972,-75.819972,0.22434788805517114
157.76,electronics,43,IL,tablet,2,0,8,7,12,5,1,0,97.749972,60.01002799999999,1.613913489265107
209.37,grocery,32,NY,mobile,3,0,2,7,6,2,0,1,97.749972,111.620028,2.1418931747428718
69.84,fashion,51,IL,mobile,3,0,22,15,4,4,0,1,97.749972,-27.909971999999996,0.7144759006736504
103.79,electronics,52,TX,tablet,5,0,14,5,4,2,0,0,97.749972,6.040028000000007,1.0617905746122305
72.4,electronics,20,FL,tablet,4,0,4,8,6,3,0,1,97.749972,-25.349971999999994,0.7406651662195345
7.48,electronics,63,TX,desktop,4,0,13,7,1,4,0,0,97.749972,-90.269972,0.07652176026688008
31.27,entertainment,34,TX,tablet,3,0,4,5,2,6,1,1,97.749972,-66.479972,0.3198977865702326
130.06,electronics,46,FL,desktop,5,0,15,18,7,3,0,0,97.749972,32.310028,1.330537451913158
81.6,entertainment,46,TX,mobile,3,0,9,6,8,5,1,0,97.749972,-16.149972000000005,0.8347828392750554
2.86,electronics,34,IL,mobile,1,0,5,9,5,0,0,1,97.749972,-94.889972,0.029258320102042382
160.65,fashion,46,FL,desktop,3,0,3,3,12,6,1,1,97.749972,62.900028000000006,1.6434787148227654
57.83,entertainment,32,TX,desktop,5,0,15,4,1,2,0,0,97.749972,-39.919972,0.59161141660878
316.51,grocery,27,NY,desktop,1,0,8,1,2,2,0,0,97.749972,218.76002799999998,3.237954858565536
183.13,fashion,36,FL,tablet,1,0,19,10,8,5,1,0,97.749972,85.380028,1.87345320289756
20.67,electronics,59,FL,mobile,3,0,8,21,6,2,0,0,97.749972,-77.079972,0.21145785891930632
10.92,electronics,34,TX,desktop,3,0,16,26,5,4,0,0,97.749972,-86.829972,0.11171358584416183
118.73,fuel,58,IL,mobile,2,0,18,27,10,3,0,0,97.749972,20.980028000000004,1.2146294915089133
227.06,fuel,20,TX,mobile,0,0,19,26,3,6,1,0,97.749972,129.310028,2.3228650917376723
200.68,grocery,24,NY,tablet,4,0,12,4,11,5,1,0,97.749972,102.93002800000001,2.05299289443282
26.26,entertainment,69,NY,tablet,3,0,20,8,7,5,1,0,97.749972,-71.489972,0.2686445754823892
300.59,electronics,50,FL,desktop,2,0,14,13,12,2,0,0,97.749972,202.84002799999996,3.0750903634520697
150.47,grocery,46,FL,tablet,10,0,15,16,7,1,0,0,97.749972,52.720028,1.5393354635504606
45.79,fuel,41,NY,desktop,0,0,23,19,3,6,1,1,97.749972,-51.959972,0.4684400270882939
115.28,electronics,37,TX,mobile,7,0,15,29,3,4,0,0,97.749972,17.530028,1.179335364113093
97.49,fuel,33,NY,tablet,4,0,13,20,8,6,1,0,97.749972,-0.25997200000000475,0.9973404289329062
26.52,grocery,63,CA,tablet,6,0,22,10,10,0,0,1,97.749972,-71.229972,0.271304422764393
8.01,electronics,44,NY,desktop,4,0,17,14,1,5,1,0,97.749972,-89.739972,0.0819437566494264
110.2,fuel,50,FL,tablet,1,0,14,22,3,1,0,0,97.749972,12.450028000000003,1.1273660402954793
178.01,fuel,24,IL,tablet,3,0,11,25,5,3,0,0,97.749972,80.26002799999999,1.8210746718057917
103.77,grocery,37,CA,mobile,4,0,11,30,3,2,0,0,97.749972,6.020027999999996,1.0615859709751532
116.57,fuel,27,CA,desktop,4,0,8,1,5,0,0,0,97.749972,18.820027999999994,1.1925322987045734
7.55,electronics,61,IL,mobile,2,0,7,2,5,3,0,0,97.749972,-90.199972,0.07723787299665034
202.01,fuel,55,FL,desktop,5,0,19,14,8,2,0,0,97.749972,104.26002799999999,2.066599036298455
201.31,electronics,21,NY,tablet,2,0,3,20,9,4,0,1,97.749972,103.560028,2.0594379090007524
24.91,fuel,66,TX,desktop,5,0,23,21,12,3,0,1,97.749972,-72.839972,0.25483382997967685
127.52,fashion,61,NY,mobile,3,0,10,31,1,1,0,0,97.749972,29.770027999999996,1.3045527900043512
12.19,electronics,64,CA,tablet,6,0,21,15,3,1,0,0,97.749972,-85.559972,0.12470591679856526
17.79,fuel,66,FL,tablet,5,0,10,2,5,3,0,0,97.749972,-79.959972,0.1819949351801867
49.77,fuel,18,FL,tablet,3,0,12,18,8,4,0,0,97.749972,-47.979972,0.5091561508666607
8.35,fuel,24,CA,tablet,3,0,5,4,2,4,0,1,97.749972,-89.399972,0.08542201847973911
47.77,entertainment,64,NY,desktop,5,0,8,21,6,4,0,0,97.749972,-49.979972,0.4886957871589387
206.89,fuel,37,FL,tablet,4,0,6,21,2,1,0,0,97.749972,109.14002799999999,2.1165223237452966
5.3,grocery,24,TX,tablet,2,0,2,9,5,3,0,1,97.749972,-92.449972,0.05421996382546315
67.22,electronics,22,NY,tablet,2,0,12,19,5,4,0,0,97.749972,-30.529972,0.6876728242165345
108.58,electronics,68,IL,desktop,5,0,13,17,6,4,0,0,97.749972,10.830027999999999,1.1107931456922244
60.11,entertainment,40,NY,tablet,2,0,21,3,7,2,0,0,97.749972,-37.639972,0.614936231235583
0.02,grocery,59,CA,tablet,2,0,18,6,10,6,1,0,97.749972,-97.729972,0.00020460363707721946
3.97,electronics,40,TX,mobile,1,0,20,20,3,0,0,0,97.749972,-93.779972,0.040613821959828066
18.39,electronics,21,NY,tablet,2,0,0,30,9,4,0,1,97.749972,-79.359972,0.1881330442925033
35.8,grocery,44,NY,mobile,7,0,22,1,7,0,0,1,97.749972,-61.949972,0.3662405103682228
129.27,entertainment,20,FL,tablet,8,0,19,5,11,1,0,0,97.749972,31.52002800000001,1.322455608248608
10.44,electronics,42,NY,mobile,2,0,18,6,12,4,0,0,97.749972,-87.309972,0.10680309855430856
143.14,entertainment,43,TX,mobile,5,0,0,5,9,0,0,1,97.749972,45.39002799999999,1.4643482305616595
67.4,entertainment,19,CA,tablet,0,0,0,7,1,4,0,1,97.749972,-30.349971999999994,0.6895142569502296
3.9,grocery,25,NY,mobile,5,0,13,11,8,4,0,0,97.749972,-93.849972,0.039897709230057796
63.3,fashion,32,CA,tablet,3,0,17,12,7,4,0,0,97.749972,-34.449972,0.6475705113493996
15.95,entertainment,20,IL,tablet,4,0,22,13,12,1,0,1,97.749972,-81.799972,0.1631714005690825
233.73,grocery,61,TX,desktop,3,0,10,6,11,0,0,0,97.749972,135.980028,2.391100404702925
167.35,entertainment,66,TX,tablet,4,0,2,8,3,4,0,1,97.749972,69.600028,1.7120209332436338
267.09,electronics,55,IL,tablet,3,0,11,10,6,5,1,0,97.749972,169.34002799999996,2.732379271347727
73.73,fashion,43,FL,mobile,3,0,5,28,4,3,0,1,97.749972,-24.019971999999996,0.7542713080851695
29.63,grocery,27,NY,mobile,3,0,16,15,5,2,0,0,97.749972,-68.119972,0.3031202883299006
52.67,entertainment,40,NY,mobile,5,0,17,2,7,1,0,0,97.749972,-45.079972,0.5388236782428575
54.19,fuel,35,TX,desktop,2,0,20,27,8,1,0,0,97.749972,-43.559972,0.5543735546607261
344.81,fashion,63,IL,mobile,1,0,12,22,12,6,1,0,97.749972,247.060028,3.527469005029802
176.13,fashion,69,TX,desktop,6,0,8,3,6,5,1,0,97.749972,78.380028,1.801841929920533
60.18,fuel,58,NY,desktop,2,0,23,28,10,0,0,1,97.749972,-37.569972,0.6156523439653533
203.79,entertainment,28,FL,desktop,2,0,7,6,12,2,0,0,97.749972,106.04002799999999,2.0848087599983276
29.37,grocery,32,TX,desktop,2,0,17,19,4,2,0,0,97.749972,-68.379972,0.30046044104789676
95.32,grocery,40,FL,tablet,1,0,16,4,7,1,0,0,97.749972,-2.4299720000000065,0.9751409343100278
160.52,grocery,35,IL,mobile,6,0,5,17,11,4,0,1,97.749972,62.77002800000001,1.6421487911817634
8.91,electronics,69,FL,tablet,1,0,7,23,7,5,1,0,97.749972,-88.839972,0.09115092031790127
69.83,electronics,57,IL,tablet,1,0,21,25,11,5,1,0,97.749972,-27.919972,0.7143735988551118
137.17,fashion,40,IL,mobile,5,0,8,26,9,3,0,0,97.749972,39.42002799999999,1.4032740448941095
19.12,entertainment,24,FL,mobile,3,0,13,18,8,6,1,0,97.749972,-78.629972,0.1956010770458218
81.38,fuel,19,FL,mobile,2,0,7,30,1,0,0,0,97.749972,-16.369972000000004,0.8325321992672059
156.31,grocery,37,NY,mobile,6,0,20,3,3,6,1,0,97.749972,58.560028,1.5990797255770086
35.51,fashion,34,TX,desktop,2,0,4,17,2,5,1,1,97.749972,-62.239972,0.3632737576306031
11.3,fuel,44,NY,tablet,4,0,17,26,11,5,1,0,97.749972,-86.449972,0.115601054948629
25.04,entertainment,38,FL,tablet,2,0,5,6,4,2,0,1,97.749972,-72.709972,0.2561637536206787
40.17,electronics,55,TX,desktop,1,0,2,24,5,1,0,1,97.749972,-57.579972,0.4109464050695953
8.11,fashion,54,IL,desktop,3,0,2,28,6,2,0,1,97.749972,-89.639972,0.08296677483481248
350.25,entertainment,24,FL,tablet,2,0,21,21,11,0,0,0,97.749972,252.500028,3.583121194314806
146.27,electronics,55,TX,desktop,4,0,0,21,9,3,0,1,97.749972,48.52002800000001,1.4963686997642447
122.84,electronics,41,NY,tablet,1,0,11,25,7,1,0,0,97.749972,25.090028000000004,1.256675538928282
119.43,grocery,67,FL,mobile,4,0,16,31,10,0,0,0,97.749972,21.680028000000007,1.221790618806616
10.75,electronics,41,CA,desktop,4,0,7,16,11,3,0,0,97.749972,-86.999972,0.10997445492900546
10.96,electronics,58,FL,mobile,3,0,1,26,3,6,1,1,97.749972,-86.789972,0.11212279311831627
26.51,electronics,37,FL,desktop,2,0,20,26,1,3,0,0,97.749972,-71.239972,0.2712021209458544
5.09,fashion,31,CA,desktop,2,0,12,11,8,4,0,0,97.749972,-92.659972,0.05207162563615235
12.08,grocery,26,FL,tablet,6,0,18,25,8,6,1,0,97.749972,-85.669972,0.12358059679464055
0.54,grocery,50,CA,tablet,2,0,4,28,12,3,0,1,97.749972,-97.209972,0.005524298201084926
23.73,entertainment,61,FL,tablet,5,0,9,27,2,1,0,0,97.749972,-74.019972,0.2427622153921209
3.05,electronics,66,TX,desktop,4,0,11,16,5,1,0,0,97.749972,-94.699972,0.031202054654275967
4.09,fashion,52,IL,mobile,4,0,6,10,2,3,0,0,97.749972,-93.659972,0.041841443782291377
64.82,grocery,45,TX,desktop,3,0,22,16,10,0,0,1,97.749972,-32.92997200000001,0.6631203877672682
104.61,fashion,31,CA,tablet,3,0,3,16,4,5,1,1,97.749972,6.860028,1.0701793237323964
185.93,entertainment,45,CA,mobile,2,0,2,5,9,3,0,1,97.749972,88.18002800000001,1.9020977120883706
178.6,grocery,64,NY,desktop,4,0,2,3,8,5,1,1,97.749972,80.850028,1.8271104790995696
93.8,entertainment,19,TX,mobile,1,0,10,6,3,0,0,0,97.749972,-3.9499720000000025,0.9595910578921593
16.49,fuel,30,CA,desktop,4,0,20,2,12,5,1,0,97.749972,-81.259972,0.16869569877016743
110.57,entertainment,24,IL,desktop,1,0,0,25,12,0,0,1,97.749972,12.820027999999994,1.1311512075814076
32.21,fashion,69,IL,tablet,3,0,2,7,7,4,0,1,97.749972,-65.539972,0.32951415751286195
99.38,electronics,19,IL,desktop,4,0,15,31,3,4,0,0,97.749972,1.6300279999999958,1.0166754726367033
282.41,entertainment,47,TX,tablet,6,0,16,17,7,2,0,0,97.749972,184.660028,2.8891056573488774
18.78,electronics,39,IL,mobile,1,0,2,25,4,3,0,1,97.749972,-78.969972,0.19212281521550909
84.81,electronics,18,NY,mobile,1,0,0,27,11,6,1,1,97.749972,-12.939971999999997,0.8676217230259491
330.76,electronics,24,NY,tablet,4,0,8,20,8,6,1,0,97.749972,233.01002799999998,3.3837349499830554
43.74,grocery,38,FL,tablet,3,0,6,5,8,0,0,0,97.749972,-54.009972,0.44746815428787895
53.47,entertainment,26,CA,desktop,4,0,7,28,2,0,0,0,97.749972,-44.279972,0.5470078237259463
133.91,grocery,35,IL,mobile,3,0,0,27,7,2,0,1,97.749972,36.160028,1.369923652050523
65.52,electronics,57,TX,desktop,4,0,3,23,4,1,0,1,97.749972,-32.229972000000004,0.6702815150649709
55.38,fuel,44,CA,desktop,1,0,19,19,2,0,0,0,97.749972,-42.369972,0.5665474710668207
11.31,fashion,31,NY,desktop,1,0,11,19,12,1,0,0,97.749972,-86.439972,0.1157033567671676
94.59,electronics,45,IL,tablet,4,0,1,26,8,0,0,1,97.749972,-3.1599719999999962,0.9676729015567095
33.5,grocery,46,FL,mobile,2,0,21,30,9,5,1,0,97.749972,-64.249972,0.3427110921043426
33.7,electronics,18,NY,mobile,3,0,17,26,7,1,0,0,97.749972,-64.049972,0.3447571284751148
13.33,grocery,55,NY,mobile,1,0,3,20,10,3,0,1,97.749972,-84.419972,0.13636832411196675
26.31,entertainment,45,NY,mobile,2,0,1,28,3,3,0,1,97.749972,-71.439972,0.26915608457508217
97.78,fashion,30,IL,tablet,3,0,4,1,7,0,0,1,97.749972,0.030028000000001498,1.000307181670526
44.99,fuel,21,NY,desktop,2,0,13,21,10,4,0,0,97.749972,-52.759972,0.4602558816052052
52.64,fashion,22,IL,desktop,3,0,21,10,11,4,0,0,97.749972,-45.109972,0.5385167727872416
263.36,grocery,48,IL,desktop,4,0,5,30,11,2,0,1,97.749972,165.610028,2.694220693032826
249.67,entertainment,34,IL,tablet,0,0,14,16,4,1,0,0,97.749972,151.920028,2.554169503453469
311.57,fuel,34,NY,mobile,2,0,20,20,2,0,0,0,97.749972,213.82002799999998,3.187417760207463
125.21,entertainment,37,NY,tablet,5,0,10,27,3,0,0,0,97.749972,27.460027999999994,1.2809210699219322
19.7,fuel,27,FL,tablet,4,0,5,29,4,4,0,1,97.749972,-78.049972,0.20153458252106116
52.97,electronics,36,TX,desktop,3,0,1,20,3,6,1,1,97.749972,-44.779972,0.5418927327990157
17.73,entertainment,37,FL,mobile,6,0,12,7,9,3,0,0,97.749972,-80.019972,0.18138112426895506
152.75,electronics,66,FL,desktop,6,0,2,15,10,5,1,1,97.749972,55.000028,1.5626602781772636
4.16,entertainment,20,FL,desktop,0,0,21,7,1,6,1,0,97.749972,-93.589972,0.042557556512061646
99.49,fashion,30,FL,tablet,2,0,5,31,3,6,1,1,97.749972,1.7400279999999952,1.017800792640628
3.48,fashion,43,IL,desktop,1,0,17,25,2,5,1,0,97.749972,-94.269972,0.03560103285143618
48.25,grocery,27,FL,desktop,3,0,19,1,9,6,1,0,97.749972,-49.499972,0.49360627444879196
37.15,grocery,18,FL,desktop,2,0,6,30,8,2,0,0,97.749972,-60.599972,0.38005125587093513
195.55,entertainment,69,IL,desktop,2,0,17,17,10,3,0,0,97.749972,97.80002800000001,2.0005120615225134
108.56,grocery,51,CA,desktop,4,0,18,28,2,0,0,0,97.749972,10.810028000000003,1.1105885420551471
40.8,grocery,32,NY,tablet,0,0,2,6,1,5,1,1,97.749972,-56.949972,0.4173914196375277
89.57,fashion,24,FL,tablet,2,0,11,29,11,4,0,0,97.749972,-8.179972000000006,0.9163173886503273
71.63,grocery,33,NY,desktop,4,0,19,25,2,4,0,0,97.749972,-26.119972000000004,0.7327879261920615
29.07,grocery,32,TX,mobile,3,0,18,7,9,2,0,0,97.749972,-68.67997199999999,0.29739138649173846
297.37,grocery,64,IL,desktop,1,0,0,25,9,0,0,1,97.749972,199.620028,3.0421491778826377
14.21,entertainment,20,TX,desktop,3,0,18,17,12,5,1,0,97.749972,-83.539972,0.14537088414336444
77.46,fuel,67,CA,mobile,4,0,12,20,7,5,1,0,97.749972,-20.289972000000006,0.7924298864000708
247.09,entertainment,45,NY,mobile,2,0,3,2,7,1,0,1,97.749972,149.34002800000002,2.5277756342705078
43.61,fashion,25,CA,tablet,2,0,17,20,12,2,0,0,97.749972,-54.139972,0.446138230646877
34.76,entertainment,68,FL,desktop,3,0,22,11,2,5,1,1,97.749972,-62.989972,0.3556011212402074
513.95,grocery,25,FL,desktop,1,0,14,1,1,5,1,0,97.749972,416.20002800000003,5.257801963791848
101.35,electronics,31,CA,tablet,2,0,3,22,1,5,1,1,97.749972,3.6000279999999947,1.0368289308888095
158.69,electronics,44,FL,mobile,1,0,16,3,1,1,0,0,97.749972,60.940028,1.6234275583891977
10.67,fuel,43,FL,tablet,4,0,21,26,1,3,0,0,97.749972,-87.079972,0.10915604038069658
46.57,fashion,67,CA,tablet,3,0,22,28,10,0,0,1,97.749972,-51.179972,0.4764195689343055
213.58,grocery,23,CA,tablet,4,0,6,4,3,4,0,0,97.749972,115.83002800000001,2.1849622403476268
75.93,fashion,52,CA,desktop,2,0,13,22,10,5,1,0,97.749972,-21.819971999999993,0.7767777081636638
138.49,grocery,39,NY,desktop,5,0,10,15,9,3,0,0,97.749972,40.74002800000001,1.4167778849412063
372.45,entertainment,56,TX,mobile,2,0,4,10,2,5,1,1,97.749972,274.700028,3.810231231470519
49.37,fashion,64,FL,mobile,0,0,5,2,5,0,0,1,97.749972,-48.379972,0.5050640781251162
26.45,entertainment,41,IL,mobile,5,0,20,15,3,4,0,0,97.749972,-71.299972,0.27058831003462275
69.35,fuel,54,IL,mobile,2,0,6,30,6,6,1,0,97.749972,-28.399972000000005,0.7094631115652584
109.38,electronics,45,NY,mobile,1,0,10,14,7,3,0,0,97.749972,11.630027999999996,1.118977291175313
30.08,fuel,31,CA,mobile,4,0,1,2,5,1,0,1,97.749972,-67.669972,0.30772387016413805
136.08,electronics,36,FL,tablet,4,0,14,25,8,3,0,0,97.749972,38.33002800000001,1.3921231466734012
49.22,fuel,29,TX,mobile,1,0,3,29,7,5,1,1,97.749972,-48.529972,0.5035295508470371
175.75,grocery,30,TX,mobile,3,0,20,29,1,0,0,0,97.749972,78.000028,1.797954460816066
169.88,electronics,61,FL,desktop,4,0,15,21,4,6,1,0,97.749972,72.130028,1.737903293333902
80.88,fashion,44,IL,mobile,1,0,19,24,6,5,1,0,97.749972,-16.869972000000004,0.8274171083402754
83.42,grocery,50,IL,desktop,2,0,2,11,11,4,0,1,97.749972,-14.329971999999998,0.8534017702490824
10.61,entertainment,34,NY,mobile,4,0,9,19,2,0,0,0,97.749972,-87.139972,0.10854222946946492
69.37,electronics,60,FL,desktop,4,0,8,24,5,1,0,0,97.749972,-28.379971999999995,0.7096677152023357
13.94,fuel,46,FL,desktop,3,0,0,22,9,4,0,1,97.749972,-83.809972,0.14260873504282195
65.11,entertainment,59,CA,desktop,2,0,19,24,12,6,1,0,97.749972,-32.639972,0.6660871405048879
30.42,entertainment,68,FL,desktop,3,0,7,4,11,5,1,0,97.749972,-67.329972,0.3112021319944508
57.06,electronics,68,IL,mobile,2,0,18,7,1,6,1,0,97.749972,-40.689972,0.5837341765813071
70.35,entertainment,59,CA,tablet,3,0,19,22,1,5,1,0,97.749972,-27.399972000000005,0.7196932934191194
159.0,grocery,51,TX,tablet,0,0,3,23,5,1,0,1,97.749972,61.250028,1.6265989147638946
13.59,fashion,41,TX,mobile,2,0,7,5,1,3,0,0,97.749972,-84.159972,0.1390281713939706
52.19,fashion,40,FL,tablet,3,0,5,20,1,3,0,1,97.749972,-45.559972,0.5339131909530042
62.43,electronics,48,FL,tablet,4,0,8,9,11,2,0,0,97.749972,-35.319972,0.6386702531365406
99.21,fuel,40,NY,desktop,3,0,21,28,10,0,0,0,97.749972,1.460027999999994,1.0149363417215471
353.72,fashion,29,FL,mobile,5,0,20,29,1,5,1,0,97.749972,255.970028,3.6186199253477036
37.83,electronics,48,CA,desktop,5,0,5,5,1,3,0,1,97.749972,-59.919972,0.38700777953156057
11.3,fuel,65,TX,desktop,7,0,5,21,1,4,0,1,97.749972,-86.449972,0.115601054948629
75.99,fashion,47,CA,mobile,4,0,11,16,3,3,0,0,97.749972,-21.759972000000005,0.7773915190748952
46.05,entertainment,46,NY,tablet,1,0,23,12,5,4,0,1,97.749972,-51.699972,0.47109987437029777
119.46,fashion,33,CA,mobile,7,0,4,6,11,6,1,1,97.749972,21.710027999999994,1.2220975242622318
186.02,entertainment,32,IL,desktop,3,0,10,1,5,6,1,0,97.749972,88.27002800000001,1.9030184284552183
12.77,fuel,42,NY,tablet,4,0,22,14,8,2,0,1,97.749972,-84.979972,0.13063942227380462
57.57,fuel,28,FL,mobile,4,0,9,12,1,2,0,0,97.749972,-40.179972,0.5889515693267762
62.79,entertainment,51,CA,desktop,3,0,21,19,3,1,0,0,97.749972,-34.959972,0.6423531186039305
58.26,entertainment,64,CA,tablet,2,0,23,24,2,3,0,1,97.749972,-39.489972,0.5960103948059402
73.2,entertainment,38,IL,desktop,4,0,6,14,5,5,1,0,97.749972,-24.549971999999997,0.7488493117026233
26.32,fuel,27,TX,mobile,2,0,0,1,2,1,0,1,97.749972,-71.42997199999999,0.2692583863936208
7.69,entertainment,59,IL,tablet,7,0,4,13,11,0,0,1,97.749972,-90.059972,0.07867009845619088
63.42,electronics,69,CA,desktop,6,0,7,27,9,4,0,0,97.749972,-34.329972,0.6487981331718629
106.4,fashion,45,NY,desktop,5,0,11,28,8,2,0,0,97.749972,8.650028000000006,1.0884913492508075
89.63,fuel,47,FL,desktop,4,0,10,14,6,4,0,0,97.749972,-8.119972000000004,0.9169311995615589
27.51,fashion,50,TX,mobile,4,0,3,24,3,3,0,1,97.749972,-70.239972,0.2814323027997154
3.08,electronics,21,TX,tablet,3,0,9,24,9,1,0,0,97.749972,-94.669972,0.0315089601098918
369.24,fashion,39,TX,mobile,3,0,14,14,9,2,0,0,97.749972,271.490028,3.777392347719626
8.62,fuel,40,IL,mobile,4,0,12,20,10,4,0,0,97.749972,-89.129972,0.08818416758028158
15.14,fuel,58,FL,desktop,4,0,8,11,7,1,0,0,97.749972,-82.609972,0.15488495326745513
29.48,grocery,18,CA,desktop,3,1,19,17,1,2,0,0,97.749972,-68.269972,0.3015857610518215
15.51,entertainment,45,CA,desktop,3,0,10,19,9,0,0,0,97.749972,-82.239972,0.1586701205533837
224.53,electronics,59,IL,tablet,8,0,4,11,2,4,0,1,97.749972,126.780028,2.2969827316474043
53.98,fashion,21,FL,mobile,2,0,15,21,5,5,1,0,97.749972,-43.769972,0.5522252164714153
25.96,fashion,19,FL,desktop,1,0,18,14,10,0,0,0,97.749972,-71.789972,0.2655755209262309
239.7,fuel,50,NY,desktop,2,0,23,2,11,5,1,1,97.749972,141.95002799999997,2.452174590370475
150.74,fuel,59,NY,mobile,2,0,17,15,2,3,0,0,97.749972,52.99002800000001,1.542097612651003
74.99,fashion,34,FL,mobile,3,0,13,31,3,3,0,0,97.749972,-22.759972000000005,0.7671613372210343
212.09,grocery,44,IL,mobile,4,0,1,4,5,5,1,1,97.749972,114.340028,2.1697192693853737
55.3,grocery,28,TX,mobile,3,0,18,17,5,4,0,0,97.749972,-42.449972,0.5657290565185118
97.47,entertainment,54,CA,mobile,2,0,7,21,12,2,0,0,97.749972,-0.2799720000000008,0.997135825295829
2.4,fuel,29,FL,mobile,3,0,15,11,6,5,1,0,97.749972,-95.349972,0.024552436449266333
102.41,electronics,51,CA,desktop,3,0,9,9,4,1,0,0,97.749972,4.660027999999997,1.0476729236539022
233.41,fashion,28,NY,mobile,0,0,8,9,2,2,0,0,97.749972,135.660028,2.3878267465096896
33.11,fuel,34,TX,mobile,4,0,15,4,4,1,0,0,97.749972,-64.639972,0.3387213211813368
82.53,electronics,32,CA,mobile,4,0,4,26,2,5,1,1,97.749972,-15.219971999999999,0.8442969083991461
8.66,fashion,69,NY,tablet,2,0,13,17,3,3,0,0,97.749972,-89.089972,0.08859337485443602
70.71,fuel,30,TX,mobile,7,0,15,7,6,4,0,0,97.749972,-27.039972000000006,0.7233761588865093
16.77,fuel,66,FL,desktop,4,0,8,18,6,6,1,0,97.749972,-80.979972,0.17156014968924851
354.57,grocery,21,CA,tablet,1,0,17,27,10,6,1,0,97.749972,256.820028,3.627315579923485
25.19,grocery,37,NY,desktop,4,0,16,29,5,2,0,0,97.749972,-72.559972,0.2576982808987579
3.91,fashion,52,FL,tablet,3,0,6,10,8,2,0,0,97.749972,-93.839972,0.04000001104859641
179.68,grocery,68,NY,tablet,5,0,12,6,3,2,0,0,97.749972,81.93002800000001,1.8381590755017396
52.9,grocery,32,IL,mobile,3,0,4,25,4,3,0,1,97.749972,-44.849972,0.5411766200692455
89.77,electronics,27,FL,tablet,3,0,16,17,9,5,1,0,97.749972,-7.979972000000004,0.9183634250210995
5.43,fuel,26,CA,desktop,1,0,9,10,11,4,0,0,97.749972,-92.319972,0.05554988746646508
13.64,grocery,20,FL,desktop,1,0,15,12,8,5,1,0,97.749972,-84.109972,0.13953968048666368
100.51,fashion,68,CA,desktop,2,0,10,8,3,4,0,0,97.749972,2.7600280000000055,1.0282355781315664
124.7,electronics,25,TX,tablet,2,0,10,4,11,5,1,0,97.749972,26.950028000000003,1.2757036771764634
20.0,grocery,40,TX,tablet,5,0,16,3,10,1,0,0,97.749972,-77.749972,0.20460363707721946
122.5,fashion,61,TX,tablet,5,0,22,10,7,2,0,1,97.749972,24.750028,1.2531972770979691
52.03,fashion,58,TX,tablet,4,0,14,21,5,5,1,0,97.749972,-45.719972,0.5322763618563864
19.86,grocery,62,CA,tablet,5,0,23,13,12,2,0,1,97.749972,-77.889972,0.2031714116176789
111.74,entertainment,41,NY,desktop,5,0,21,12,3,6,1,0,97.749972,13.990027999999995,1.143120520350425
175.07,grocery,58,CA,mobile,6,0,5,14,9,5,1,1,97.749972,77.320028,1.7909979371554405
86.25,fuel,20,CA,tablet,3,0,9,19,1,2,0,0,97.749972,-11.499972,0.8823531848955088
98.71,fuel,61,FL,tablet,4,0,5,20,6,0,0,1,97.749972,0.9600279999999941,1.0098212507946165
17.14,fashion,62,CA,desktop,1,0,16,30,8,2,0,0,97.749972,-80.609972,0.17534531697517708
146.63,fuel,63,FL,tablet,2,0,13,27,2,6,1,0,97.749972,48.880027999999996,1.5000515652316344
0.02,grocery,26,TX,desktop,4,0,21,11,5,2,0,0,97.749972,-97.729972,0.00020460363707721946
104.02,grocery,50,NY,tablet,5,0,19,31,8,3,0,0,97.749972,6.270027999999996,1.0641435164386184
39.77,fashion,48,NY,desktop,2,0,0,30,10,6,1,1,97.749972,-57.979972,0.4068543323280509
51.94,grocery,36,FL,mobile,3,0,12,21,6,1,0,0,97.749972,-45.809972,0.531355645489539
15.22,electronics,19,TX,tablet,5,0,16,29,7,5,1,0,97.749972,-82.529972,0.15570336781576402
79.82,electronics,36,CA,mobile,2,0,15,30,4,1,0,0,97.749972,-17.929972000000006,0.8165731155751828
211.1,fuel,21,NY,desktop,4,0,23,27,9,2,0,1,97.749972,113.350028,2.159591389350051
24.81,fashion,49,TX,mobile,1,0,2,10,7,0,0,1,97.749972,-72.939972,0.2538108117942907
52.43,electronics,18,CA,tablet,5,1,20,18,7,1,0,0,97.749972,-45.319972,0.5363684345979308
6.93,electronics,37,IL,desktop,5,0,18,8,3,1,0,0,97.749972,-90.819972,0.07089516024725653
292.37,grocery,42,FL,desktop,4,0,19,23,8,1,0,0,97.749972,194.620028,2.9909982686133327
67.92,fuel,62,CA,mobile,1,0,15,6,5,0,0,0,97.749972,-29.829971999999998,0.6948339515142373
51.4,electronics,47,NY,tablet,0,0,5,2,9,5,1,1,97.749972,-46.349972,0.5258313472884539
3.09,electronics,23,NY,tablet,1,0,17,21,12,3,0,0,97.749972,-94.659972,0.031611261928430404
294.05,fashion,59,NY,mobile,7,0,10,13,8,6,1,0,97.749972,196.300028,3.0081849741278193
103.61,electronics,18,IL,tablet,5,0,0,17,8,3,0,1,97.749972,5.860028,1.0599491418785354
101.55,entertainment,24,CA,tablet,2,0,13,27,10,3,0,0,97.749972,3.8000279999999975,1.0388749672595818
35.07,entertainment,34,FL,tablet,3,0,6,24,10,3,0,0,97.749972,-62.679972,0.35877247761490433
282.6,electronics,25,CA,tablet,6,0,3,21,10,0,0,1,97.749972,184.850028,2.8910493919011113
44.54,electronics,55,FL,tablet,3,0,19,18,10,4,0,0,97.749972,-53.209972,0.4556522997709677
122.69,fashion,29,CA,tablet,3,0,2,26,8,4,0,1,97.749972,24.940027999999998,1.2551410116502026
45.63,fashion,54,TX,desktop,2,0,1,22,12,6,1,1,97.749972,-52.119972,0.4668031979916762
9.99,entertainment,24,IL,tablet,3,0,12,3,3,6,1,0,97.749972,-87.759972,0.10219951672007112
78.63,grocery,68,NY,mobile,7,0,17,12,9,3,0,0,97.749972,-19.119972000000004,0.8043991991690882
289.59,fuel,40,CA,desktop,4,0,4,2,3,2,0,1,97.749972,191.84002799999996,2.962558363059599
222.84,fuel,22,IL,tablet,0,0,16,22,6,3,0,0,97.749972,125.090028,2.279693724314379
36.0,fuel,59,CA,desktop,4,0,12,9,7,5,1,0,97.749972,-61.749972,0.368286546738995
206.78,fuel,52,CA,mobile,5,0,10,6,2,1,0,0,97.749972,109.030028,2.115397003741372
84.89,grocery,37,TX,desktop,1,0,4,5,1,3,0,1,97.749972,-12.859971999999999,0.868440137574258
69.31,electronics,69,FL,desktop,4,0,13,23,9,4,0,0,97.749972,-28.439971999999997,0.709053904291104
65.54,fashion,32,CA,mobile,2,0,3,11,5,2,0,1,97.749972,-32.20997199999999,0.6704861187020482
51.92,entertainment,60,IL,desktop,7,0,10,15,8,0,0,0,97.749972,-45.829972,0.5311510418524618
271.62,electronics,53,FL,desktop,4,0,22,4,8,3,0,1,97.749972,173.870028,2.7787219951457174
105.64,fuel,46,FL,desktop,3,0,0,8,11,1,0,1,97.749972,7.890028000000001,1.0807164110418732
70.06,grocery,63,IL,tablet,2,0,10,14,7,3,0,0,97.749972,-27.689971999999997,0.7167265406814998
300.34,entertainment,33,NY,desktop,2,0,4,1,6,3,0,1,97.749972,202.59002799999996,3.0725328179886042
27.97,fashion,63,NY,desktop,6,1,2,9,12,0,0,1,97.749972,-69.779972,0.2861381864524914
88.39,fashion,43,TX,mobile,3,0,6,18,5,2,0,0,97.749972,-9.359971999999999,0.9042457740627714
404.68,fashion,37,TX,tablet,6,0,5,7,2,1,0,1,97.749972,306.930028,4.139949992620458
87.08,grocery,48,IL,tablet,1,0,4,24,3,4,0,1,97.749972,-10.669972000000001,0.8908442358342135
142.78,fuel,32,IL,tablet,5,0,6,15,10,6,1,0,97.749972,45.030028,1.4606653650942698
4.9,electronics,45,CA,desktop,2,0,1,6,11,6,1,1,97.749972,-92.849972,0.05012789108391877
0.24,entertainment,60,NY,mobile,6,0,6,28,12,2,0,0,97.749972,-97.509972,0.0024552436449266335
5.62,electronics,50,NY,desktop,3,0,9,11,6,1,0,0,97.749972,-92.129972,0.05749362201869867
151.76,grocery,55,NY,tablet,0,0,8,2,10,0,0,0,97.749972,54.01002799999999,1.5525323981419412
92.9,fuel,39,IL,mobile,0,0,17,19,9,0,0,0,97.749972,-4.849971999999994,0.9503838942236844
55.82,entertainment,34,IL,tablet,3,0,4,11,4,1,0,1,97.749972,-41.929972,0.5710487510825195
72.09,fuel,67,CA,tablet,1,0,0,1,7,5,1,1,97.749972,-25.659971999999996,0.7374938098448376
35.28,grocery,25,IL,desktop,2,0,16,14,7,6,1,0,97.749972,-62.469972,0.36092081580421514
80.0,fashion,24,NY,tablet,1,0,8,7,3,3,0,0,97.749972,-17.749972,0.8184145483088778
59.79,grocery,23,CA,mobile,1,0,15,28,4,4,0,0,97.749972,-37.959972,0.6116625730423475
72.8,grocery,69,TX,desktop,6,0,10,5,11,1,0,0,97.749972,-24.949972000000002,0.7447572389610788
201.7,entertainment,68,IL,mobile,3,0,18,25,6,6,1,0,97.749972,103.95002799999999,2.063427679923758
6.33,electronics,48,FL,mobile,3,0,23,31,5,2,0,1,97.749972,-91.419972,0.06475705113493996
86.4,grocery,31,NY,desktop,3,0,19,26,5,3,0,0,97.749972,-11.349971999999994,0.8838877121735881
68.66,entertainment,65,CA,tablet,0,0,14,24,10,0,0,0,97.749972,-29.089972000000003,0.7024042860860944
424.06,electronics,56,TX,desktop,3,0,17,12,5,3,0,0,97.749972,326.310028,4.3382109169482845
110.68,fuel,25,TX,tablet,1,0,7,19,4,1,0,0,97.749972,12.930028000000007,1.1322765275853326
29.36,grocery,68,FL,tablet,0,0,6,3,6,0,0,0,97.749972,-68.389972,0.30035813922935817
75.75,grocery,55,CA,tablet,3,0,16,1,6,5,1,0,97.749972,-21.999972,0.7749362754299687
54.06,fashion,22,NY,desktop,2,0,22,25,4,3,0,1,97.749972,-43.689972,0.5530436310197242
163.46,fuel,27,IL,tablet,2,0,3,13,10,3,0,1,97.749972,65.71002800000001,1.6722255258321146
117.97,fashion,57,TX,desktop,3,0,12,21,12,5,1,0,97.749972,20.220028,1.206854553299979
158.09,fashion,64,FL,tablet,3,0,9,18,9,6,1,0,97.749972,60.340028000000004,1.6172894492768812
4.09,fashion,34,IL,mobile,4,0,4,24,6,0,0,1,97.749972,-93.659972,0.041841443782291377
25.51,fashion,28,NY,mobile,2,0,4,16,4,6,1,1,97.749972,-72.239972,0.26097193909199345
115.8,grocery,25,NY,desktop,4,0,8,2,8,4,0,0,97.749972,18.050027999999998,1.1846550586771005
101.67,electronics,64,NY,desktop,1,0,4,4,6,1,0,1,97.749972,3.920028000000002,1.040102589082045
117.93,grocery,52,CA,desktop,4,0,17,18,7,1,0,0,97.749972,20.180028000000007,1.2064453460258246
3.09,fashion,56,FL,desktop,3,0,21,20,2,1,0,0,97.749972,-94.659972,0.031611261928430404
117.91,grocery,62,TX,desktop,3,0,18,5,4,2,0,0,97.749972,20.160027999999997,1.2062407423887473
187.71,fashion,38,IL,desktop,4,0,1,22,9,4,0,1,97.749972,89.96002800000001,1.9203074357882433
225.21,electronics,40,TX,desktop,1,0,19,7,11,3,0,0,97.749972,127.46002800000001,2.3039392553080296
428.14,grocery,39,IL,tablet,2,0,20,12,3,1,0,0,97.749972,330.390028,4.379950058912037
48.62,fuel,39,CA,mobile,1,0,14,20,1,4,0,0,97.749972,-49.129972,0.49739144173472044
77.77,fuel,65,IL,mobile,3,0,3,9,11,3,0,1,97.749972,-19.979972000000004,0.7956012427747678
32.34,fuel,61,NY,desktop,1,0,7,14,10,4,0,0,97.749972,-65.409972,0.3308440811538639
7.31,grocery,40,NY,tablet,2,0,5,20,9,4,0,1,97.749972,-90.439972,0.07478262935172371
147.15,grocery,41,NY,mobile,6,0,14,7,9,5,1,0,97.749972,49.400028000000006,1.5053712597956421
33.58,fashion,56,FL,tablet,8,0,12,19,11,6,1,0,97.749972,-64.169972,0.3435295066526515
35.17,fuel,39,TX,tablet,2,0,20,30,3,2,0,0,97.749972,-62.579972,0.3597954958002904
40.78,fashion,35,IL,tablet,3,0,0,27,7,3,0,1,97.749972,-56.969972,0.4171868160004505
188.67,fashion,30,CA,desktop,5,0,1,23,5,0,0,1,97.749972,90.92002799999999,1.9301284103679497
82.99,fuel,19,CA,tablet,3,0,21,7,4,6,1,0,97.749972,-14.759972000000005,0.8490027920519221
58.06,entertainment,44,FL,tablet,4,0,23,16,7,5,1,1,97.749972,-39.689972,0.5939643584351681
26.14,electronics,47,FL,tablet,3,0,7,23,5,1,0,0,97.749972,-71.609972,0.26741695365992585
1.62,fashion,68,CA,tablet,5,0,10,8,10,1,0,0,97.749972,-96.129972,0.016572894603254777
85.23,grocery,50,TX,desktop,1,0,9,25,3,5,1,0,97.749972,-12.519971999999996,0.8719183994045707
39.35,electronics,59,TX,tablet,2,0,5,15,3,4,0,1,97.749972,-58.399972,0.40255765594942927
114.96,entertainment,55,TX,tablet,2,0,2,5,11,1,0,1,97.749972,17.210027999999994,1.1760617059198573
75.51,fashion,41,TX,desktop,4,0,11,15,6,2,0,0,97.749972,-22.239971999999995,0.7724810317850421
14.02,electronics,26,TX,desktop,7,0,12,4,8,4,0,0,97.749972,-83.729972,0.14342714959113084
229.83,fuel,52,IL,tablet,2,0,17,31,5,4,0,0,97.749972,132.08002800000003,2.3512026954728675
269.22,fashion,18,CA,desktop,3,0,10,21,11,0,0,0,97.749972,171.470028,2.7541695586964514
54.35,fuel,36,NY,desktop,2,0,15,27,6,0,0,0,97.749972,-43.399972,0.5560103837573439
18.62,electronics,47,TX,mobile,4,0,20,21,2,2,0,0,97.749972,-79.129972,0.1904859861188913
260.89,grocery,53,NY,mobile,4,0,20,15,1,6,1,0,97.749972,163.14002799999997,2.668952143853789
57.47,fashion,22,FL,mobile,2,0,9,7,2,2,0,0,97.749972,-40.279972,0.5879285511413901
46.75,electronics,48,TX,tablet,4,0,1,7,9,3,0,1,97.749972,-50.999972,0.47826100166800045
45.68,electronics,32,FL,desktop,3,0,16,11,9,2,0,0,97.749972,-52.069972,0.46731470708436923
107.71,fashion,40,FL,desktop,1,0,18,21,9,3,0,0,97.749972,9.960027999999994,1.1018928874793652
51.56,grocery,31,IL,desktop,0,0,21,11,8,6,1,0,97.749972,-46.189972,0.5274681763850718
212.24,entertainment,66,NY,mobile,4,0,17,16,11,2,0,0,97.749972,114.49002800000001,2.171253796663453
37.35,entertainment,66,TX,tablet,1,0,1,19,8,5,1,1,97.749972,-60.399972,0.38209729224170735
297.73,electronics,66,TX,tablet,2,0,2,23,12,5,1,1,97.749972,199.980028,3.0458320433500274
97.59,entertainment,21,FL,desktop,2,0,14,2,4,1,0,0,97.749972,-0.15997199999999623,0.9983634471182924
39.95,entertainment,27,FL,desktop,3,0,18,13,12,2,0,0,97.749972,-57.799972,0.4086957650617459
72.06,entertainment,18,FL,tablet,2,0,5,30,7,6,1,1,97.749972,-25.689971999999997,0.7371869043892217
5.06,grocery,47,FL,tablet,6,0,14,12,6,0,0,0,97.749972,-92.689972,0.051764720180536516
68.32,entertainment,42,CA,desktop,6,0,6,4,11,5,1,0,97.749972,-29.429972000000006,0.6989260242557815
60.6,grocery,62,TX,desktop,1,0,13,17,10,1,0,0,97.749972,-37.149972,0.6199490203439749
201.96,fuel,25,FL,desktop,1,0,1,25,10,2,0,1,97.749972,104.21002800000001,2.066087527205762
50.03,entertainment,64,TX,mobile,4,0,3,16,6,3,0,1,97.749972,-47.719972,0.5118159981486645
65.29,fuel,36,CA,desktop,0,0,17,11,3,4,0,0,97.749972,-32.45997199999999,0.667928573238583
81.38,fuel,42,NY,desktop,5,0,11,16,1,1,0,0,97.749972,-16.369972000000004,0.8325321992672059
137.85,grocery,62,FL,tablet,3,0,17,12,3,6,1,0,97.749972,40.100027999999995,1.410230568554735
2.24,fuel,56,CA,mobile,2,0,22,8,2,2,0,1,97.749972,-95.509972,0.02291560735264858
10.74,entertainment,50,IL,mobile,3,0,23,30,10,0,0,1,97.749972,-87.009972,0.10987215311046684
30.2,electronics,33,FL,desktop,2,0,8,25,2,6,1,0,97.749972,-67.549972,0.3089514919866014
5.79,electronics,58,TX,mobile,2,0,13,14,10,4,0,0,97.749972,-91.959972,0.059232752933855035
33.63,fuel,37,NY,tablet,2,0,0,12,8,4,0,1,97.749972,-64.11997199999999,0.3440410157453445
79.79,fuel,28,FL,desktop,2,0,1,24,8,5,1,1,97.749972,-17.959971999999993,0.8162662101195671
23.61,fashion,20,NY,desktop,0,0,1,9,9,0,0,1,97.749972,-74.139972,0.24153459356965756
54.52,fuel,66,CA,desktop,2,0,10,25,9,6,1,0,97.749972,-43.229972,0.5577495146725002
16.42,electronics,56,NY,mobile,1,0,1,16,9,5,1,1,97.749972,-81.329972,0.1679795860403972
147.16,fuel,24,TX,tablet,6,0,22,14,11,1,0,1,97.749972,49.410028,1.5054735616141808
111.55,electronics,25,FL,desktop,4,0,7,7,5,5,1,0,97.749972,13.800027999999998,1.1411767857981914
142.18,fashion,56,TX,desktop,5,0,21,7,4,3,0,0,97.749972,44.43002800000001,1.454527255981953
147.96,electronics,33,TX,mobile,1,0,9,16,4,6,1,0,97.749972,50.21002800000001,1.5136577070972697
47.38,entertainment,56,FL,mobile,5,0,10,8,4,0,0,0,97.749972,-50.369972,0.4847060162359329
259.36,entertainment,63,CA,desktop,1,0,17,12,8,4,0,0,97.749972,161.610028,2.653299965617382
16.49,grocery,59,TX,mobile,4,0,7,1,5,0,0,0,97.749972,-81.259972,0.16869569877016743
71.88,fuel,66,FL,tablet,5,0,21,28,10,5,1,0,97.749972,-25.869972000000004,0.7353454716555267
256.69,fuel,48,FL,tablet,5,0,4,5,12,3,0,1,97.749972,158.94002799999998,2.625985380067573
126.63,fashion,28,FL,mobile,6,0,20,21,5,5,1,0,97.749972,28.880027999999996,1.295447928154415
38.71,entertainment,20,NY,tablet,3,0,20,6,4,3,0,0,97.749972,-59.039972,0.3960103395629583
58.06,electronics,39,TX,desktop,1,0,17,18,5,5,1,0,97.749972,-39.689972,0.5939643584351681
25.01,grocery,57,FL,mobile,4,0,12,23,5,3,0,0,97.749972,-72.739972,0.25585684816506293
3.4,electronics,35,FL,mobile,5,0,4,29,11,4,0,1,97.749972,-94.349972,0.03478261830312731
17.53,fuel,52,NY,tablet,4,0,22,20,1,5,1,1,97.749972,-80.219972,0.17933508789818287
298.62,fuel,51,TX,mobile,2,0,3,28,12,2,0,1,97.749972,200.870028,3.0549369051999635
215.83,electronics,41,NY,desktop,2,0,3,4,7,3,0,1,97.749972,118.08002800000001,2.207980149518814
206.86,fuel,55,TX,desktop,4,0,7,28,2,2,0,0,97.749972,109.11002800000001,2.116215418289681
155.58,fuel,61,TX,mobile,4,0,12,31,7,0,0,0,97.749972,57.83002800000001,1.5916116928236903
22.09,entertainment,46,FL,mobile,3,0,15,24,9,5,1,0,97.749972,-75.659972,0.2259847171517889
74.04,fuel,61,TX,desktop,3,0,23,14,9,5,1,1,97.749972,-23.709971999999993,0.7574426644598665
128.18,fashion,44,NY,desktop,4,0,13,11,11,4,0,0,97.749972,30.430028000000007,1.3113047100278996
57.81,electronics,43,IL,tablet,2,0,2,30,10,0,0,1,97.749972,-39.939972,0.5914068129717028
163.7,fuel,40,TX,desktop,3,0,8,16,10,6,1,0,97.749972,65.95002799999999,1.6746807694770411
6.54,electronics,56,CA,tablet,8,0,22,4,5,3,0,1,97.749972,-91.209972,0.06690538932425076
95.59,entertainment,53,FL,tablet,2,0,16,17,10,1,0,0,97.749972,-2.1599719999999962,0.9779030834105704
49.67,fuel,33,CA,desktop,6,0,5,9,11,5,1,1,97.749972,-48.079972,0.5081331326812746
43.29,entertainment,48,TX,tablet,5,0,20,21,12,5,1,0,97.749972,-54.459972,0.4428645724536415
22.43,entertainment,58,IL,mobile,1,0,8,9,5,3,0,0,97.749972,-75.319972,0.2294629789821016
39.86,fuel,33,NY,tablet,6,0,22,2,10,2,0,1,97.749972,-57.889972,0.4077750486948984
4.12,entertainment,39,IL,mobile,7,0,18,8,3,2,0,0,97.749972,-93.629972,0.04214834923790721
3.98,fuel,21,CA,tablet,4,0,16,22,4,4,0,0,97.749972,-93.769972,0.04071612377836667
102.71,grocery,59,IL,desktop,1,0,1,6,12,4,0,1,97.749972,4.960027999999994,1.0507419782100604
61.72,fuel,44,IL,mobile,0,0,7,26,4,2,0,0,97.749972,-36.029972,0.6314068240202992
94.16,entertainment,29,CA,desktop,0,0,10,20,5,5,1,0,97.749972,-3.589972000000003,0.9632739233595492
57.16,fashion,32,CA,mobile,3,0,15,27,2,6,1,0,97.749972,-40.589972,0.5847571947666932
353.54,fashion,20,FL,mobile,5,0,8,17,2,5,1,0,97.749972,255.790028,3.6167784926140083
97.14,fuel,66,CA,mobile,6,0,10,5,6,0,0,0,97.749972,-0.6099719999999991,0.9937598652840549
96.27,grocery,44,IL,desktop,1,0,1,7,7,6,1,1,97.749972,-1.4799720000000036,0.9848596070711958
1.43,grocery,43,FL,mobile,2,0,3,15,10,6,1,1,97.749972,-96.31997199999999,0.014629160051021191
142.81,entertainment,21,TX,mobile,1,0,18,9,10,2,0,0,97.749972,45.060028,1.4609722705498855
54.47,grocery,55,TX,mobile,2,0,20,10,3,3,0,0,97.749972,-43.279972,0.5572380055798072
67.26,fashion,39,TX,tablet,2,0,21,23,4,5,1,0,97.749972,-30.489971999999995,0.688082031490689
29.81,electronics,37,CA,tablet,5,0,0,29,12,4,0,1,97.749972,-67.939972,0.3049617210635956
68.56,fashion,57,NY,tablet,3,0,9,14,10,5,1,0,97.749972,-29.189971999999997,0.7013812679007083
26.6,fashion,59,TX,mobile,3,0,5,23,4,5,1,1,97.749972,-71.14997199999999,0.27212283731270187
146.73,entertainment,48,NY,tablet,5,1,0,8,1,6,1,1,97.749972,48.98002799999999,1.5010745834170205
7.71,grocery,62,NY,desktop,8,0,11,12,2,0,0,0,97.749972,-90.039972,0.07887470209326809
38.91,grocery,20,TX,mobile,2,0,12,14,2,2,0,0,97.749972,-58.839972,0.3980563759337304
6.23,entertainment,31,TX,desktop,3,0,4,18,8,3,0,1,97.749972,-91.519972,0.06373403294955386
47.66,fashion,35,NY,desktop,2,0,9,31,12,6,1,0,97.749972,-50.089972,0.4875704671550139
64.56,electronics,35,IL,tablet,4,0,0,8,3,1,0,1,97.749972,-33.189972,0.6604605404852644
138.98,grocery,62,TX,desktop,2,0,2,13,1,4,0,1,97.749972,41.23002799999999,1.4217906740495978
50.66,electronics,29,IL,tablet,6,0,22,30,3,5,1,1,97.749972,-47.089972,0.5182610127165969
111.26,grocery,21,NY,desktop,3,0,0,4,2,5,1,1,97.749972,13.510028000000005,1.1382100330605718
13.47,fuel,36,IL,desktop,5,0,20,1,9,6,1,0,97.749972,-84.279972,0.1378005495715073
70.14,fashion,66,IL,desktop,6,0,15,22,11,1,0,0,97.749972,-27.609972,0.7175449552298087
11.42,fuel,64,NY,desktop,3,0,2,3,2,4,0,1,97.749972,-86.329972,0.11682867677109231
175.37,grocery,42,IL,desktop,2,0,6,9,3,3,0,0,97.749972,77.620028,1.7940669917115988
122.5,fuel,26,FL,desktop,2,0,19,29,6,2,0,0,97.749972,24.750028,1.2531972770979691
276.83,entertainment,41,IL,mobile,0,0,23,22,9,6,1,1,97.749972,179.08002799999997,2.8320212426043327
5.0,entertainment,50,NY,mobile,2,0,8,31,3,4,0,0,97.749972,-92.749972,0.051150909269304864
9.76,entertainment,29,TX,mobile,2,0,16,15,5,6,1,0,97.749972,-87.989972,0.0998465748936831
6.97,fashion,29,TX,tablet,3,0,4,14,1,4,0,1,97.749972,-90.779972,0.07130436752141098
43.46,entertainment,64,NY,mobile,1,0,8,28,6,4,0,0,97.749972,-54.289972,0.4446037033687979
21.9,fashion,59,CA,tablet,3,0,6,17,11,4,0,0,97.749972,-75.84997200000001,0.2240409825995553
83.44,fuel,35,CA,tablet,5,0,7,1,11,1,0,0,97.749972,-14.309972000000002,0.8536063738861596
214.18,grocery,57,NY,tablet,4,0,22,30,4,1,0,1,97.749972,116.43002800000001,2.1911003494599433
158.0,electronics,50,FL,tablet,2,0,6,21,7,3,0,0,97.749972,60.250028,1.6163687329100338
46.98,grocery,54,NY,desktop,2,0,12,14,5,5,1,0,97.749972,-50.769972,0.48061394349438846
11.95,fuel,31,CA,desktop,4,0,21,3,2,5,1,0,97.749972,-85.799972,0.12225067315363862
269.48,fashion,61,FL,mobile,4,0,8,5,6,2,0,0,97.749972,171.730028,2.756829405978455
104.86,fuel,41,FL,desktop,6,0,18,18,8,4,0,0,97.749972,7.110028,1.0727368691958616
98.36,fashion,33,IL,tablet,4,0,5,15,2,1,0,1,97.749972,0.6100279999999998,1.0062406871457652
277.23,grocery,56,NY,desktop,4,0,12,16,11,2,0,0,97.749972,179.480028,2.8361133153458775
22.96,fashion,38,IL,desktop,5,0,1,27,4,5,1,1,97.749972,-74.789972,0.23488497536464795
190.48,fashion,22,FL,desktop,4,0,11,14,9,5,1,0,97.749972,92.73002799999999,1.948645039523438
48.48,entertainment,24,FL,desktop,2,0,23,30,1,0,0,1,97.749972,-49.269972,0.4959592162751799
160.34,electronics,58,CA,mobile,2,0,21,12,1,4,0,0,97.749972,62.590028000000004,1.6403073584480683
274.88,fuel,29,FL,tablet,3,0,8,13,3,6,1,0,97.749972,177.13002799999998,2.812072387989304
341.23,grocery,40,TX,mobile,4,0,16,25,5,3,0,0,97.749972,243.480028,3.49084495399298
29.15,grocery,69,FL,mobile,4,0,8,28,2,1,0,0,97.749972,-68.59997200000001,0.29820980104004735
0.98,electronics,48,NY,desktop,8,0,9,27,9,2,0,0,97.749972,-96.769972,0.010025578216783753
33.65,fashion,31,NY,desktop,4,1,6,17,7,0,0,0,97.749972,-64.09997200000001,0.3442456193824217
120.69,electronics,47,FL,tablet,4,0,7,19,11,6,1,0,97.749972,22.940027999999998,1.2346806479424808
118.06,entertainment,22,CA,desktop,2,0,16,4,9,0,0,0,97.749972,20.310028000000003,1.2077752696668265
13.94,fashion,62,IL,mobile,6,0,20,27,2,6,1,0,97.749972,-83.809972,0.14260873504282195
145.04,fashion,69,NY,mobile,3,0,6,5,7,4,0,0,97.749972,47.29002799999999,1.4837855760839953
128.31,grocery,49,FL,tablet,2,0,10,21,4,4,0,0,97.749972,30.560028000000003,1.3126346336689014
15.61,entertainment,63,TX,tablet,3,0,5,7,12,2,0,1,97.749972,-82.139972,0.15969313873876978
32.98,entertainment,61,CA,mobile,3,0,9,16,1,1,0,0,97.749972,-64.769972,0.33739139754033487
101.04,entertainment,45,TX,tablet,6,0,19,12,4,1,0,0,97.749972,3.2900280000000066,1.0336575745141128
135.4,fuel,45,IL,desktop,4,0,23,30,1,0,0,1,97.749972,37.650028000000006,1.3851666230127757
22.57,fuel,47,IL,tablet,4,0,18,22,11,1,0,0,97.749972,-75.17997199999999,0.23089520444164216
117.73,fuel,34,TX,tablet,2,0,0,25,1,1,0,1,97.749972,19.980028000000004,1.2043993096550523
132.4,fashion,45,FL,mobile,2,0,18,7,10,4,0,0,97.749972,34.650028000000006,1.3544760774511928
108.57,electronics,51,TX,mobile,4,0,22,18,5,5,1,1,97.749972,10.820027999999994,1.1106908438736858
132.89,entertainment,66,IL,mobile,3,0,22,12,9,1,0,1,97.749972,35.14002799999999,1.3594888665595846
175.8,fashion,60,TX,mobile,3,0,6,17,8,3,0,0,97.749972,78.05002800000001,1.798465969908759
14.93,fashion,58,FL,tablet,5,0,1,24,12,5,1,1,97.749972,-82.819972,0.15273661507814432
26.34,fashion,50,TX,tablet,2,0,12,4,4,3,0,0,97.749972,-71.409972,0.269462990030698
151.73,grocery,32,CA,desktop,3,0,17,12,10,2,0,0,97.749972,53.98002799999999,1.5522254926863253
45.94,fashion,54,CA,tablet,1,0,12,1,12,3,0,0,97.749972,-51.809972,0.4699745543663731
53.57,grocery,69,TX,tablet,2,0,1,3,9,5,1,1,97.749972,-44.179972,0.5480308419113323
170.35,fuel,33,CA,desktop,3,0,4,15,3,4,0,1,97.749972,72.600028,1.7427114788052167
109.84,grocery,22,CA,desktop,3,0,20,27,9,1,0,0,97.749972,12.090028000000004,1.1236831748280893
83.27,electronics,21,FL,mobile,5,0,5,18,9,6,1,1,97.749972,-14.479972000000004,0.8518672429710031
321.25,entertainment,50,IL,mobile,3,0,19,13,3,6,1,0,97.749972,223.500028,3.2864459205528376
85.4,electronics,43,FL,tablet,2,0,17,4,1,2,0,0,97.749972,-12.349971999999994,0.8736575303197271
2.28,entertainment,18,TX,desktop,3,0,7,8,10,6,1,0,97.749972,-95.469972,0.023324814626803015
201.07,electronics,64,NY,desktop,4,0,2,11,10,1,0,1,97.749972,103.320028,2.0569826653558256
1.38,grocery,46,TX,desktop,4,0,9,22,1,6,1,0,97.749972,-96.369972,0.014117650958328141
152.11,fashion,45,FL,mobile,2,0,14,1,7,4,0,0,97.749972,54.360028000000014,1.5561129617907927
38.05,fashion,27,IL,desktop,2,0,7,25,6,1,0,0,97.749972,-59.699972,0.38925841953941
286.44,electronics,22,NY,desktop,3,0,14,19,11,1,0,0,97.749972,188.69002799999998,2.930333290219937
25.73,fashion,29,CA,tablet,1,0,23,12,9,0,0,1,97.749972,-72.019972,0.2632225790998428
126.83,entertainment,67,TX,tablet,2,0,20,3,3,6,1,0,97.749972,29.080028,1.297493964525187
77.09,entertainment,60,NY,tablet,2,0,11,17,5,2,0,0,97.749972,-20.659971999999996,0.7886447191141425
339.37,entertainment,67,NY,mobile,6,0,12,1,2,2,0,0,97.749972,241.620028,3.4718168157447984
61.5,entertainment,52,IL,tablet,2,0,4,20,11,2,0,1,97.749972,-36.249972,0.6291561840124498
2.92,grocery,34,CA,tablet,3,0,21,30,5,3,0,0,97.749972,-94.829972,0.02987213101327404
16.44,fashion,23,NY,desktop,2,0,0,27,3,6,1,1,97.749972,-81.309972,0.1681841896774744
77.96,grocery,42,CA,mobile,4,0,20,12,1,3,0,0,97.749972,-19.789972000000006,0.7975449773270014
129.31,electronics,21,CA,mobile,1,0,17,23,7,6,1,0,97.749972,31.560028000000003,1.3228648155227625
120.51,electronics,39,TX,tablet,0,0,9,28,12,5,1,0,97.749972,22.760028000000005,1.232839215208786
59.99,fashion,20,FL,mobile,4,0,22,27,6,3,0,1,97.749972,-37.759972,0.6137086094131198
225.44,grocery,42,FL,desktop,1,0,10,26,8,4,0,0,97.749972,127.690028,2.3062921971344177
62.6,fashion,42,IL,mobile,3,0,3,8,1,0,0,1,97.749972,-35.149972,0.6404093840516969
266.16,grocery,63,CA,desktop,1,0,18,1,12,4,0,0,97.749972,168.410028,2.7228652022236366
31.89,fuel,33,CA,tablet,4,0,0,13,10,4,0,1,97.749972,-65.859972,0.32624049931962645
199.93,fuel,19,TX,mobile,2,0,0,15,7,0,0,1,97.749972,102.18002800000001,2.0453202580424246
55.42,entertainment,32,TX,desktop,0,0,5,2,3,3,0,1,97.749972,-42.329972,0.5669566783409751
214.42,grocery,25,IL,tablet,3,0,3,11,2,4,0,1,97.749972,116.67002799999999,2.1935555931048696
21.32,fuel,40,TX,tablet,1,0,3,31,10,1,0,1,97.749972,-76.42997199999999,0.21810747712431594
47.65,fashion,39,FL,desktop,4,0,3,1,6,5,1,1,97.749972,-50.099972,0.48746816533647536
49.8,fashion,46,NY,mobile,1,0,23,15,8,3,0,1,97.749972,-47.949972,0.5094630563222764
32.41,entertainment,39,TX,tablet,2,1,18,16,2,3,0,0,97.749972,-65.339972,0.3315601938836341
88.39,electronics,44,IL,desktop,1,0,8,22,4,4,0,0,97.749972,-9.359971999999999,0.9042457740627714
86.94,electronics,20,CA,desktop,3,0,18,3,7,0,0,0,97.749972,-10.809972000000002,0.889412010374673
56.37,fashion,67,FL,desktop,4,0,8,23,10,0,0,0,97.749972,-41.379972,0.576675351102143
78.23,fashion,26,CA,mobile,2,0,13,30,9,5,1,0,97.749972,-19.519971999999996,0.800307126427544
14.65,entertainment,60,FL,desktop,5,0,3,7,10,0,0,1,97.749972,-83.099972,0.14987216415906326
59.94,fashion,45,NY,desktop,2,0,21,18,8,6,1,0,97.749972,-37.809972,0.6131971003204267
72.13,fuel,61,IL,mobile,3,0,0,26,2,6,1,1,97.749972,-25.619972000000004,0.7379030171189919
101.45,electronics,69,NY,tablet,0,0,8,7,6,1,0,0,97.749972,3.700028000000003,1.0378519490741958
25.41,entertainment,23,NY,mobile,1,0,12,3,3,4,0,0,97.749972,-72.339972,0.2599489209066073
55.34,fuel,58,IL,tablet,4,0,5,18,2,4,0,1,97.749972,-42.409971999999996,0.5661382637926663
6.16,entertainment,37,IL,mobile,5,0,8,15,12,4,0,0,97.749972,-91.589972,0.0630179202197836
181.06,electronics,41,CA,desktop,4,0,16,15,3,4,0,0,97.749972,83.310028,1.8522767264600677
52.55,electronics,28,TX,mobile,2,0,3,30,11,2,0,1,97.749972,-45.199972,0.5375960564203941
51.48,fuel,39,IL,mobile,1,1,18,9,7,6,1,0,97.749972,-46.269972,0.5266497618367628
91.87,fashion,24,FL,mobile,2,1,3,21,6,2,0,1,97.749972,-5.879971999999995,0.9398468069142076
17.6,fuel,56,FL,tablet,3,0,3,27,7,2,0,1,97.749972,-80.14997199999999,0.18005120062795313
85.11,electronics,30,TX,tablet,2,0,5,11,11,5,1,1,97.749972,-12.639972,0.8706907775821073
35.81,fashion,24,IL,desktop,5,0,2,13,2,6,1,1,97.749972,-61.939972,0.36634281218676146
95.24,grocery,54,IL,desktop,1,0,20,17,9,5,1,0,97.749972,-2.5099720000000048,0.974322519761719
192.27,entertainment,52,NY,mobile,4,0,6,6,6,3,0,0,97.749972,94.52002800000001,1.9669570650418493
248.45,electronics,66,CA,tablet,5,1,23,9,9,0,0,1,97.749972,150.70002799999997,2.5416886815917588
129.1,electronics,35,NY,tablet,2,0,10,21,4,4,0,0,97.749972,31.350027999999995,1.3207164773334514
542.71,grocery,36,CA,mobile,5,0,18,16,2,2,0,0,97.749972,444.960028,5.552021993908889
52.22,grocery,53,IL,desktop,3,0,0,25,10,2,0,1,97.749972,-45.529972,0.53422009640862
12.45,electronics,47,CA,mobile,2,0,1,25,1,3,0,1,97.749972,-85.299972,0.1273657640805691
49.95,electronics,50,CA,mobile,4,0,23,13,2,1,0,1,97.749972,-47.799972,0.5109975836003556
51.33,grocery,22,NY,desktop,3,0,18,29,1,5,1,0,97.749972,-46.419972,0.5251152345586837
187.96,grocery,18,NY,desktop,2,0,8,1,7,0,0,0,97.749972,90.21002800000001,1.9228649812517085
13.36,entertainment,22,CA,tablet,4,0,3,9,5,0,0,1,97.749972,-84.389972,0.1366752295675826
135.0,grocery,50,IL,tablet,5,0,0,29,11,2,0,1,97.749972,37.250028,1.3810745502712314
12.94,fashion,39,TX,mobile,0,0,21,26,9,3,0,0,97.749972,-84.809972,0.132378553188961
198.85,entertainment,32,FL,mobile,3,0,20,30,10,2,0,0,97.749972,101.100028,2.0342716616402545
38.52,fuel,29,IL,desktop,2,0,3,31,5,4,0,1,97.749972,-59.229972,0.3940666050107247
289.51,fuel,30,FL,desktop,1,0,13,11,3,0,0,0,97.749972,191.76002799999998,2.96173994851129
56.92,entertainment,68,NY,tablet,3,0,13,28,7,3,0,0,97.749972,-40.829972,0.5823019511217666
225.92,electronics,48,CA,mobile,3,0,9,18,2,4,0,0,97.749972,128.170028,2.311202684424271
38.38,grocery,57,FL,tablet,0,0,8,20,10,3,0,0,97.749972,-59.369972,0.39263437955118413
58.51,grocery,24,FL,tablet,6,0,9,15,4,0,0,0,97.749972,-39.239972,0.5985679402694055
145.25,entertainment,42,FL,mobile,1,0,4,27,8,1,0,1,97.749972,47.500028,1.4859339142733063
81.57,electronics,53,FL,tablet,4,0,22,25,1,3,0,1,97.749972,-16.179972000000006,0.8344759338194395
147.52,fuel,35,CA,mobile,7,0,15,7,8,2,0,0,97.749972,49.77002800000001,1.5091564270815707
185.67,grocery,55,FL,desktop,2,0,21,12,2,6,1,0,97.749972,87.92002799999999,1.8994378648063668
13.28,fashion,39,CA,mobile,4,0,13,26,11,6,1,0,97.749972,-84.469972,0.1358568150192737
7.86,grocery,61,TX,tablet,4,0,4,8,6,2,0,1,97.749972,-89.889972,0.08040922937134724
87.67,electronics,60,FL,mobile,6,0,23,27,6,3,0,1,97.749972,-10.079971999999998,0.8968800431279915
41.19,entertainment,63,TX,tablet,1,0,5,8,1,0,0,1,97.749972,-56.559972,0.42138119056053347
87.98,entertainment,26,TX,desktop,3,0,22,27,1,3,0,1,97.749972,-9.769971999999996,0.9000513995026884
8.12,entertainment,67,FL,tablet,6,0,9,27,9,4,0,0,97.749972,-89.629972,0.08306907665335109
69.93,electronics,47,TX,mobile,4,0,23,13,5,4,0,1,97.749972,-27.819971999999993,0.7153966170404978
43.07,grocery,23,IL,mobile,5,0,21,11,3,5,1,0,97.749972,-54.679972,0.4406139324457921
30.88,grocery,55,FL,desktop,2,0,6,22,9,6,1,0,97.749972,-66.869972,0.3159080156472268
109.36,entertainment,21,FL,desktop,4,0,23,27,4,5,1,1,97.749972,11.610028,1.118772687538236
119.08,electronics,30,CA,desktop,2,1,11,18,5,3,0,0,97.749972,21.330028,1.2182100551577646
12.83,electronics,34,TX,tablet,3,0,15,5,10,2,0,0,97.749972,-84.919972,0.1312532331850363
27.7,grocery,33,FL,mobile,4,0,3,31,3,3,0,1,97.749972,-70.049972,0.28337603735194894
122.27,fashion,18,TX,desktop,2,0,13,28,9,2,0,0,97.749972,24.520027999999996,1.250844335271581
86.98,fuel,38,IL,mobile,3,0,15,26,6,6,1,0,97.749972,-10.769971999999996,0.8898212176488275
1.82,grocery,54,CA,desktop,1,0,13,2,8,2,0,0,97.749972,-95.929972,0.018618930974026972
4.33,electronics,66,NY,tablet,3,0,3,7,10,5,1,1,97.749972,-93.419972,0.04429668742721801
576.01,entertainment,43,IL,mobile,4,0,17,28,11,1,0,0,97.749972,478.260028,5.892687049642459
65.37,electronics,56,NY,mobile,3,0,4,15,10,1,0,1,97.749972,-32.379971999999995,0.6687469877868918
36.14,electronics,67,FL,desktop,2,0,17,11,8,6,1,0,97.749972,-61.609972,0.36971877219853555
4.41,entertainment,55,NY,mobile,2,0,22,15,10,1,0,1,97.749972,-93.339972,0.04511510197552689
59.61,fashion,43,IL,tablet,1,0,19,7,4,4,0,0,97.749972,-38.139972,0.6098211403086525
334.36,electronics,45,NY,mobile,2,0,6,7,11,1,0,0,97.749972,236.610028,3.420563604656955
23.31,grocery,27,FL,desktop,3,0,5,19,1,4,0,1,97.749972,-74.439972,0.23846553901349926
316.02,electronics,22,IL,tablet,2,1,18,9,8,4,0,0,97.749972,218.27002799999997,3.2329420694571445
7.08,fuel,46,CA,mobile,0,0,17,22,11,4,0,0,97.749972,-90.669972,0.07242968752533568
337.4,fashion,27,NY,desktop,3,0,6,9,2,4,0,0,97.749972,239.65002799999996,3.451663357492692
143.62,electronics,22,TX,mobile,3,0,5,27,1,5,1,1,97.749972,45.870028000000005,1.4692587178515129
77.29,fashion,32,FL,mobile,4,0,21,2,10,0,0,0,97.749972,-20.459971999999993,0.7906907554849146
37.82,fuel,54,CA,desktop,5,0,15,28,5,6,1,0,97.749972,-59.929972,0.386905477713022
66.68,fuel,55,FL,mobile,2,0,9,3,7,0,0,0,97.749972,-31.069971999999993,0.6821485260154497
32.1,fuel,34,NY,mobile,2,0,2,3,6,5,1,1,97.749972,-65.64997199999999,0.3283888375089372
60.49,entertainment,41,NY,desktop,3,0,16,28,3,1,0,0,97.749972,-37.259972,0.6188237003400503
75.79,entertainment,28,FL,desktop,2,0,6,18,6,6,1,0,97.749972,-21.959971999999993,0.7753454827041232
24.05,grocery,48,NY,desktop,2,0,23,8,8,0,0,1,97.749972,-73.699972,0.2460358735853564
217.68,fuel,66,NY,tablet,3,0,22,22,9,4,0,1,97.749972,119.93002800000001,2.2269059859484566
13.65,fuel,34,NY,desktop,1,0,15,20,9,1,0,0,97.749972,-84.099972,0.13964198230520228
59.85,fuel,24,IL,tablet,2,0,1,30,7,6,1,1,97.749972,-37.899972,0.6122763839535792
219.6,fuel,48,IL,mobile,3,0,12,1,4,5,1,0,97.749972,121.850028,2.2465479351078694
59.85,grocery,69,CA,mobile,6,0,13,8,9,3,0,0,97.749972,-37.899972,0.6122763839535792
126.47,grocery,38,IL,mobile,1,0,19,31,8,3,0,0,97.749972,28.720028,1.2938110990577971
13.18,entertainment,24,FL,desktop,2,0,3,18,11,5,1,1,97.749972,-84.569972,0.13483379683388763
2.5,grocery,62,NY,tablet,2,0,7,6,2,1,0,0,97.749972,-95.249972,0.025575454634652432
8.18,entertainment,59,IL,mobile,2,0,11,7,11,0,0,0,97.749972,-89.569972,0.08368288756458275
55.6,fuel,61,CA,desktop,6,0,18,18,7,1,0,0,97.749972,-42.149972,0.56879811107467
79.6,fuel,69,IL,tablet,0,0,19,24,3,6,1,0,97.749972,-18.149972000000005,0.8143224755673334
172.9,electronics,39,IL,mobile,6,0,11,24,7,6,1,0,97.749972,75.150028,1.7687984425325622
19.09,fuel,58,TX,desktop,4,0,17,20,7,2,0,0,97.749972,-78.659972,0.19529417159020596
62.35,entertainment,35,IL,desktop,3,0,4,24,5,2,0,1,97.749972,-35.399972,0.6378518385882317
182.73,fashion,64,CA,tablet,4,0,11,29,7,4,0,0,97.749972,84.98002799999999,1.8693611301560153
111.91,fuel,20,NY,tablet,7,0,18,6,11,0,0,0,97.749972,14.160027999999997,1.1448596512655813
213.08,electronics,49,NY,tablet,3,0,9,26,5,3,0,0,97.749972,115.33002800000001,2.1798471494206964
78.55,electronics,33,FL,tablet,3,0,23,15,3,2,0,1,97.749972,-19.199972000000002,0.8035807846207794
9.97,electronics,51,TX,tablet,0,0,18,24,2,4,0,0,97.749972,-87.779972,0.10199491308299391
2.85,fashion,32,IL,desktop,1,0,14,1,8,0,0,0,97.749972,-94.899972,0.029156018283503775
75.84,electronics,54,FL,desktop,3,0,0,4,5,5,1,1,97.749972,-21.909971999999996,0.7758569917968162
218.11,grocery,20,NY,desktop,1,0,2,14,8,2,0,1,97.749972,120.36002800000001,2.231304964145617
23.66,fashion,55,IL,tablet,5,0,1,3,5,4,0,1,97.749972,-74.089972,0.2420461026623506
57.04,electronics,39,NY,mobile,3,0,4,15,2,3,0,1,97.749972,-40.709972,0.5835295729442299
29.77,grocery,64,NY,mobile,3,0,13,30,11,3,0,0,97.749972,-67.979972,0.30455251378944115
225.88,fuel,61,FL,tablet,1,0,19,30,1,6,1,0,97.749972,128.13002799999998,2.3107934771501166
39.86,entertainment,46,CA,desktop,5,0,6,8,10,1,0,0,97.749972,-57.889972,0.4077750486948984
9.25,grocery,52,TX,desktop,1,0,3,16,1,0,0,1,97.749972,-88.499972,0.094629182148214
39.48,grocery,35,IL,desktop,2,0,0,10,11,4,0,1,97.749972,-58.269972,0.40388757959043114
232.74,electronics,47,CA,tablet,1,0,11,15,10,6,1,0,97.749972,134.990028,2.380972524667603
43.2,entertainment,56,FL,desktop,2,0,12,17,8,5,1,0,97.749972,-54.549972,0.44194385608679404
111.17,entertainment,40,IL,mobile,4,0,19,27,5,5,1,0,97.749972,13.420028000000002,1.1372893166937244
51.4,fuel,20,FL,tablet,3,0,18,9,4,6,1,0,97.749972,-46.349972,0.5258313472884539
85.68,fashion,29,FL,mobile,1,0,20,20,1,4,0,0,97.749972,-12.069971999999993,0.8765219812388082
29.06,fuel,59,NY,tablet,3,0,13,23,4,1,0,0,97.749972,-68.689972,0.29728908467319987
185.79,fuel,18,TX,tablet,3,0,11,13,1,5,1,0,97.749972,88.04002799999999,1.90066548662883
96.3,entertainment,69,TX,mobile,2,0,0,25,12,6,1,1,97.749972,-1.4499720000000025,0.9851665125268116
50.01,electronics,18,FL,tablet,7,0,12,16,2,2,0,0,97.749972,-47.739972,0.5116113945115872
141.9,electronics,38,FL,mobile,2,0,12,6,10,6,1,0,97.749972,44.150028000000006,1.4516628050628722
121.69,electronics,65,IL,desktop,5,0,5,17,11,3,0,1,97.749972,23.940027999999998,1.2449108297963418
1.03,fuel,25,CA,mobile,2,0,0,21,8,2,0,1,97.749972,-96.719972,0.010537087309476802
10.42,electronics,43,TX,desktop,6,0,0,3,12,6,1,1,97.749972,-87.329972,0.10659849491723133
45.88,electronics,23,IL,tablet,7,0,16,20,9,1,0,0,97.749972,-51.869972,0.46936074345514145
12.85,electronics,69,NY,tablet,0,0,13,7,8,6,1,0,97.749972,-84.899972,0.13145783682211348
23.47,entertainment,40,CA,tablet,1,0,16,6,5,5,1,0,97.749972,-74.279972,0.240102368110117
32.41,fuel,40,IL,desktop,3,0,23,14,2,0,0,1,97.749972,-65.339972,0.3315601938836341
73.18,entertainment,59,TX,tablet,3,0,8,25,9,6,1,0,97.749972,-24.569971999999993,0.7486447080655461
101.56,fuel,19,CA,tablet,4,0,9,28,12,5,1,0,97.749972,3.8100280000000026,1.0389772690781205
169.9,entertainment,26,TX,desktop,6,0,1,18,3,4,0,1,97.749972,72.150028,1.7381078969709793
410.57,entertainment,61,FL,desktop,4,0,21,24,3,4,0,0,97.749972,312.820028,4.2002057637396994
13.46,entertainment,28,IL,mobile,4,0,2,20,7,3,0,1,97.749972,-84.289972,0.1376982477529687
63.82,fashion,21,CA,tablet,2,0,10,23,1,0,0,0,97.749972,-33.929972,0.6528902059134073
25.52,electronics,69,NY,tablet,4,0,8,7,10,4,0,0,97.749972,-72.229972,0.261074240910532
36.91,fuel,33,IL,desktop,1,0,4,8,4,0,0,1,97.749972,-60.839972,0.37759601222600847
98.89,fashion,69,CA,mobile,2,0,17,11,5,2,0,0,97.749972,1.140028000000001,1.0116626835283116
59.48,fuel,28,IL,tablet,0,0,12,21,1,6,1,0,97.749972,-38.269972,0.6084912166676506
30.91,fuel,33,NY,tablet,2,0,8,23,3,5,1,0,97.749972,-66.839972,0.31621492110284266
106.83,grocery,37,TX,mobile,1,0,9,28,12,3,0,0,97.749972,9.080027999999999,1.0928903274479678
5.11,grocery,20,TX,tablet,4,0,7,19,9,0,0,0,97.749972,-92.639972,0.05227622927322957
173.29,fashion,44,CA,desktop,1,0,17,1,10,6,1,0,97.749972,75.54002799999999,1.772788213455568
13.48,fashion,56,IL,tablet,5,0,3,27,6,1,0,1,97.749972,-84.269972,0.1379028513900459
5.8,fashion,34,CA,desktop,3,0,21,1,4,0,0,0,97.749972,-91.949972,0.05933505475239364
98.2,entertainment,21,NY,tablet,3,0,16,11,12,2,0,0,97.749972,0.4500280000000032,1.0046038580491476
41.25,fashion,24,CA,tablet,2,0,15,24,3,4,0,0,97.749972,-56.499972,0.4219950014717651
81.92,electronics,26,IL,mobile,1,0,10,3,4,2,0,0,97.749972,-15.829971999999998,0.8380564974682909
123.36,electronics,41,CA,tablet,1,0,3,10,10,3,0,1,97.749972,25.610028,1.2619952334922895
41.33,grocery,32,NY,desktop,5,0,21,17,7,0,0,0,97.749972,-56.419972,0.422813416020074
94.25,grocery,34,TX,tablet,4,0,1,9,6,6,1,1,97.749972,-3.4999719999999996,0.9641946397263966
162.38,fuel,35,CA,tablet,0,0,0,28,9,3,0,1,97.749972,64.630028,1.6611769294299448
41.92,fuel,21,NY,mobile,5,0,20,25,1,1,0,0,97.749972,-55.829972,0.428849223313852
226.89,fashion,64,NY,tablet,1,0,18,19,8,0,0,0,97.749972,129.14002799999997,2.321125960822516
34.42,electronics,48,CA,mobile,3,0,18,31,1,2,0,0,97.749972,-63.329972,0.3521228594098947
67.42,electronics,54,IL,mobile,3,0,9,6,3,2,0,0,97.749972,-30.329971999999998,0.6897188605873068
48.7,electronics,20,CA,tablet,2,0,11,22,9,3,0,0,97.749972,-49.049972,0.4982098562830294
34.96,electronics,39,NY,mobile,6,0,11,20,1,5,1,0,97.749972,-62.789972,0.3576471576109796
12.63,fuel,67,FL,tablet,1,1,19,12,9,0,0,0,97.749972,-85.119972,0.1292071968142641
58.68,fashion,25,FL,desktop,2,0,5,2,2,2,0,1,97.749972,-39.069972,0.6003070711845618
46.19,fashion,52,CA,desktop,2,0,10,27,12,1,0,0,97.749972,-51.559972,0.4725320998298383
86.93,electronics,21,FL,desktop,4,0,12,23,3,2,0,0,97.749972,-10.819971999999993,0.8893097085561344
473.94,fuel,38,CA,tablet,3,0,6,16,5,1,0,0,97.749972,376.190028,4.84849238781887
56.82,fashion,23,TX,mobile,2,0,7,23,5,0,0,0,97.749972,-40.929972,0.5812789329363804
22.33,fashion,68,TX,mobile,2,0,3,14,12,5,1,1,97.749972,-75.419972,0.2284399607967155
9.0,entertainment,43,CA,mobile,1,0,13,12,4,4,0,0,97.749972,-88.749972,0.09207163668474876
48.99,grocery,47,NY,tablet,2,0,12,20,11,2,0,0,97.749972,-48.759972,0.5011766090206491
280.62,entertainment,49,IL,mobile,4,0,20,13,10,3,0,0,97.749972,182.870028,2.870793631830466
166.67,entertainment,63,NY,desktop,0,0,20,18,1,3,0,0,97.749972,68.92002799999999,1.705064409583008
18.39,fashion,38,CA,mobile,4,0,4,23,2,2,0,1,97.749972,-79.359972,0.1881330442925033
229.51,entertainment,19,FL,desktop,4,0,17,7,4,3,0,0,97.749972,131.76002799999998,2.3479290372796315
42.41,electronics,54,NY,mobile,2,0,23,9,3,2,0,1,97.749972,-55.339972,0.4338620124222438
105.76,fuel,59,FL,desktop,1,0,20,27,7,3,0,0,97.749972,8.010028000000005,1.0819440328643366
4.07,grocery,49,NY,tablet,3,0,3,31,1,1,0,1,97.749972,-93.67997199999999,0.04163684014521416
33.53,fashion,24,NY,desktop,3,0,16,28,12,3,0,0,97.749972,-64.219972,0.34301799755995843
213.4,grocery,64,IL,mobile,1,0,23,31,12,5,1,1,97.749972,115.650028,2.1831208076139315
16.59,entertainment,19,CA,desktop,4,0,8,12,1,2,0,0,97.749972,-81.159972,0.16971871695555354
78.25,fuel,51,CA,mobile,2,0,10,26,11,6,1,0,97.749972,-19.499972,0.8005117300646211
141.49,fuel,40,TX,mobile,3,0,5,24,5,1,0,1,97.749972,43.74002800000001,1.4474684305027892
58.39,fashion,56,IL,desktop,4,0,18,19,10,2,0,0,97.749972,-39.359972,0.5973403184469422
83.83,grocery,51,CA,desktop,5,0,19,17,11,4,0,0,97.749972,-13.919972000000001,0.8575961448091654
2.02,fashion,30,IL,mobile,2,0,4,16,9,4,0,1,97.749972,-95.729972,0.020664967344799164
137.06,grocery,26,IL,mobile,1,0,20,3,9,1,0,0,97.749972,39.310028,1.402148724890185
132.56,fuel,40,NY,mobile,3,0,11,6,10,3,0,0,97.749972,34.810028,1.3561129065478106
131.95,electronics,35,FL,mobile,3,0,10,14,6,1,0,0,97.749972,34.20002799999999,1.3498724956169552
99.19,electronics,46,FL,desktop,6,0,12,27,12,4,0,0,97.749972,1.440027999999998,1.0147317380844698
82.95,fuel,29,CA,tablet,2,0,22,15,3,1,0,1,97.749972,-14.799971999999997,0.8485935847777677
33.19,fuel,64,IL,desktop,7,0,11,1,8,3,0,0,97.749972,-64.559972,0.3395397357296457
59.77,electronics,41,FL,desktop,0,0,0,12,12,3,0,1,97.749972,-37.979972,0.6114579694052704
0.5,fuel,23,IL,tablet,13,0,21,21,7,4,0,0,97.749972,-97.249972,0.0051150909269304864
40.92,entertainment,35,IL,tablet,4,0,19,23,4,1,0,0,97.749972,-56.829972,0.418619041459991
5.88,electronics,30,CA,mobile,6,0,21,19,7,2,0,0,97.749972,-91.869972,0.06015346930070252
151.65,entertainment,55,CA,desktop,3,0,10,30,8,4,0,0,97.749972,53.900028000000006,1.5514070781380165
44.8,electronics,54,TX,tablet,4,0,16,27,4,5,1,0,97.749972,-52.949972,0.4583121470529716
18.7,electronics,46,CA,tablet,2,0,3,16,9,4,0,1,97.749972,-79.049972,0.19130440066720017
254.22,fuel,66,FL,tablet,2,0,8,28,4,6,1,0,97.749972,156.470028,2.6007168308885364
236.95,fuel,29,TX,tablet,3,0,1,25,3,4,0,1,97.749972,139.20002799999997,2.4240415902723575
51.84,fuel,36,FL,tablet,4,0,16,16,11,2,0,0,97.749972,-45.909971999999996,0.5303326273041529
63.54,electronics,67,TX,tablet,1,0,17,17,8,3,0,0,97.749972,-34.209972,0.6500257549943262
7.7,entertainment,37,TX,tablet,4,0,2,14,10,4,0,1,97.749972,-90.049972,0.0787724002747295
79.12,fashion,67,TX,desktop,5,0,0,3,3,6,1,1,97.749972,-18.629971999999995,0.8094119882774802
109.44,entertainment,21,FL,mobile,2,0,7,8,3,2,0,0,97.749972,11.690027999999998,1.1195911020865448
97.76,electronics,33,IL,desktop,2,0,3,19,4,4,0,1,97.749972,0.010028000000005477,1.0001025780334487
85.33,fashion,44,TX,tablet,3,0,13,6,4,3,0,0,97.749972,-12.419972000000001,0.8729414175899568
65.82,fuel,40,TX,desktop,2,0,2,9,4,1,0,1,97.749972,-31.929972000000006,0.6733505696211292
41.84,electronics,59,FL,tablet,1,0,18,17,5,4,0,0,97.749972,-55.909971999999996,0.4280308087655431
300.0,fuel,23,TX,mobile,3,0,11,29,9,4,0,0,97.749972,202.250028,3.069054556158292
245.1,grocery,57,NY,tablet,5,0,8,7,3,1,0,0,97.749972,147.350028,2.5074175723813243
15.15,entertainment,56,IL,mobile,2,0,8,5,9,3,0,0,97.749972,-82.599972,0.15498725508599373
30.34,electronics,67,FL,desktop,1,0,17,30,3,3,0,0,97.749972,-67.409972,0.3103837174461419
168.31,electronics,52,NY,desktop,1,0,16,5,7,1,0,0,97.749972,70.560028,1.7218419078233402
72.63,electronics,24,IL,tablet,2,0,16,5,4,2,0,0,97.749972,-25.119972000000004,0.7430181080459224
2.97,fashion,34,NY,mobile,2,0,14,13,4,2,0,0,97.749972,-94.779972,0.030383640105967093
213.27,fashion,23,NY,mobile,1,0,17,13,3,2,0,0,97.749972,115.52002800000001,2.18179088397293
172.94,fashion,46,IL,tablet,4,0,12,9,3,3,0,0,97.749972,75.190028,1.7692076498067166
98.31,electronics,57,NY,mobile,2,0,23,16,11,3,0,1,97.749972,0.5600280000000026,1.0057291780530722
50.28,fuel,60,CA,desktop,4,0,17,24,2,3,0,0,97.749972,-47.469972,0.5143735436121297
160.09,entertainment,62,FL,desktop,3,0,21,5,3,1,0,0,97.749972,62.340028000000004,1.637749812984603
44.58,fashion,48,IL,desktop,3,0,0,5,6,6,1,1,97.749972,-53.169972,0.45606150704512216
82.41,grocery,24,FL,desktop,5,0,20,18,9,0,0,0,97.749972,-15.339972000000003,0.8430692865766827
175.62,entertainment,52,FL,mobile,4,0,13,28,10,0,0,0,97.749972,77.870028,1.796624537175064
6.2,entertainment,60,IL,desktop,6,0,16,13,2,6,1,0,97.749972,-91.549972,0.06342712749393803
312.46,fuel,61,TX,mobile,3,0,19,22,11,1,0,0,97.749972,214.71002799999997,3.1965226220573992
68.48,fuel,49,NY,desktop,0,0,10,29,7,5,1,0,97.749972,-29.269971999999996,0.7005628533523994
48.7,entertainment,22,FL,mobile,6,0,12,6,1,4,0,0,97.749972,-49.049972,0.4982098562830294
49.95,grocery,53,FL,tablet,2,0,12,21,4,3,0,0,97.749972,-47.799972,0.5109975836003556
157.39,fashion,20,FL,desktop,1,0,2,22,9,6,1,1,97.749972,59.64002799999999,1.6101283219791784
19.5,fashion,46,TX,desktop,3,0,23,3,8,2,0,1,97.749972,-78.249972,0.19948854615028896
64.77,entertainment,27,NY,mobile,2,0,16,1,6,2,0,0,97.749972,-32.979972000000004,0.6626088786745752
27.53,fashion,55,IL,desktop,3,0,23,27,4,2,0,1,97.749972,-70.219972,0.28163690643679257
106.89,electronics,18,CA,mobile,1,0,6,21,3,1,0,0,97.749972,9.140028000000001,1.0935041383591995
24.2,grocery,34,CA,tablet,2,0,12,6,3,2,0,0,97.749972,-73.549972,0.24757040086343554
16.01,fuel,45,FL,tablet,1,0,7,14,9,3,0,0,97.749972,-81.739972,0.1637852114803142
176.54,electronics,61,TX,desktop,1,0,1,14,6,1,0,1,97.749972,78.79002799999999,1.806036304480616
396.49,fashion,64,TX,tablet,5,0,17,10,12,6,1,0,97.749972,298.740028,4.056164803237337
13.54,electronics,48,NY,tablet,2,0,10,27,6,3,0,0,97.749972,-84.209972,0.13851666230127757
41.74,grocery,54,CA,tablet,4,0,17,27,1,4,0,0,97.749972,-56.009972,0.42700779058015703
118.23,fuel,63,CA,desktop,5,0,5,15,9,3,0,1,97.749972,20.480028000000004,1.209514400581983
49.72,fashion,30,FL,mobile,1,0,0,12,6,0,0,1,97.749972,-48.029972,0.5086446417739675
279.87,electronics,25,FL,desktop,4,0,20,21,11,1,0,0,97.749972,182.120028,2.8631209954400707
34.88,electronics,27,TX,tablet,4,0,3,3,1,1,0,1,97.749972,-62.869972,0.35682874306267076
12.32,fashion,50,NY,desktop,1,0,17,7,2,0,0,0,97.749972,-85.42997199999999,0.1260358404395672
58.56,electronics,49,CA,desktop,3,0,3,7,3,1,0,1,97.749972,-39.189972,0.5990794493620986
221.9,fashion,66,IL,mobile,0,0,10,23,6,4,0,0,97.749972,124.150028,2.2700773533717498
113.98,entertainment,36,TX,desktop,1,0,23,15,10,5,1,1,97.749972,16.230028000000004,1.1660361277030737
40.55,fuel,22,CA,mobile,0,0,4,19,7,1,0,1,97.749972,-57.199972,0.4148338741740624
15.02,electronics,65,IL,tablet,4,0,2,22,1,6,1,1,97.749972,-82.729972,0.1536573314449918
10.32,entertainment,63,NY,desktop,2,0,5,12,8,4,0,1,97.749972,-87.42997199999999,0.10557547673184524
140.17,grocery,69,NY,desktop,5,0,7,26,1,4,0,0,97.749972,42.42002799999999,1.4339645904556924
90.22,electronics,42,TX,desktop,1,0,20,15,1,0,0,0,97.749972,-7.529972000000001,0.922967006855337
36.95,electronics,56,NY,tablet,3,0,6,13,6,1,0,0,97.749972,-60.799972,0.37800521950016297
83.67,grocery,35,IL,desktop,6,0,18,30,12,5,1,0,97.749972,-14.079971999999998,0.8559593157125476
21.97,entertainment,45,IL,mobile,9,0,21,11,6,5,1,0,97.749972,-75.779972,0.22475709532932556
22.26,grocery,45,IL,desktop,3,0,22,11,4,3,0,1,97.749972,-75.489972,0.22772384806694526
103.86,grocery,23,TX,desktop,3,0,20,19,4,1,0,0,97.749972,6.110028,1.0625066873420006
191.42,fuel,45,TX,tablet,4,0,23,9,1,0,0,1,97.749972,93.67002799999999,1.9582614104660672
164.73,electronics,48,CA,mobile,5,0,17,28,5,1,0,0,97.749972,66.98002799999999,1.685217856786518
247.0,fuel,54,NY,mobile,1,0,17,19,8,0,0,0,97.749972,149.250028,2.5268549179036603
202.81,fuel,50,CA,tablet,1,0,23,25,5,3,0,1,97.749972,105.060028,2.074783181781544
52.32,grocery,29,IL,mobile,2,0,0,5,8,5,1,1,97.749972,-45.429972,0.5352431145940061
72.72,fuel,42,FL,tablet,6,0,7,26,1,3,0,0,97.749972,-25.029972,0.7439388244127699
83.41,entertainment,26,FL,mobile,3,0,2,25,4,1,0,1,97.749972,-14.339972000000003,0.8532994684305437
95.54,fashion,35,IL,tablet,3,0,21,30,4,6,1,0,97.749972,-2.2099719999999934,0.9773915743178774
4.41,entertainment,47,TX,mobile,1,0,5,22,10,5,1,1,97.749972,-93.339972,0.04511510197552689
38.4,fashion,48,CA,desktop,3,0,4,28,4,3,0,1,97.749972,-59.349972,0.3928389831882613
87.33,fashion,60,CA,tablet,1,0,6,5,2,0,0,0,97.749972,-10.419972000000001,0.8934017812976788
236.82,fashion,30,TX,tablet,1,0,16,26,3,1,0,0,97.749972,139.07002799999998,2.4227116666313555
333.41,entertainment,32,NY,desktop,2,0,9,12,4,2,0,0,97.749972,235.660028,3.410844931895787
53.26,electronics,43,CA,mobile,3,0,23,7,12,2,0,1,97.749972,-44.489972,0.5448594855366354
176.44,electronics,46,CA,mobile,2,0,19,17,4,6,1,0,97.749972,78.690028,1.80501328629523
90.42,entertainment,40,NY,desktop,2,0,0,31,1,0,0,1,97.749972,-7.329971999999998,0.9250130432261092
101.76,grocery,42,FL,desktop,4,0,3,1,9,4,0,1,97.749972,4.0100280000000055,1.0410233054488927
16.71,fuel,30,FL,tablet,6,0,21,19,9,1,0,0,97.749972,-81.039972,0.17094633877801688
18.28,entertainment,32,TX,tablet,3,0,0,30,4,6,1,1,97.749972,-79.469972,0.1870077242885786
7.99,fashion,68,FL,mobile,6,0,1,4,8,4,0,1,97.749972,-89.759972,0.08173915301234917
108.45,grocery,55,CA,mobile,5,0,4,7,10,5,1,1,97.749972,10.700028000000003,1.1094632220512226
0.53,grocery,41,FL,tablet,4,0,20,4,9,0,0,0,97.749972,-97.219972,0.005421996382546316
63.7,entertainment,65,FL,mobile,2,0,14,17,10,3,0,0,97.749972,-34.049972,0.651662584090944
3.17,entertainment,58,IL,tablet,0,0,2,10,10,0,0,1,97.749972,-94.579972,0.032429676476739284
14.9,fashion,28,NY,desktop,3,0,3,28,1,4,0,1,97.749972,-82.849972,0.1524297096225285
123.0,electronics,32,IL,desktop,3,0,5,12,5,3,0,1,97.749972,25.250028,1.2583123680248995
188.46,fashion,68,FL,desktop,0,0,9,30,9,5,1,0,97.749972,90.71002800000001,1.927980072178639
96.93,fashion,27,TX,mobile,5,0,16,5,7,4,0,0,97.749972,-0.8199719999999928,0.9916115270947442
49.67,entertainment,42,TX,desktop,1,0,21,14,6,2,0,0,97.749972,-48.079972,0.5081331326812746
115.11,electronics,62,CA,tablet,6,0,20,19,6,2,0,0,97.749972,17.360028,1.1775962331979366
70.49,fashion,43,NY,tablet,3,0,15,24,1,1,0,0,97.749972,-27.259972000000005,0.7211255188786599
337.62,fuel,56,NY,tablet,10,0,3,19,9,3,0,1,97.749972,239.870028,3.4539139975005417
17.48,electronics,18,TX,desktop,3,0,15,5,12,1,0,0,97.749972,-80.269972,0.1788235788054898
301.47,grocery,41,FL,desktop,2,0,10,13,6,0,0,0,97.749972,203.720028,3.0840929234834675
161.86,fuel,56,NY,mobile,7,0,6,29,7,0,0,0,97.749972,64.11002800000001,1.6558572348659373
204.6,entertainment,61,FL,mobile,1,0,7,21,10,5,1,0,97.749972,106.850028,2.093095207299955
16.83,electronics,23,FL,mobile,5,0,0,23,1,6,1,1,97.749972,-80.919972,0.17217396060048015
3.84,electronics,55,FL,desktop,4,0,2,15,5,2,0,1,97.749972,-93.909972,0.03928389831882614
69.99,fashion,64,NY,desktop,5,0,23,13,8,5,1,1,97.749972,-27.759972000000005,0.7160104279517294
52.35,fashion,45,NY,mobile,3,0,17,4,9,2,0,0,97.749972,-45.399972,0.5355500200496219
56.3,entertainment,26,IL,desktop,5,0,4,21,6,2,0,1,97.749972,-41.449972,0.5759592383723727
93.32,electronics,60,NY,desktop,1,0,16,15,8,3,0,0,97.749972,-4.4299720000000065,0.9546805706023059
6.57,entertainment,61,TX,tablet,4,0,14,4,3,5,1,0,97.749972,-91.17997199999999,0.0672122947798666
114.1,grocery,64,IL,desktop,4,0,4,22,2,1,0,1,97.749972,16.350027999999995,1.167263749525537
121.72,entertainment,32,IL,desktop,4,0,11,8,3,4,0,0,97.749972,23.970028,1.2452177352519576
121.77,entertainment,49,TX,tablet,3,0,3,23,1,1,0,1,97.749972,24.020027999999996,1.2457292443446506
147.51,electronics,67,CA,desktop,2,0,8,18,10,2,0,0,97.749972,49.76002799999999,1.509054125263032
14.11,grocery,68,NY,mobile,4,0,10,16,11,3,0,0,97.749972,-83.639972,0.14434786595797833
207.46,entertainment,45,FL,tablet,5,0,13,15,5,2,0,0,97.749972,109.71002800000001,2.1223535274019976
167.76,electronics,61,FL,tablet,1,0,6,6,4,2,0,0,97.749972,70.01002799999999,1.7162153078037168
44.7,entertainment,38,NY,mobile,4,0,18,3,7,2,0,0,97.749972,-53.049972,0.4572891288675855
177.56,fashion,25,CA,desktop,0,0,6,13,4,2,0,0,97.749972,79.810028,1.8164710899715544
33.52,electronics,62,IL,tablet,7,0,0,12,1,3,0,1,97.749972,-64.229972,0.34291569574141983
172.03,entertainment,41,FL,tablet,7,0,7,11,2,5,1,0,97.749972,74.280028,1.7598981843197032
50.17,entertainment,40,CA,mobile,3,0,6,27,9,2,0,0,97.749972,-47.579972,0.513248223608205
8.55,grocery,50,CA,desktop,5,0,8,14,3,0,0,0,97.749972,-89.199972,0.08746805485051132
107.34,grocery,33,NY,tablet,0,0,20,31,8,3,0,0,97.749972,9.590028000000004,1.0981077201934368
0.06,fashion,54,NY,mobile,3,0,0,23,5,3,0,1,97.749972,-97.689972,0.0006138109112316584
56.38,fuel,44,TX,desktop,4,0,1,30,3,2,0,1,97.749972,-41.369972,0.5767776529206816
52.41,electronics,21,FL,mobile,2,0,22,1,2,3,0,1,97.749972,-45.339972,0.5361638309608535
17.46,fashion,63,TX,tablet,1,0,9,18,12,6,1,0,97.749972,-80.289972,0.1786189751684126
354.81,fuel,40,NY,mobile,5,0,8,2,11,2,0,0,97.749972,257.060028,3.629770823568412
160.79,fuel,60,TX,tablet,3,0,6,21,5,1,0,0,97.749972,63.04002799999999,1.6449109402823057
206.39,fashion,22,TX,tablet,1,0,16,7,7,3,0,0,97.749972,108.64002799999999,2.111407232818366
23.73,fashion,59,FL,tablet,2,0,1,5,6,6,1,1,97.749972,-74.019972,0.2427622153921209
37.53,fuel,62,IL,mobile,2,0,5,27,11,0,0,1,97.749972,-60.219972,0.3839387249754023
49.21,entertainment,57,IL,mobile,1,0,2,23,12,0,0,1,97.749972,-48.539972,0.5034272490284984
95.12,grocery,30,FL,desktop,4,0,5,5,9,0,0,1,97.749972,-2.629971999999995,0.9730948979392557
63.26,fuel,30,NY,desktop,3,0,22,15,3,4,0,1,97.749972,-34.489972,0.6471613040752451
104.23,fashion,60,TX,desktop,4,0,12,30,9,4,0,0,97.749972,6.480028000000004,1.0662918546279292
181.36,fashion,67,CA,tablet,2,0,10,10,7,2,0,0,97.749972,83.61002800000001,1.8553457810162262
169.99,grocery,63,NY,tablet,2,0,7,20,12,2,0,0,97.749972,72.24002800000001,1.7390286133378268
13.96,entertainment,20,NY,desktop,2,0,5,15,11,2,0,1,97.749972,-83.789972,0.14281333867989918
35.14,fashion,24,CA,desktop,1,0,11,23,5,3,0,0,97.749972,-62.609972,0.35948859034467456
43.18,fashion,41,NY,desktop,3,0,12,14,6,2,0,0,97.749972,-54.569972,0.4417392524497168
352.91,grocery,49,TX,tablet,3,0,21,4,11,5,1,0,97.749972,255.160028,3.6103334780460763
127.35,electronics,21,NY,desktop,1,0,16,13,1,5,1,0,97.749972,29.600027999999995,1.3028136590891948
39.56,fashion,39,CA,tablet,1,0,15,21,1,6,1,0,97.749972,-58.189972,0.4047059941387401
118.15,fashion,21,TX,mobile,1,0,12,24,9,6,1,0,97.749972,20.400028000000006,1.208695986033674
24.62,fuel,38,FL,tablet,1,0,20,17,2,5,1,0,97.749972,-73.129972,0.25186707724205715
33.81,electronics,29,CA,tablet,3,0,0,3,2,3,0,1,97.749972,-63.939972,0.3458824484790395
95.04,electronics,65,NY,desktop,4,0,9,12,6,2,0,0,97.749972,-2.7099719999999934,0.972276483390947
145.92,entertainment,47,IL,mobile,2,0,12,23,4,5,1,0,97.749972,48.17002799999999,1.492788136115393
61.35,grocery,52,IL,tablet,3,0,0,19,2,0,0,1,97.749972,-36.399972,0.6276216567343706
42.79,fuel,42,NY,desktop,5,0,11,14,10,0,0,0,97.749972,-54.959972,0.437749481526711
480.48,fuel,33,TX,desktop,2,0,17,30,3,5,1,0,97.749972,382.730028,4.91539777714312
73.67,entertainment,37,CA,mobile,2,0,21,19,6,6,1,0,97.749972,-24.079971999999998,0.7536574971739379
30.07,entertainment,20,IL,mobile,3,0,4,28,8,2,0,1,97.749972,-67.67997199999999,0.30762156834559945
14.61,fashion,67,TX,mobile,3,0,4,15,4,4,0,1,97.749972,-83.139972,0.1494629568849088
149.01,electronics,65,NY,desktop,3,0,5,23,1,0,0,1,97.749972,51.26002799999999,1.5243993980438235
2.61,fuel,64,IL,mobile,1,0,13,9,10,2,0,0,97.749972,-95.139972,0.02670077463857714
8.89,fashion,39,TX,desktop,5,0,21,9,3,3,0,0,97.749972,-88.859972,0.09094631668082405
172.81,fashion,29,TX,mobile,3,0,16,14,7,6,1,0,97.749972,75.060028,1.7678777261657148
314.64,electronics,65,CA,desktop,5,0,2,6,2,6,1,1,97.749972,216.89002799999997,3.218824418498816
211.58,fashion,52,TX,tablet,0,0,22,16,1,1,0,1,97.749972,113.83002800000001,2.1645018766399047
101.99,fuel,19,FL,desktop,3,0,9,30,6,4,0,0,97.749972,4.240027999999995,1.0433762472752806
17.1,grocery,57,FL,mobile,2,0,21,21,3,1,0,0,97.749972,-80.64997199999999,0.17493610970102264
43.34,grocery,27,NY,tablet,4,0,19,15,10,1,0,0,97.749972,-54.409971999999996,0.44337608154633457
19.44,electronics,45,IL,tablet,4,0,0,18,2,5,1,1,97.749972,-78.309972,0.19887473523905733
79.12,grocery,54,CA,tablet,2,0,20,24,6,5,1,0,97.749972,-18.629971999999995,0.8094119882774802
16.92,fuel,68,IL,mobile,2,0,7,6,3,0,0,0,97.749972,-80.829972,0.17309467696732767
27.0,grocery,61,TX,mobile,2,0,9,14,7,4,0,0,97.749972,-70.749972,0.27621491005424625
18.45,electronics,25,FL,desktop,2,0,4,13,3,0,0,1,97.749972,-79.299972,0.18874685520373494
67.12,fuel,43,CA,mobile,7,1,15,27,11,0,0,0,97.749972,-30.629971999999995,0.6866498060311486
16.51,entertainment,65,IL,mobile,8,0,9,12,6,0,0,0,97.749972,-81.239972,0.16890030240724468
54.97,entertainment,44,NY,tablet,1,0,12,13,7,3,0,0,97.749972,-42.779972,0.5623530965067377
135.58,fuel,47,CA,desktop,1,0,22,8,11,1,0,1,97.749972,37.83002800000001,1.3870080557464708
195.03,entertainment,64,CA,desktop,1,0,8,9,2,3,0,0,97.749972,97.280028,1.9951923669585054
27.6,entertainment,35,TX,tablet,0,0,4,14,9,3,0,1,97.749972,-70.14997199999999,0.28235301916656286
340.24,fuel,41,IL,mobile,5,0,7,17,12,1,0,0,97.749972,242.490028,3.4807170739576576
9.98,fashion,59,CA,desktop,3,0,1,5,4,4,0,1,97.749972,-87.769972,0.10209721490153251
22.64,fashion,37,TX,mobile,2,0,8,19,3,5,1,0,97.749972,-75.109972,0.23161131717141242
397.91,fuel,60,CA,tablet,1,0,1,29,7,5,1,1,97.749972,300.160028,4.07069166146982
65.5,grocery,28,CA,desktop,3,0,1,12,2,6,1,1,97.749972,-32.249972,0.6700769114278937
184.97,entertainment,53,FL,desktop,4,0,2,8,4,0,0,1,97.749972,87.220028,1.8922767375086642
94.08,grocery,44,NY,tablet,1,0,19,2,11,5,1,0,97.749972,-3.6699720000000013,0.9624555088112403
144.54,electronics,62,FL,mobile,2,0,16,13,10,6,1,0,97.749972,46.79002799999999,1.478670485157065
612.88,electronics,29,NY,desktop,2,0,6,5,12,1,0,0,97.749972,515.130028,6.269873854594313
40.85,fuel,56,CA,desktop,2,0,8,31,3,3,0,0,97.749972,-56.899972,0.4179029287302207
22.98,electronics,65,TX,mobile,7,0,13,6,6,1,0,0,97.749972,-74.769972,0.23508957900172517
14.66,entertainment,29,FL,desktop,6,0,15,1,1,0,0,0,97.749972,-83.089972,0.14997446597760186
146.43,fuel,43,CA,desktop,3,0,21,11,1,1,0,0,97.749972,48.68002800000001,1.4980055288608622
65.57,entertainment,30,CA,desktop,3,0,22,25,4,3,0,1,97.749972,-32.17997200000001,0.670793024157664
73.7,fuel,29,FL,mobile,1,0,10,25,4,0,0,0,97.749972,-24.049971999999997,0.7539644026295537
116.95,grocery,64,FL,tablet,4,0,8,17,9,5,1,0,97.749972,19.200028000000003,1.1964197678090407
171.62,entertainment,24,TX,tablet,7,0,23,26,9,3,0,1,97.749972,73.870028,1.7557038097596203
134.67,fuel,38,TX,tablet,6,0,9,7,2,1,0,0,97.749972,36.92002799999999,1.3776985902594572
20.13,entertainment,21,NY,mobile,1,0,14,18,12,6,1,0,97.749972,-77.619972,0.20593356071822136
253.64,grocery,29,IL,mobile,3,0,12,22,11,4,0,0,97.749972,155.89002799999997,2.594783325413297
55.49,fuel,34,FL,mobile,4,0,22,10,6,0,0,1,97.749972,-42.259972,0.5676727910707454
100.48,grocery,55,NY,mobile,1,0,7,20,9,4,0,0,97.749972,2.7300280000000043,1.0279286726759507
53.37,grocery,40,FL,mobile,3,0,2,22,2,2,0,1,97.749972,-44.379972,0.5459848055405601
301.01,electronics,58,IL,mobile,4,0,14,5,9,3,0,0,97.749972,203.26002799999998,3.0793870398306913
8.45,grocery,41,NY,desktop,2,0,23,11,8,4,0,1,97.749972,-89.299972,0.08644503666512521
204.0,electronics,41,TX,mobile,0,0,7,18,10,1,0,0,97.749972,106.250028,2.0869570981876384
226.42,fuel,34,FL,mobile,2,0,22,1,5,6,1,1,97.749972,128.670028,2.316317775351201
118.31,fashion,26,CA,desktop,1,0,10,24,11,3,0,0,97.749972,20.560028000000003,1.2103328151302917
43.81,fuel,69,TX,desktop,3,0,18,9,6,4,0,0,97.749972,-53.939972,0.44818426701764924
5.27,entertainment,46,TX,desktop,4,0,9,7,12,3,0,0,97.749972,-92.479972,0.05391305836984732
223.99,fuel,64,NY,mobile,3,0,9,20,5,4,0,0,97.749972,126.24002800000001,2.2914584334463193
119.12,grocery,66,NY,mobile,3,0,23,21,6,1,0,1,97.749972,21.370028000000005,1.2186192624319192
36.81,grocery,32,IL,tablet,3,0,6,9,4,6,1,0,97.749972,-60.939972,0.37657299404062244
111.9,grocery,20,NY,tablet,5,0,5,7,11,0,0,1,97.749972,14.150028000000006,1.1447573494470429
77.13,entertainment,37,NY,mobile,3,0,22,2,4,5,1,1,97.749972,-20.619972000000004,0.7890539263882967
2.69,electronics,55,CA,mobile,5,0,11,16,5,0,0,0,97.749972,-95.059972,0.027519189186886017
7.55,fashion,40,IL,tablet,4,0,5,17,7,2,0,1,97.749972,-90.199972,0.07723787299665034
54.58,fuel,46,IL,mobile,3,0,11,4,8,6,1,0,97.749972,-43.169972,0.5583633255837319
76.13,electronics,61,NY,tablet,2,0,21,19,9,3,0,0,97.749972,-21.619972000000004,0.7788237445344358
124.69,fuel,56,TX,mobile,8,0,2,11,8,3,0,1,97.749972,26.940027999999998,1.2756013753579247
326.39,fuel,52,CA,tablet,2,0,2,2,10,6,1,1,97.749972,228.64002799999997,3.339029055281683
242.29,electronics,34,TX,mobile,7,0,1,18,3,5,1,1,97.749972,144.540028,2.478670761371975
380.37,electronics,44,CA,tablet,3,0,13,16,1,0,0,0,97.749972,282.620028,3.8912542717530982
14.33,fashion,28,FL,mobile,6,0,16,10,4,0,0,0,97.749972,-83.419972,0.14659850596582774
98.0,fuel,22,CA,mobile,4,0,10,26,5,6,1,0,97.749972,0.25002800000000036,1.0025578216783753
75.7,grocery,24,TX,desktop,2,0,7,8,9,6,1,0,97.749972,-22.049971999999997,0.7744247663372756
250.4,electronics,42,IL,mobile,3,0,7,28,8,0,0,0,97.749972,152.65002800000002,2.5616375362067876
86.37,fashion,47,TX,desktop,3,0,19,10,4,2,0,0,97.749972,-11.379971999999995,0.8835808067179722
344.43,entertainment,37,CA,tablet,3,0,1,26,8,4,0,1,97.749972,246.680028,3.523581535925335
99.43,entertainment,47,NY,mobile,7,0,8,2,3,3,0,0,97.749972,1.6800280000000072,1.0171869817293966
28.96,entertainment,35,FL,desktop,1,0,9,28,5,1,0,0,97.749972,-68.789972,0.2962660664878138
177.34,fashion,42,NY,tablet,4,0,4,23,1,1,0,1,97.749972,79.590028,1.814220449963705
47.83,fuel,43,CA,tablet,4,0,15,25,10,4,0,0,97.749972,-49.919972,0.4893095980701703
56.55,fashion,21,TX,tablet,4,0,6,7,3,1,0,0,97.749972,-41.199972,0.5785167838358379
0.42,fuel,60,TX,tablet,3,0,10,6,11,6,1,0,97.749972,-97.329972,0.004296676378621608
47.13,grocery,61,TX,tablet,1,0,6,24,8,3,0,0,97.749972,-50.619972,0.4821484707724677
20.52,electronics,53,CA,tablet,2,0,23,12,3,6,1,1,97.749972,-77.229972,0.20992333164122715
0.32,grocery,44,NY,tablet,0,0,16,6,11,6,1,0,97.749972,-97.429972,0.0032736581932355114
134.11,grocery,39,TX,desktop,3,0,17,26,4,1,0,0,97.749972,36.360028000000014,1.3719696884212953
86.29,fuel,66,IL,desktop,4,0,5,18,6,6,1,1,97.749972,-11.459971999999993,0.8827623921696633
89.77,fuel,43,NY,mobile,5,0,14,28,2,0,0,0,97.749972,-7.979972000000004,0.9183634250210995
22.13,grocery,61,CA,tablet,8,0,1,13,9,1,0,1,97.749972,-75.619972,0.2263939244259433
130.38,fashion,55,NY,desktop,2,0,4,14,4,4,0,1,97.749972,32.630027999999996,1.3338111101063936
304.2,fuel,19,NY,desktop,6,0,4,10,5,4,0,1,97.749972,206.45002799999997,3.1120213199445077
93.2,electronics,39,IL,desktop,5,0,0,17,8,3,0,1,97.749972,-4.549971999999997,0.9534529487798427
64.1,electronics,28,IL,desktop,2,0,21,18,3,4,0,0,97.749972,-33.649972000000005,0.6557546568324883
213.65,grocery,45,FL,desktop,2,0,17,29,1,5,1,0,97.749972,115.900028,2.185678353077397
133.16,fashion,68,CA,desktop,2,0,17,3,1,0,0,0,97.749972,35.410028,1.362251015660127
60.12,fashion,66,CA,tablet,1,0,9,8,8,3,0,0,97.749972,-37.629972,0.6150385330541217
115.43,fuel,35,NY,desktop,3,0,13,5,5,6,1,0,97.749972,17.680028000000007,1.1808698913911722
116.4,grocery,58,IL,tablet,4,0,19,20,12,2,0,0,97.749972,18.650028000000006,1.1907931677894172
206.81,fuel,51,IL,tablet,3,0,2,30,7,6,1,1,97.749972,109.060028,2.115703909196988
121.72,grocery,39,FL,mobile,4,0,19,26,2,6,1,0,97.749972,23.970028,1.2452177352519576
240.3,grocery,51,CA,mobile,2,0,8,5,10,5,1,0,97.749972,142.550028,2.458312699482792
145.37,fuel,59,NY,mobile,2,0,11,16,5,0,0,0,97.749972,47.620028000000005,1.4871615360957697
121.31,fashion,33,IL,desktop,2,0,10,12,7,4,0,0,97.749972,23.560028000000003,1.2410233606918746
115.87,fuel,65,NY,mobile,7,0,19,8,4,4,0,0,97.749972,18.120028000000005,1.1853711714068709
54.29,entertainment,42,TX,mobile,3,0,22,9,12,0,0,1,97.749972,-43.459972,0.5553965728461122
100.05,entertainment,63,NY,tablet,4,0,21,29,6,5,1,0,97.749972,2.3000279999999975,1.0235296944787904
367.93,fuel,24,NY,tablet,2,0,11,10,3,3,0,0,97.749972,270.180028,3.7639908094910677
126.1,electronics,64,IL,mobile,2,0,1,20,2,1,0,1,97.749972,28.350027999999995,1.2900259317718685
606.29,fashion,32,IL,desktop,4,0,15,11,6,5,1,0,97.749972,508.54002799999995,6.202456956177369
46.44,fuel,30,FL,desktop,1,0,0,5,11,6,1,1,97.749972,-51.309972,0.47508964529330355
6.73,entertainment,67,IL,desktop,3,0,11,16,5,3,0,0,97.749972,-91.019972,0.06884912387648436
81.32,fuel,27,NY,tablet,3,0,13,6,4,3,0,0,97.749972,-16.429972000000006,0.8319183883559742
125.16,grocery,61,IL,desktop,3,0,22,6,1,3,0,1,97.749972,27.410027999999997,1.2804095608292394
33.53,entertainment,49,IL,mobile,5,0,0,2,1,6,1,1,97.749972,-64.219972,0.34301799755995843
117.79,entertainment,38,IL,tablet,0,0,15,2,7,6,1,0,97.749972,20.040028000000007,1.205013120566284
97.43,entertainment,46,IL,mobile,3,0,23,16,12,0,0,1,97.749972,-0.3199719999999928,0.9967266180216746
543.65,electronics,38,NY,mobile,5,0,15,8,1,6,1,0,97.749972,445.90002799999996,5.561638364851517
51.5,entertainment,44,IL,tablet,5,0,4,8,7,5,1,1,97.749972,-46.249972,0.5268543654738401
42.01,entertainment,60,CA,tablet,1,0,6,6,1,3,0,0,97.749972,-55.739972,0.42976993968069943
28.49,grocery,21,IL,desktop,0,0,19,18,3,0,0,0,97.749972,-69.259972,0.2914578810164991
6.85,electronics,35,NY,tablet,3,0,9,4,12,0,0,0,97.749972,-90.899972,0.07007674569894766
213.11,grocery,61,IL,desktop,2,0,11,20,5,0,0,0,97.749972,115.36002800000001,2.180154054876312
31.33,fashion,32,IL,desktop,1,0,16,25,1,3,0,0,97.749972,-66.419972,0.32051159748146424
82.07,fashion,53,CA,tablet,2,0,9,8,6,2,0,0,97.749972,-15.679972000000006,0.8395910247463699
13.0,grocery,33,IL,desktop,1,0,8,27,2,0,0,0,97.749972,-84.749972,0.13299236410019263
73.41,grocery,46,NY,desktop,4,0,16,1,2,3,0,0,97.749972,-24.339972000000003,0.750997649891934
180.84,fashion,38,TX,desktop,1,0,23,6,10,3,0,1,97.749972,83.090028,1.8500260864522184
14.38,fuel,65,CA,tablet,3,0,16,4,6,6,1,0,97.749972,-83.369972,0.14711001505852078
100.58,fashion,66,FL,mobile,3,0,5,8,4,0,0,1,97.749972,2.8300279999999987,1.0289516908613365
87.33,fashion,40,FL,desktop,0,0,14,3,8,5,1,0,97.749972,-10.419972000000001,0.8934017812976788
75.57,entertainment,32,IL,mobile,5,0,13,25,5,5,1,0,97.749972,-22.179972000000006,0.7730948426962736
174.91,grocery,49,FL,tablet,3,0,18,28,12,2,0,0,97.749972,77.160028,1.7893611080588228
171.75,entertainment,68,NY,mobile,3,1,19,21,9,5,1,0,97.749972,74.000028,1.757033733400622
32.32,electronics,55,IL,tablet,5,0,23,10,12,5,1,1,97.749972,-65.42997199999999,0.33063947751678663
74.09,grocery,44,IL,tablet,2,0,8,26,8,5,1,0,97.749972,-23.659971999999996,0.7579541735525595
34.19,fuel,69,IL,desktop,1,0,9,3,12,5,1,0,97.749972,-63.559972,0.3497699175835066
360.8,fuel,42,TX,desktop,5,0,10,1,2,1,0,0,97.749972,263.050028,3.691049612873039
29.66,fuel,26,CA,desktop,0,0,22,1,1,0,0,1,97.749972,-68.089972,0.30342719378551647
533.07,entertainment,31,IL,desktop,1,0,14,20,1,5,1,0,97.749972,435.32002800000004,5.453403040837669
47.38,entertainment,24,CA,tablet,4,0,3,15,4,5,1,1,97.749972,-50.369972,0.4847060162359329
54.17,fuel,45,NY,desktop,5,0,3,14,2,1,0,1,97.749972,-43.579972,0.5541689510236489
87.81,entertainment,29,TX,mobile,2,0,21,2,2,4,0,0,97.749972,-9.939971999999997,0.898312268587532
119.08,entertainment,46,CA,tablet,7,0,10,14,5,6,1,0,97.749972,21.330028,1.2182100551577646
71.23,entertainment,57,IL,tablet,4,0,4,29,1,0,0,1,97.749972,-26.519971999999996,0.7286958534505171
98.51,fashion,21,FL,mobile,2,0,16,21,10,5,1,0,97.749972,0.7600280000000055,1.0077752144238445
72.35,electronics,60,TX,desktop,6,0,21,24,11,4,0,0,97.749972,-25.399972000000005,0.7401536571268413
8.75,electronics,51,IL,tablet,4,0,0,21,9,2,0,1,97.749972,-88.999972,0.08951409122128351
350.05,fashion,61,FL,mobile,4,0,22,16,3,5,1,1,97.749972,252.300028,3.5810751579440336
63.49,electronics,19,FL,tablet,1,0,21,12,2,6,1,0,97.749972,-34.259972,0.6495142459016332
70.41,fuel,27,NY,mobile,2,0,6,5,10,5,1,0,97.749972,-27.339972000000003,0.7203071043303511
60.55,electronics,29,NY,tablet,4,0,7,27,9,2,0,0,97.749972,-37.199972,0.6194375112512819
31.28,fashion,60,IL,tablet,3,0,5,29,9,4,0,1,97.749972,-66.469972,0.32000008838877125
84.44,electronics,22,IL,mobile,2,0,21,11,7,3,0,0,97.749972,-13.309972000000002,0.8638365557400205
23.88,grocery,40,CA,mobile,1,0,7,28,2,1,0,0,97.749972,-73.869972,0.24429674267020002
28.07,electronics,43,TX,desktop,3,0,1,19,1,4,0,1,97.749972,-69.67997199999999,0.28716120463787753
256.08,grocery,69,CA,tablet,4,0,15,13,5,0,0,0,97.749972,158.33002799999997,2.619744969136718
216.0,electronics,28,FL,tablet,1,0,14,12,11,6,1,0,97.749972,118.250028,2.20971928043397
136.49,grocery,43,FL,desktop,3,0,11,9,5,1,0,0,97.749972,38.74002800000001,1.3963175212334842
146.96,grocery,48,CA,mobile,4,0,3,4,3,0,0,1,97.749972,49.21002800000001,1.5034275252434086
58.01,fuel,22,IL,tablet,3,0,7,6,6,0,0,0,97.749972,-39.739972,0.593452849342475
51.62,electronics,35,FL,tablet,1,0,8,17,1,1,0,0,97.749972,-46.129972,0.5280819872963034
208.34,fashion,66,TX,mobile,1,0,14,28,12,2,0,0,97.749972,110.590028,2.131356087433395
149.4,electronics,34,IL,tablet,3,0,8,11,4,3,0,0,97.749972,51.650028000000006,1.5283891689668294
132.83,electronics,61,IL,mobile,1,0,23,11,7,3,0,1,97.749972,35.08002800000001,1.358875055648353
112.18,electronics,30,CA,desktop,3,0,17,24,4,6,1,0,97.749972,14.430028000000007,1.147621800366124
478.98,fashion,63,FL,desktop,1,0,16,23,12,4,0,0,97.749972,381.230028,4.900052504362329
37.07,electronics,67,NY,desktop,4,0,22,14,12,3,0,1,97.749972,-60.679972,0.37923284132262625
9.15,entertainment,54,TX,desktop,4,0,15,7,2,0,0,0,97.749972,-88.599972,0.0936061639628279
134.5,entertainment,36,FL,mobile,2,0,10,6,12,2,0,0,97.749972,36.750028,1.3759594593443008
102.23,fashion,37,CA,desktop,0,0,19,17,10,1,0,0,97.749972,4.480028000000004,1.0458314909202073
26.62,entertainment,59,FL,tablet,1,1,17,2,6,6,1,0,97.749972,-71.129972,0.2723274409497791
38.03,entertainment,37,TX,desktop,1,0,12,18,7,0,0,0,97.749972,-59.719972,0.3890538159023328
163.47,fashion,56,CA,mobile,4,0,4,6,10,3,0,1,97.749972,65.720028,1.6723278276506532
108.46,fashion,25,FL,mobile,4,0,18,24,10,3,0,0,97.749972,10.710027999999994,1.109565523869761
47.14,fashion,66,IL,desktop,1,0,15,2,7,6,1,0,97.749972,-50.609972,0.48225077259100624
2.55,electronics,57,NY,tablet,1,0,22,6,12,4,0,1,97.749972,-95.199972,0.02608696372734548
27.44,electronics,40,CA,desktop,4,1,5,2,1,1,0,1,97.749972,-70.309972,0.2807161900699451
184.4,fashion,32,NY,desktop,3,0,21,28,5,5,1,0,97.749972,86.650028,1.8864455338519635
9.23,entertainment,37,IL,desktop,2,0,0,29,1,6,1,1,97.749972,-88.519972,0.09442457851113678
21.99,electronics,20,NY,tablet,6,0,15,16,11,5,1,0,97.749972,-75.759972,0.22496169896640278
152.63,entertainment,26,FL,desktop,2,0,13,6,10,6,1,0,97.749972,54.880027999999996,1.5614326563548002
105.19,grocery,28,NY,tablet,4,0,1,10,8,5,1,1,97.749972,7.440027999999998,1.0761128292076356
15.22,fashion,44,CA,desktop,2,0,16,4,10,2,0,0,97.749972,-82.529972,0.15570336781576402
3.06,grocery,40,NY,mobile,3,0,10,9,11,2,0,0,97.749972,-94.689972,0.03130435647281458
186.4,entertainment,41,NY,desktop,4,0,3,13,8,5,1,1,97.749972,88.650028,1.9069058975596853
31.62,fuel,28,NY,desktop,4,0,4,30,12,4,0,1,97.749972,-66.129972,0.32347835021908394
80.45,electronics,49,FL,mobile,3,0,4,8,1,5,1,1,97.749972,-17.299971999999997,0.8230181301431153
14.37,grocery,29,IL,mobile,1,0,13,21,11,3,0,0,97.749972,-83.379972,0.14700771323998216
53.63,grocery,32,CA,tablet,4,0,21,10,11,6,1,0,97.749972,-44.119972,0.548644652822564
11.64,entertainment,34,IL,tablet,1,0,14,1,7,0,0,0,97.749972,-86.109972,0.11907931677894174
103.49,electronics,22,FL,desktop,3,1,14,1,5,0,0,0,97.749972,5.740027999999995,1.058721520056072
314.23,electronics,29,NY,desktop,2,0,9,23,7,1,0,0,97.749972,216.480028,3.2146300439387336
22.22,electronics,24,IL,desktop,4,0,15,24,4,0,0,0,97.749972,-75.529972,0.2273146407927908
6.45,grocery,36,IL,tablet,4,0,15,1,2,2,0,0,97.749972,-91.299972,0.06598467295740328
344.44,electronics,31,NY,mobile,3,0,11,24,10,3,0,0,97.749972,246.69002799999998,3.5236838377438735
67.99,fashion,66,IL,desktop,4,0,11,13,4,5,1,0,97.749972,-29.759972000000005,0.6955500642440074
250.45,fashion,45,FL,desktop,2,0,17,20,3,2,0,0,97.749972,152.70002799999997,2.5621490452994804
159.91,grocery,21,TX,tablet,3,0,15,5,4,4,0,0,97.749972,62.160028,1.635908380250908
157.0,electronics,29,NY,mobile,6,0,21,28,2,0,0,0,97.749972,59.250028,1.6061385510561728
2.23,fashion,65,TX,mobile,5,0,4,17,10,1,0,1,97.749972,-95.519972,0.02281330553410997
135.48,fashion,53,CA,tablet,3,0,10,30,9,0,0,0,97.749972,37.73002799999999,1.3859850375610845
71.56,fashion,39,TX,desktop,3,0,19,11,6,1,0,0,97.749972,-26.189971999999997,0.7320718134622912
170.85,entertainment,24,TX,desktop,3,0,13,1,2,3,0,0,97.749972,73.100028,1.7478265697321471
163.19,fuel,41,FL,mobile,2,0,0,8,4,4,0,1,97.749972,65.440028,1.669463376731572
98.32,fuel,25,TX,desktop,2,0,3,1,4,5,1,1,97.749972,0.5700279999999935,1.0058314798716108
104.54,entertainment,47,IL,mobile,3,0,8,4,11,4,0,0,97.749972,6.790028000000007,1.069463211002626
177.16,fuel,62,IL,desktop,2,0,8,24,11,6,1,0,97.749972,79.410028,1.8123790172300098
5.42,electronics,62,FL,tablet,3,1,22,19,4,1,0,1,97.749972,-92.329972,0.05544758564792647
0.44,fashion,52,FL,desktop,5,0,13,28,11,3,0,0,97.749972,-97.309972,0.004501280015698828
33.0,entertainment,42,NY,mobile,4,0,6,13,7,5,1,0,97.749972,-64.749972,0.3375960011774121
218.45,fashion,30,FL,desktop,3,0,8,14,2,1,0,0,97.749972,120.70002799999999,2.2347832259759293
34.93,grocery,51,FL,tablet,3,0,8,19,9,3,0,0,97.749972,-62.819972,0.35734025215536375
195.09,fuel,19,NY,mobile,3,0,23,25,2,6,1,1,97.749972,97.340028,1.9958061778697371
145.39,electronics,46,CA,tablet,5,0,22,3,5,2,0,1,97.749972,47.64002799999999,1.4873661397328466
174.83,fashion,63,TX,desktop,2,0,7,22,11,4,0,0,97.749972,77.08002800000001,1.788542693510514
3.35,fashion,57,FL,tablet,4,0,9,15,3,1,0,0,97.749972,-94.399972,0.03427110921043426
277.08,fuel,36,CA,desktop,3,0,21,25,3,0,0,0,97.749972,179.33002799999997,2.834578788067798
57.29,grocery,57,NY,desktop,2,0,14,23,1,0,0,0,97.749972,-40.459972,0.5860871184076951
76.92,fashion,50,IL,tablet,5,0,8,22,1,6,1,0,97.749972,-20.829971999999998,0.786905588198986
31.82,fashion,58,TX,mobile,0,0,8,26,6,2,0,0,97.749972,-65.92997199999999,0.32552438658985616
55.78,grocery,63,FL,mobile,0,0,16,27,5,5,1,0,97.749972,-41.969972,0.5706395438083651
540.73,electronics,29,IL,desktop,3,0,23,17,4,6,1,1,97.749972,442.980028,5.531766233838244
34.17,electronics,48,CA,mobile,5,0,10,15,7,5,1,0,97.749972,-63.579972,0.3495653139464295
43.02,electronics,65,NY,tablet,4,0,15,4,11,4,0,0,97.749972,-54.729972,0.44010242335309907
23.11,fashion,23,NY,tablet,0,0,6,25,3,4,0,0,97.749972,-74.639972,0.23641950264272707
23.93,entertainment,53,IL,tablet,6,0,0,3,3,6,1,1,97.749972,-73.819972,0.2448082517628931
151.22,fashion,61,IL,tablet,6,0,15,10,9,5,1,0,97.749972,53.470028,1.5470080999408562
203.75,grocery,24,FL,mobile,3,0,5,23,12,0,0,1,97.749972,106.000028,2.084399552724173
89.34,fuel,32,TX,mobile,4,0,4,8,3,1,0,1,97.749972,-8.409971999999996,0.9139644468239393
66.38,fuel,54,CA,mobile,1,0,23,26,9,0,0,1,97.749972,-31.369972000000004,0.6790794714592914
33.65,electronics,69,FL,tablet,3,0,9,29,5,6,1,0,97.749972,-64.09997200000001,0.3442456193824217
26.43,entertainment,24,CA,mobile,2,0,13,10,8,5,1,0,97.749972,-71.319972,0.2703837063975455
271.32,electronics,63,NY,desktop,5,0,13,20,6,0,0,0,97.749972,173.57002799999998,2.775652940589559
117.67,fuel,26,FL,mobile,2,0,2,2,4,5,1,1,97.749972,19.920028000000002,1.2037854987438206
43.95,fashion,52,TX,desktop,3,0,1,19,7,2,0,1,97.749972,-53.799972,0.44961649247718977
89.38,fashion,32,IL,tablet,4,0,12,20,2,1,0,0,97.749972,-8.369972000000004,0.9143736540980937
93.59,fashion,44,IL,tablet,1,0,5,29,10,5,1,1,97.749972,-4.159971999999996,0.9574427197028484
23.5,grocery,55,IL,mobile,2,0,7,6,3,0,0,0,97.749972,-74.249972,0.24040927356573286
87.91,grocery,62,IL,desktop,3,0,13,18,3,5,1,0,97.749972,-9.839972000000003,0.8993352867729181
119.47,electronics,35,NY,tablet,5,0,5,12,4,1,0,1,97.749972,21.720028,1.2221998260807705
101.47,fashion,53,IL,mobile,3,0,14,26,9,0,0,0,97.749972,3.7200279999999992,1.0380565527112728
186.58,fuel,67,TX,mobile,2,0,23,21,11,3,0,1,97.749972,88.83002800000001,1.9087473302933804
152.33,fuel,69,FL,mobile,3,0,12,7,9,3,0,0,97.749972,54.58002800000001,1.5583636017986422
13.6,electronics,36,NY,mobile,1,0,4,23,5,0,0,1,97.749972,-84.149972,0.13913047321250924
71.99,grocery,22,IL,desktop,3,0,19,4,5,3,0,0,97.749972,-25.759972000000005,0.7364707916594514
160.98,fuel,21,TX,tablet,0,0,7,14,12,5,1,0,97.749972,63.23002799999999,1.6468546748345392
13.8,fashion,25,NY,mobile,2,0,15,24,11,4,0,0,97.749972,-83.949972,0.14117650958328143
243.46,fashion,63,TX,mobile,2,0,5,3,9,6,1,1,97.749972,145.71002800000002,2.4906400741409924
126.96,grocery,67,TX,desktop,2,1,15,13,5,4,0,0,97.749972,29.210027999999994,1.298823888166189
53.77,fuel,59,TX,tablet,7,0,20,15,11,4,0,0,97.749972,-43.979972,0.5500768782821045
63.2,fashion,23,CA,desktop,6,0,12,10,11,4,0,0,97.749972,-34.549972,0.6465474931640135
15.44,fuel,32,NY,mobile,3,0,15,11,10,1,0,0,97.749972,-82.309972,0.1579540078236134
106.49,fuel,65,IL,mobile,4,0,3,17,1,2,0,1,97.749972,8.740027999999995,1.089412065617655
36.45,fuel,27,FL,tablet,3,0,19,14,7,4,0,0,97.749972,-61.299972,0.3728901285732325
129.49,electronics,19,NY,desktop,0,0,10,27,5,5,1,0,97.749972,31.74002800000001,1.3247062482564576
209.72,electronics,50,FL,mobile,1,0,17,23,12,0,0,0,97.749972,111.970028,2.1454737383917233
272.47,entertainment,49,IL,tablet,4,0,0,7,5,5,1,1,97.749972,174.720028,2.7874176497214993
40.65,fuel,40,NY,mobile,6,0,11,25,12,6,1,0,97.749972,-57.099972,0.4158568923594485
20.84,fashion,69,IL,desktop,2,0,13,29,12,3,0,0,97.749972,-76.909972,0.21319698983446267
221.77,grocery,31,NY,tablet,3,0,10,25,11,4,0,0,97.749972,124.02002800000001,2.268747429730748
52.59,grocery,60,NY,mobile,1,0,5,22,12,6,1,1,97.749972,-45.159971999999996,0.5380052636945486
56.44,entertainment,50,TX,desktop,0,0,16,2,5,0,0,0,97.749972,-41.309972,0.5773914638319133
99.45,grocery,56,NY,tablet,5,0,21,14,2,1,0,0,97.749972,1.7000280000000032,1.0173915853664737
139.72,electronics,53,FL,tablet,4,0,9,10,12,5,1,0,97.749972,41.970028,1.429361008621455
18.18,grocery,51,TX,mobile,3,0,15,5,8,0,0,0,97.749972,-79.569972,0.18598470610319248
60.9,electronics,68,IL,mobile,1,0,15,6,3,2,0,0,97.749972,-36.849972,0.6230180749001333
12.48,entertainment,37,NY,tablet,6,0,10,5,1,2,0,0,97.749972,-85.269972,0.12767266953618495
14.12,fuel,39,IL,mobile,2,0,20,20,10,4,0,0,97.749972,-83.629972,0.14445016777651692
482.37,entertainment,46,NY,mobile,2,0,18,30,12,0,0,0,97.749972,384.620028,4.934732820846918
104.49,electronics,54,NY,mobile,1,0,15,13,8,5,1,0,97.749972,6.740027999999995,1.068951701909933
32.24,grocery,56,NY,tablet,2,0,11,20,2,1,0,0,97.749972,-65.509972,0.3298210629684778
85.19,grocery,57,TX,desktop,4,0,6,21,5,5,1,0,97.749972,-12.559972000000002,0.8715091921304162
72.17,electronics,41,NY,tablet,4,1,15,3,2,4,0,0,97.749972,-25.579971999999998,0.7383122243931464
71.04,fuel,36,CA,tablet,3,0,17,8,3,1,0,0,97.749972,-26.709971999999993,0.7267521188982836
187.37,fashion,27,TX,desktop,2,0,20,3,12,1,0,0,97.749972,89.620028,1.9168291739579304
10.31,fuel,43,IL,mobile,3,0,4,14,1,6,1,1,97.749972,-87.439972,0.10547317491330663
45.72,fuel,28,CA,desktop,8,0,23,20,7,2,0,1,97.749972,-52.029972,0.4677239143585237
43.9,entertainment,60,FL,tablet,4,0,1,3,5,1,0,1,97.749972,-53.849972,0.44910498338449667
43.42,fuel,37,CA,desktop,5,0,23,30,12,4,0,1,97.749972,-54.329972,0.44419449609464345
329.06,fuel,50,IL,desktop,3,0,3,9,4,1,0,1,97.749972,231.310028,3.3663436408314915
22.08,grocery,23,NY,mobile,3,0,8,26,2,6,1,0,97.749972,-75.669972,0.22588241533325026
66.07,entertainment,60,TX,mobile,0,0,17,7,9,3,0,0,97.749972,-31.679972000000006,0.6759081150845944
569.49,entertainment,41,IL,desktop,3,0,4,10,3,4,0,1,97.749972,471.740028,5.8259862639552855
7.39,fuel,53,CA,tablet,0,0,17,10,4,0,0,0,97.749972,-90.359972,0.07560104390003258
81.48,fashion,49,TX,desktop,1,0,20,25,6,6,1,0,97.749972,-16.269971999999996,0.8335552174525921
65.61,electronics,62,IL,mobile,2,0,13,21,11,3,0,0,97.749972,-32.139972,0.6712022314318185
61.69,electronics,44,IL,tablet,4,0,21,5,12,3,0,0,97.749972,-36.059972,0.6310999185646834
171.16,entertainment,26,NY,tablet,4,0,3,25,4,3,0,1,97.749972,73.410028,1.750997926106844
85.01,electronics,52,NY,desktop,0,0,13,22,11,1,0,0,97.749972,-12.739971999999995,0.8696677593967214
59.71,entertainment,34,FL,desktop,1,0,22,21,5,6,1,1,97.749972,-38.039972,0.6108441584940387
56.43,fuel,39,TX,desktop,2,0,1,23,1,1,0,1,97.749972,-41.319972,0.5772891620133747
21.68,electronics,56,CA,tablet,3,0,9,27,5,4,0,0,97.749972,-76.069972,0.22179034259170588
100.61,grocery,50,NY,tablet,2,0,19,3,1,0,0,0,97.749972,2.860028,1.0292585963169525
12.89,entertainment,64,IL,mobile,2,0,10,12,12,3,0,0,97.749972,-84.859972,0.13186704409626795
73.79,entertainment,63,TX,tablet,2,0,22,20,5,0,0,1,97.749972,-23.959971999999993,0.7548851189964012
192.79,grocery,24,NY,tablet,2,0,17,1,10,5,1,0,97.749972,95.04002799999999,1.9722767596058568
132.11,electronics,51,NY,mobile,4,0,3,13,9,2,0,1,97.749972,34.360028000000014,1.3515093247135732
4.1,fuel,20,TX,mobile,3,0,9,21,9,5,1,0,97.749972,-93.649972,0.04194374560082999
49.3,entertainment,51,CA,tablet,3,0,22,14,3,1,0,1,97.749972,-48.449972,0.5043479653953459
155.91,entertainment,21,FL,tablet,0,0,15,4,12,2,0,0,97.749972,58.160028,1.5949876528354643
440.51,electronics,61,CA,tablet,5,0,15,15,2,3,0,0,97.749972,342.760028,4.506497408444297
11.91,grocery,57,FL,mobile,4,0,8,16,4,5,1,0,97.749972,-85.839972,0.12184146587948419
41.61,entertainment,65,CA,mobile,2,0,15,20,7,5,1,0,97.749972,-56.139972,0.42567786693915505
346.98,fashion,53,TX,tablet,6,0,7,19,10,5,1,0,97.749972,249.230028,3.5496684996526806
128.89,entertainment,57,FL,desktop,3,0,23,24,12,6,1,1,97.749972,31.140027999999987,1.3185681391441406
218.66,fuel,66,FL,mobile,1,0,15,25,3,0,0,0,97.749972,120.910028,2.23693156416524
90.35,fashion,64,IL,mobile,3,0,12,28,1,5,1,0,97.749972,-7.399972000000005,0.9242969304963389
61.52,grocery,60,CA,desktop,2,0,23,18,6,5,1,1,97.749972,-36.229972,0.6293607876495271
34.13,entertainment,34,TX,desktop,2,0,20,5,6,2,0,0,97.749972,-63.619972,0.34915610667227504
52.92,entertainment,58,NY,tablet,5,0,8,4,2,5,1,0,97.749972,-44.829972,0.5413812237063227
14.19,grocery,22,FL,desktop,3,0,18,20,5,0,0,0,97.749972,-83.559972,0.1451662805062872
25.91,entertainment,45,TX,tablet,5,0,23,16,12,4,0,1,97.749972,-71.839972,0.2650640118335378
17.23,entertainment,32,FL,desktop,2,0,3,5,8,5,1,1,97.749972,-80.519972,0.17626603334202456
42.57,fuel,26,NY,tablet,2,0,17,17,7,0,0,0,97.749972,-55.179972,0.4354988415188616
243.28,grocery,61,IL,mobile,3,0,3,23,3,2,0,1,97.749972,145.53002800000002,2.4887986414072976
37.35,fuel,68,FL,desktop,6,0,10,28,6,4,0,0,97.749972,-60.399972,0.38209729224170735
48.3,grocery,52,CA,mobile,3,0,23,14,2,0,0,1,97.749972,-49.449972,0.49411778354148495
22.88,fashion,19,NY,mobile,1,0,8,25,2,5,1,0,97.749972,-74.869972,0.23406656081633906
41.88,fuel,46,CA,desktop,4,0,12,18,10,4,0,0,97.749972,-55.869972,0.42844001603969756
144.86,grocery,25,NY,desktop,4,0,17,4,12,0,0,0,97.749972,47.110028000000014,1.4819441433503007
405.43,grocery,49,IL,desktop,6,0,7,13,5,0,0,0,97.749972,307.680028,4.147622629010854
162.25,grocery,49,IL,mobile,1,0,8,14,4,6,1,0,97.749972,64.500028,1.6598470057889427
55.77,entertainment,62,NY,desktop,2,0,22,11,12,2,0,1,97.749972,-41.979972,0.5705372419898265
54.97,entertainment,64,CA,desktop,4,0,23,26,4,1,0,1,97.749972,-42.779972,0.5623530965067377
153.23,fashion,30,IL,desktop,3,0,8,12,2,5,1,0,97.749972,55.48002799999999,1.5675707654671167
131.83,electronics,39,FL,desktop,1,0,9,24,7,2,0,0,97.749972,34.08002800000001,1.3486448737944923
11.94,electronics,59,FL,desktop,3,0,8,23,6,4,0,0,97.749972,-85.809972,0.12214837133510001
260.45,fashion,65,CA,tablet,5,0,3,16,2,3,0,1,97.749972,162.70002799999997,2.6644508638380904
204.47,electronics,55,FL,tablet,3,0,23,13,3,2,0,1,97.749972,106.720028,2.091765283658953
64.2,electronics,31,IL,tablet,2,0,3,21,4,3,0,1,97.749972,-33.549972,0.6567776750178744
34.09,fashion,53,TX,mobile,6,0,14,31,8,5,1,0,97.749972,-63.659971999999996,0.3487468993981206
26.1,entertainment,33,NY,mobile,8,0,18,24,5,1,0,0,97.749972,-71.64997199999999,0.2670077463857714
63.85,entertainment,67,FL,mobile,3,0,4,21,6,4,0,1,97.749972,-33.899972,0.6531971113690231
10.36,fuel,30,IL,desktop,6,0,21,1,1,6,1,0,97.749972,-87.389972,0.10598468400599967
76.92,electronics,39,TX,tablet,4,0,21,12,9,1,0,0,97.749972,-20.829971999999998,0.786905588198986
128.57,fuel,50,TX,mobile,4,0,18,18,7,0,0,0,97.749972,30.820027999999994,1.3152944809509053
42.61,grocery,53,CA,desktop,4,0,21,16,4,1,0,0,97.749972,-55.139972,0.43590804879301603
13.68,fuel,44,FL,desktop,7,0,11,6,9,1,0,0,97.749972,-84.069972,0.1399488877608181
97.88,fuel,68,FL,desktop,3,0,0,27,7,3,0,1,97.749972,0.1300279999999958,1.0013301998559119
12.85,electronics,54,TX,mobile,2,0,15,3,3,4,0,0,97.749972,-84.899972,0.13145783682211348
109.0,electronics,28,NY,desktop,1,0,4,17,10,1,0,1,97.749972,11.250028,1.115089822070846
130.75,electronics,64,FL,tablet,2,0,15,16,9,5,1,0,97.749972,33.000028,1.3375962773923222
32.2,fashion,24,NY,mobile,2,0,14,20,6,1,0,0,97.749972,-65.549972,0.32941185569432335
91.77,fuel,25,TX,mobile,5,0,13,5,10,2,0,0,97.749972,-5.979972000000004,0.9388237887288214
4.59,fuel,21,TX,tablet,2,0,17,20,4,5,1,0,97.749972,-93.159972,0.04695653470922186
25.92,fashion,61,CA,desktop,3,0,17,20,7,2,0,0,97.749972,-71.829972,0.26516631365207644
10.18,entertainment,46,TX,tablet,4,0,11,1,3,4,0,0,97.749972,-87.569972,0.1041432512723047
162.3,fashion,20,NY,mobile,4,0,5,3,10,0,0,1,97.749972,64.55002800000001,1.660358514881636
29.39,fuel,57,CA,desktop,0,0,7,6,11,6,1,0,97.749972,-68.359972,0.300665044684974
391.23,entertainment,55,CA,tablet,1,0,1,25,8,6,1,1,97.749972,293.480028,4.002354046686029
114.4,fuel,19,TX,desktop,0,0,16,11,9,2,0,0,97.749972,16.650028000000006,1.1703328040816954
57.31,fuel,65,NY,mobile,3,0,12,23,12,0,0,0,97.749972,-40.439972,0.5862917220447724
156.54,fashion,28,TX,desktop,3,0,23,13,11,0,0,1,97.749972,58.79002799999999,1.6014326674033965
276.38,fashion,36,IL,tablet,2,0,12,21,11,1,0,0,97.749972,178.63002799999998,2.8274176607700956
24.86,entertainment,42,NY,mobile,1,0,7,8,11,2,0,0,97.749972,-72.889972,0.25432232088698375
78.04,grocery,48,CA,desktop,2,0,11,9,2,4,0,0,97.749972,-19.709971999999993,0.7983633918753104
97.82,electronics,42,CA,desktop,4,0,6,13,6,1,0,0,97.749972,0.07002799999999354,1.0007163889446802
119.94,grocery,55,TX,tablet,6,0,18,27,5,4,0,0,97.749972,22.190027999999998,1.227008011552085
435.05,electronics,53,TX,tablet,3,0,19,25,4,1,0,0,97.749972,337.300028,4.450640615522216
28.44,entertainment,31,TX,desktop,6,0,1,22,8,0,0,1,97.749972,-69.309972,0.29094637192380607
227.08,fashion,41,TX,mobile,2,0,4,30,11,3,0,1,97.749972,129.33002800000003,2.3230696953747496
8.0,electronics,46,CA,mobile,3,0,19,17,6,5,1,0,97.749972,-89.749972,0.08184145483088778
71.68,fuel,26,IL,mobile,4,0,10,4,8,3,0,0,97.749972,-26.069971999999993,0.7332994352847546
286.51,fashion,65,TX,tablet,3,0,4,12,11,1,0,1,97.749972,188.76002799999998,2.931049402949707
12.42,fashion,67,FL,tablet,2,0,7,27,5,5,1,0,97.749972,-85.329972,0.12705885862495328
4.46,grocery,48,IL,mobile,1,0,5,26,8,0,0,1,97.749972,-93.289972,0.04562661106821994
107.38,electronics,67,IL,tablet,1,0,11,23,8,1,0,0,97.749972,9.630027999999996,1.0985169274675912
231.76,grocery,34,NY,tablet,2,0,13,27,7,5,1,0,97.749972,134.01002799999998,2.370946946450819
209.01,electronics,58,CA,mobile,3,0,22,4,5,5,1,1,97.749972,111.26002799999999,2.1382103092754816
68.58,fuel,55,FL,mobile,6,0,1,17,12,5,1,1,97.749972,-29.169972,0.7015858715377855
25.82,grocery,60,IL,desktop,1,0,23,7,10,5,1,1,97.749972,-71.92997199999999,0.2641432954666903
18.5,entertainment,62,CA,desktop,2,0,22,6,9,2,0,1,97.749972,-79.249972,0.189258364296428
281.64,electronics,30,FL,desktop,2,0,6,11,4,0,0,0,97.749972,183.89002799999997,2.8812284173214042
20.83,entertainment,21,TX,tablet,3,0,1,15,5,2,0,1,97.749972,-76.919972,0.21309468801592404
118.73,entertainment,51,FL,tablet,3,0,2,18,10,1,0,1,97.749972,20.980028000000004,1.2146294915089133
63.96,entertainment,62,FL,tablet,1,0,5,10,12,6,1,1,97.749972,-33.789972,0.6543224313729479
29.01,fuel,60,IL,desktop,2,0,18,24,2,5,1,0,97.749972,-68.739972,0.2967775755805068
53.52,fashion,21,CA,desktop,3,0,23,22,1,5,1,1,97.749972,-44.229972,0.5475193328186393
67.78,grocery,40,TX,desktop,1,0,1,3,5,2,0,1,97.749972,-29.969972,0.6934017260546967
58.2,electronics,63,TX,tablet,4,0,20,25,1,2,0,0,97.749972,-39.549972,0.5953965838947086
12.5,fuel,69,CA,desktop,2,0,3,16,12,5,1,1,97.749972,-85.249972,0.12787727317326217
8.95,electronics,52,FL,mobile,3,0,14,3,6,5,1,0,97.749972,-88.799972,0.0915601275920557
13.56,entertainment,18,NY,mobile,2,0,3,9,10,0,0,1,97.749972,-84.189972,0.1387212659383548
68.91,fuel,50,TX,desktop,0,0,8,6,8,6,1,0,97.749972,-28.839972000000003,0.7049618315495596
85.13,fashion,26,FL,mobile,1,0,8,23,10,0,0,0,97.749972,-12.619972000000004,0.8708953812191845
13.27,grocery,62,NY,tablet,2,0,13,11,10,4,0,0,97.749972,-84.479972,0.13575451320073512
68.53,fuel,22,IL,mobile,3,0,13,14,3,3,0,0,97.749972,-29.219972,0.7010743624450925
11.04,grocery,53,IL,mobile,2,0,4,23,1,0,0,1,97.749972,-86.709972,0.11294120766662513
58.0,fuel,63,TX,desktop,2,0,2,27,1,3,0,1,97.749972,-39.749972,0.5933505475239365
251.99,grocery,41,CA,mobile,2,0,7,2,2,3,0,0,97.749972,154.240028,2.5779035253544267
15.21,fashion,33,IL,desktop,7,0,1,5,11,1,0,1,97.749972,-82.539972,0.1556010659972254
156.0,grocery,61,NY,desktop,3,0,4,3,7,6,1,1,97.749972,58.250028,1.5959083692023117
30.05,electronics,39,CA,desktop,1,0,1,15,5,0,0,1,97.749972,-67.699972,0.30741696470852226
34.9,electronics,58,NY,desktop,4,0,13,3,2,4,0,0,97.749972,-62.849972,0.35703334669974796
14.03,grocery,22,FL,desktop,5,0,2,27,4,3,0,1,97.749972,-83.719972,0.14352945140966944
33.73,entertainment,19,FL,tablet,3,0,3,19,5,3,0,1,97.749972,-64.019972,0.3450640339307306
151.45,grocery,43,CA,tablet,3,0,4,12,6,2,0,1,97.749972,53.70002799999999,1.549361041767244
43.22,grocery,60,IL,mobile,3,0,2,19,4,1,0,1,97.749972,-54.529972,0.44214845972387123
209.28,electronics,55,NY,desktop,2,0,7,24,12,5,1,0,97.749972,111.530028,2.1409724583760243
60.65,fashion,46,IL,desktop,2,0,23,27,2,1,0,1,97.749972,-37.099972,0.620460529436668
77.58,fashion,62,CA,tablet,3,0,7,16,10,6,1,0,97.749972,-20.169972,0.7936575082225342
76.05,fuel,31,TX,desktop,2,0,8,31,10,1,0,0,97.749972,-21.699972000000002,0.7780053299861269
69.43,fuel,23,NY,desktop,5,0,18,6,3,2,0,0,97.749972,-28.319971999999993,0.7102815261135674
184.64,fashion,28,FL,tablet,2,0,7,30,1,1,0,0,97.749972,86.89002799999999,1.8889007774968898
46.24,fuel,31,CA,tablet,2,0,2,21,11,3,0,1,97.749972,-51.509972,0.4730436089225314
5.82,grocery,54,FL,mobile,4,0,6,13,12,1,0,0,97.749972,-91.92997199999999,0.05953965838947087
13.54,electronics,36,CA,mobile,5,0,20,30,5,3,0,0,97.749972,-84.209972,0.13851666230127757
23.53,electronics,43,NY,mobile,3,0,11,17,10,3,0,0,97.749972,-74.219972,0.2407161790213487
40.28,grocery,62,CA,tablet,1,0,13,27,10,3,0,0,97.749972,-57.469972,0.41207172507351997
77.98,fashion,52,NY,mobile,2,0,19,5,5,3,0,0,97.749972,-19.769971999999996,0.7977495809640787
54.9,fashion,29,NY,mobile,4,0,8,6,4,3,0,0,97.749972,-42.849972,0.5616369837769674
234.72,electronics,18,NY,tablet,5,0,12,10,6,5,1,0,97.749972,136.970028,2.4012282847382473
15.53,entertainment,40,NY,mobile,4,0,22,30,3,5,1,1,97.749972,-82.219972,0.1588747241904609
174.37,electronics,29,CA,desktop,4,0,17,18,8,6,1,0,97.749972,76.620028,1.783836809857738
83.93,entertainment,62,TX,tablet,1,0,1,4,5,2,0,1,97.749972,-13.819971999999993,0.8586191629945515
32.93,grocery,33,NY,mobile,6,0,14,10,12,6,1,0,97.749972,-64.819972,0.33687988844764183
90.17,fuel,51,IL,tablet,1,0,23,2,1,1,0,1,97.749972,-7.579971999999998,0.9224554977626439
5.14,grocery,40,NY,tablet,2,0,8,5,9,3,0,0,97.749972,-92.609972,0.0525831347288454
53.8,grocery,56,IL,tablet,1,0,14,23,2,3,0,0,97.749972,-43.949972,0.5503837837377203
4.81,fuel,28,IL,desktop,2,0,16,31,10,3,0,0,97.749972,-92.939972,0.04920717471707128
35.66,fashion,48,TX,desktop,2,0,22,15,1,5,1,1,97.749972,-62.089972,0.3648082849086823
81.43,electronics,26,NY,tablet,5,1,14,25,6,5,1,0,97.749972,-16.319971999999993,0.833043708359899
21.83,electronics,45,TX,tablet,1,0,1,28,3,1,0,1,97.749972,-75.919972,0.22332486986978503
133.07,fashion,30,FL,mobile,2,0,0,12,3,5,1,1,97.749972,35.32002799999999,1.3613302992932796
202.27,grocery,56,FL,mobile,7,0,8,10,11,3,0,0,97.749972,104.52002800000001,2.069258883580459
27.06,entertainment,67,IL,tablet,3,0,11,27,4,3,0,0,97.749972,-70.689972,0.2768287209654779
153.75,fashion,22,IL,tablet,7,0,13,10,1,2,0,0,97.749972,56.000028,1.5728904600311246
21.69,grocery,30,TX,mobile,3,0,13,22,6,2,0,0,97.749972,-76.059972,0.2218926444102445
185.12,entertainment,32,TX,desktop,5,0,7,7,7,3,0,0,97.749972,87.370028,1.8938112647867433
65.97,electronics,44,CA,desktop,5,0,17,16,1,6,1,0,97.749972,-31.779972,0.6748850968992084
0.26,electronics,25,NY,tablet,7,0,3,20,10,4,0,1,97.749972,-97.489972,0.002659847282003853
490.38,fuel,29,IL,desktop,2,0,22,11,7,3,0,1,97.749972,392.630028,5.0166765774963435
262.23,fashion,62,FL,mobile,1,0,12,17,6,4,0,0,97.749972,164.480028,2.682660587537963
11.15,grocery,57,FL,mobile,4,0,23,20,11,0,0,1,97.749972,-86.599972,0.11406652767054985
76.01,electronics,37,TX,desktop,4,0,18,13,12,4,0,0,97.749972,-21.739971999999995,0.7775961227119725
133.72,electronics,40,FL,mobile,3,0,15,7,7,6,1,0,97.749972,35.970028,1.3679799174982892
37.02,grocery,42,IL,desktop,3,0,0,20,9,1,0,1,97.749972,-60.729972,0.37872133222993326
209.23,electronics,67,IL,mobile,0,0,6,30,10,2,0,0,97.749972,111.48002799999999,2.140460949283331
118.22,entertainment,49,NY,mobile,2,0,9,9,7,1,0,0,97.749972,20.470028,1.2094120987634442
172.51,grocery,38,TX,tablet,3,0,17,21,12,5,1,0,97.749972,74.76002799999999,1.7648086716095563
17.02,electronics,66,TX,tablet,2,0,6,11,6,1,0,0,97.749972,-80.729972,0.17411769515271375
9.61,entertainment,18,FL,mobile,5,0,13,2,2,4,0,0,97.749972,-88.139972,0.09831204761560394
63.05,fashion,69,CA,desktop,5,0,12,20,7,3,0,0,97.749972,-34.699972,0.6450129658859343
123.55,fashion,42,FL,desktop,5,0,14,1,3,2,0,0,97.749972,25.800027999999998,1.2639389680445232
7.93,grocery,49,CA,tablet,2,0,0,4,3,5,1,1,97.749972,-89.819972,0.0811253421011175
39.23,fuel,52,CA,desktop,3,0,3,15,10,6,1,1,97.749972,-58.519972,0.40133003412696594
6.97,fashion,29,IL,tablet,2,0,20,6,3,6,1,0,97.749972,-90.779972,0.07130436752141098
112.64,electronics,36,NY,tablet,6,0,21,3,3,6,1,0,97.749972,14.890028000000001,1.1523276840189
117.32,fuel,26,CA,desktop,1,0,20,27,3,6,1,0,97.749972,19.570027999999994,1.2002049350949693
218.23,entertainment,58,FL,desktop,6,0,14,22,12,4,0,0,97.749972,120.48002799999999,2.23253258596808
44.65,fuel,43,IL,mobile,4,0,1,6,12,4,0,1,97.749972,-53.099972,0.4567776197748924
